date,open,high,low,close,adjclose,volume,source
2015-04-24,18.456632614135742,19.428035736083984,15.7852783203125,16.75667953491211,16.75667953491211,19796128,yahoo
2015-04-27,16.999530792236328,19.136613845825195,16.85382080078125,18.942333221435547,18.942333221435547,4812050,yahoo
2015-04-28,19.379465103149414,19.768024444580078,18.505203247070312,18.84519386291504,18.84519386291504,2865662,yahoo
2015-04-29,19.088043212890625,19.088043212890625,17.77665138244629,18.456632614135742,18.456632614135742,1827766,yahoo
2015-04-30,18.505203247070312,18.60234260559082,17.77665138244629,17.77665138244629,17.77665138244629,781161,yahoo
2015-05-04,17.87379264831543,17.922361373901367,16.562400817871094,16.999530792236328,16.999530792236328,1596050,yahoo
2015-05-05,16.950960159301758,16.950960159301758,16.222408294677734,16.513830184936523,16.513830184936523,886625,yahoo
2015-05-06,16.319549560546875,16.999530792236328,16.125268936157227,16.708110809326172,16.708110809326172,1205369,yahoo
2015-05-07,16.6595401763916,16.902389526367188,16.02812957763672,16.85382080078125,16.85382080078125,816788,yahoo
2015-05-08,16.902389526367188,17.436660766601562,16.513830184936523,17.339521408081055,17.339521408081055,449842,yahoo
2015-05-11,17.485231399536133,17.53380012512207,17.096670150756836,17.388090133666992,17.388090133666992,338039,yahoo
2015-05-12,17.290950775146484,17.290950775146484,16.61096954345703,16.85382080078125,16.85382080078125,205268,yahoo
2015-05-13,16.75667953491211,17.388090133666992,16.75667953491211,16.80525016784668,16.80525016784668,230016,yahoo
2015-05-15,16.902389526367188,17.0481014251709,16.562400817871094,16.562400817871094,16.562400817871094,150265,yahoo
2015-05-18,16.6595401763916,16.80525016784668,16.416688919067383,16.465259552001953,16.465259552001953,298488,yahoo
2015-05-19,16.465259552001953,17.145240783691406,16.465259552001953,16.902389526367188,16.902389526367188,311681,yahoo
2015-05-20,16.999530792236328,17.436660766601562,16.75667953491211,17.290950775146484,17.290950775146484,338376,yahoo
2015-05-21,17.290950775146484,17.87379264831543,17.193811416625977,17.485231399536133,17.485231399536133,285247,yahoo
2015-05-22,18.69948387145996,20.108015060424805,18.69948387145996,18.990903854370117,18.990903854370117,2143065,yahoo
2015-05-25,19.330894470214844,21.370838165283203,19.233755111694336,21.370838165283203,21.370838165283203,1121554,yahoo
2015-05-26,21.56511878967285,24.236473083496094,20.93370819091797,21.7593994140625,21.7593994140625,2929395,yahoo
2015-05-27,22.245100021362305,23.313642501831055,22.050819396972656,22.82794189453125,22.82794189453125,1257695,yahoo
2015-05-28,23.070791244506836,23.216501235961914,22.390810012817383,22.390810012817383,22.390810012817383,677723,yahoo
2015-05-29,22.6336612701416,23.60506248474121,21.51654815673828,21.807968139648438,21.807968139648438,1543048,yahoo
2015-06-01,21.856538772583008,22.73080062866211,21.856538772583008,22.245100021362305,22.245100021362305,534077,yahoo
2015-06-02,22.439380645751953,22.73080062866211,22.245100021362305,22.342239379882812,22.342239379882812,262017,yahoo
2015-06-03,22.342239379882812,22.48794937133789,21.905109405517578,21.905109405517578,21.905109405517578,266870,yahoo
2015-06-04,21.856538772583008,21.856538772583008,20.69085693359375,20.836566925048828,20.836566925048828,737793,yahoo
2015-06-05,20.836566925048828,20.836566925048828,19.81659507751465,20.010875701904297,20.010875701904297,636772,yahoo
2015-06-08,20.73942756652832,21.322267532348633,20.302295684814453,20.98227882385254,20.98227882385254,961192,yahoo
2015-06-09,21.079418182373047,21.127988815307617,20.156585693359375,20.399436950683594,20.399436950683594,368403,yahoo
2015-06-10,20.399436950683594,20.448007583618164,19.86516571044922,20.059446334838867,20.059446334838867,464096,yahoo
2015-06-11,20.108015060424805,20.448007583618164,19.86516571044922,19.91373634338379,19.91373634338379,202377,yahoo
2015-06-12,20.156585693359375,20.302295684814453,19.233755111694336,19.330894470214844,19.330894470214844,412496,yahoo
2015-06-15,19.282325744628906,19.282325744628906,18.068071365356445,18.553773880004883,18.553773880004883,495218,yahoo
2015-06-16,18.408063888549805,19.088043212890625,17.77665138244629,18.942333221435547,18.942333221435547,691250,yahoo
2015-06-17,20.059446334838867,20.836566925048828,19.476604461669922,19.67088508605957,19.67088508605957,678071,yahoo
2015-06-18,19.67088508605957,19.91373634338379,19.282325744628906,19.476604461669922,19.476604461669922,296686,yahoo
2015-06-22,19.81659507751465,20.253725051879883,19.282325744628906,19.525175094604492,19.525175094604492,469708,yahoo
2015-06-23,19.768024444580078,19.91373634338379,19.67088508605957,19.768024444580078,19.768024444580078,293481,yahoo
2015-06-24,19.768024444580078,19.768024444580078,19.379465103149414,19.622314453125,19.622314453125,251918,yahoo
2015-06-25,19.67088508605957,19.768024444580078,19.476604461669922,19.622314453125,19.622314453125,101138,yahoo
2015-06-26,19.67088508605957,19.71945571899414,19.185184478759766,19.573745727539062,19.573745727539062,191869,yahoo
2015-06-29,18.89376449584961,19.282325744628906,17.970932006835938,19.039474487304688,19.039474487304688,286872,yahoo
2015-06-30,18.942333221435547,19.525175094604492,18.310922622680664,19.330894470214844,19.330894470214844,362622,yahoo
2015-07-01,19.71945571899414,20.399436950683594,19.573745727539062,20.156585693359375,20.156585693359375,207996,yahoo
2015-07-02,20.108015060424805,20.399436950683594,19.91373634338379,20.156585693359375,20.156585693359375,125766,yahoo
2015-07-03,20.156585693359375,20.350866317749023,19.476604461669922,19.573745727539062,19.573745727539062,111360,yahoo
2015-07-06,19.330894470214844,19.330894470214844,18.60234260559082,19.088043212890625,19.088043212890625,188305,yahoo
2015-07-07,18.990903854370117,19.136613845825195,18.262353897094727,18.310922622680664,18.310922622680664,205297,yahoo
2015-07-08,18.408063888549805,18.69948387145996,18.068071365356445,18.213783264160156,18.213783264160156,283695,yahoo
2015-07-09,18.456632614135742,18.89376449584961,18.456632614135742,18.60234260559082,18.60234260559082,137702,yahoo
2015-07-10,19.039474487304688,19.330894470214844,18.79662322998047,18.84519386291504,18.84519386291504,163314,yahoo
2015-07-13,19.039474487304688,20.253725051879883,19.039474487304688,19.428035736083984,19.428035736083984,228249,yahoo
2015-07-14,19.67088508605957,19.768024444580078,19.185184478759766,19.330894470214844,19.330894470214844,167094,yahoo
2015-07-15,19.428035736083984,19.428035736083984,18.69948387145996,18.84519386291504,18.84519386291504,132066,yahoo
2015-07-16,19.71945571899414,20.205156326293945,19.573745727539062,19.67088508605957,19.67088508605957,393507,yahoo
2015-07-17,20.156585693359375,20.156585693359375,19.185184478759766,19.71945571899414,19.71945571899414,305140,yahoo
2015-07-20,20.059446334838867,20.059446334838867,19.330894470214844,19.573745727539062,19.573745727539062,437192,yahoo
2015-07-21,19.573745727539062,19.573745727539062,19.185184478759766,19.428035736083984,19.428035736083984,193857,yahoo
2015-07-22,19.428035736083984,19.525175094604492,19.088043212890625,19.476604461669922,19.476604461669922,135039,yahoo
2015-07-23,19.428035736083984,19.476604461669922,19.330894470214844,19.379465103149414,19.379465103149414,141663,yahoo
2015-07-24,19.525175094604492,19.81659507751465,19.379465103149414,19.622314453125,19.622314453125,272480,yahoo
2015-07-27,19.622314453125,19.622314453125,18.942333221435547,19.428035736083984,19.428035736083984,193872,yahoo
2015-07-28,19.428035736083984,20.010875701904297,19.428035736083984,19.67088508605957,19.67088508605957,147121,yahoo
2015-07-29,19.86516571044922,19.86516571044922,19.476604461669922,19.81659507751465,19.81659507751465,60456,yahoo
2015-07-30,19.86516571044922,19.86516571044922,19.428035736083984,19.573745727539062,19.573745727539062,89960,yahoo
2015-07-31,19.67088508605957,19.768024444580078,19.330894470214844,19.622314453125,19.622314453125,69987,yahoo
2015-08-03,19.622314453125,20.98227882385254,19.622314453125,20.836566925048828,20.836566925048828,407394,yahoo
2015-08-04,21.079418182373047,21.127988815307617,20.205156326293945,20.787996292114258,20.787996292114258,320038,yahoo
2015-08-05,20.98227882385254,23.79934310913086,20.545146942138672,22.245100021362305,22.245100021362305,2156592,yahoo
2015-08-06,22.77937126159668,22.77937126159668,22.390810012817383,22.58509063720703,22.58509063720703,516686,yahoo
2015-08-07,22.58509063720703,22.58509063720703,21.953678131103516,22.245100021362305,22.245100021362305,330061,yahoo
2015-08-10,22.973651885986328,23.410781860351562,22.6336612701416,23.022220611572266,23.022220611572266,944931,yahoo
2015-08-11,23.362211227416992,24.892169952392578,23.313642501831055,24.236473083496094,24.236473083496094,838756,yahoo
2015-08-12,24.52789306640625,26.227846145629883,23.79934310913086,25.984996795654297,25.984996795654297,915936,yahoo
2015-08-13,26.227846145629883,26.59212303161621,25.377870559692383,25.863571166992188,25.863571166992188,587793,yahoo
2015-08-14,25.984996795654297,26.227846145629883,24.77074432373047,25.256444931030273,25.256444931030273,407563,yahoo
2015-08-17,25.256444931030273,25.984996795654297,24.285043716430664,24.285043716430664,24.285043716430664,346141,yahoo
2015-08-18,24.892169952392578,25.6207218170166,24.285043716430664,25.499296188354492,25.499296188354492,588701,yahoo
2015-08-19,25.6207218170166,25.984996795654297,24.77074432373047,24.892169952392578,24.892169952392578,592420,yahoo
2015-08-20,24.77074432373047,24.77074432373047,23.410781860351562,23.75077247619629,23.75077247619629,508448,yahoo
2015-08-21,23.216501235961914,23.216501235961914,22.099390029907227,22.245100021362305,22.245100021362305,929088,yahoo
2015-08-24,20.836566925048828,21.71082878112793,19.525175094604492,21.273698806762695,21.273698806762695,1525628,yahoo
2015-08-25,21.56511878967285,22.73080062866211,21.51654815673828,22.099390029907227,22.099390029907227,692854,yahoo
2015-08-26,22.099390029907227,22.58509063720703,21.176557540893555,22.293670654296875,22.293670654296875,308160,yahoo
2015-08-27,22.82794189453125,23.070791244506836,22.050819396972656,22.48794937133789,22.48794937133789,591479,yahoo
2015-08-28,22.6336612701416,22.82794189453125,22.147960662841797,22.6336612701416,22.6336612701416,905981,yahoo
2015-08-31,22.6336612701416,22.973651885986328,22.099390029907227,22.973651885986328,22.973651885986328,344829,yahoo
2015-09-01,22.82794189453125,22.82794189453125,22.050819396972656,22.58509063720703,22.58509063720703,213981,yahoo
2015-09-02,22.536521911621094,23.022220611572266,22.536521911621094,22.82794189453125,22.82794189453125,202007,yahoo
2015-09-03,22.82794189453125,23.55649185180664,22.82794189453125,23.362211227416992,23.362211227416992,257782,yahoo
2015-09-04,23.265071868896484,23.265071868896484,22.6336612701416,22.73080062866211,22.73080062866211,172120,yahoo
2015-09-07,23.022220611572266,23.070791244506836,22.6336612701416,22.6336612701416,22.6336612701416,172161,yahoo
2015-09-08,22.682231903076172,22.973651885986328,22.536521911621094,22.77937126159668,22.77937126159668,175711,yahoo
2015-09-09,22.925081253051758,23.84791374206543,22.536521911621094,22.73080062866211,22.73080062866211,280328,yahoo
2015-09-10,22.439380645751953,22.439380645751953,21.953678131103516,21.953678131103516,21.953678131103516,284343,yahoo
2015-09-11,22.439380645751953,22.58509063720703,22.245100021362305,22.245100021362305,22.245100021362305,199470,yahoo
2015-09-14,22.58509063720703,22.73080062866211,21.7593994140625,21.807968139648438,21.807968139648438,152482,yahoo
2015-09-15,21.51654815673828,21.953678131103516,21.079418182373047,21.613689422607422,21.613689422607422,540900,yahoo
2015-09-16,21.66225814819336,22.82794189453125,21.66225814819336,22.48794937133789,22.48794937133789,334026,yahoo
2015-09-17,22.48794937133789,22.925081253051758,22.439380645751953,22.48794937133789,22.48794937133789,290779,yahoo
2015-09-18,22.48794937133789,22.48794937133789,21.856538772583008,22.342239379882812,22.342239379882812,278562,yahoo
2015-09-21,22.342239379882812,22.73080062866211,21.856538772583008,22.245100021362305,22.245100021362305,106652,yahoo
2015-09-22,22.439380645751953,22.536521911621094,21.807968139648438,21.905109405517578,21.905109405517578,249147,yahoo
2015-09-23,22.82794189453125,23.79934310913086,22.439380645751953,23.070791244506836,23.070791244506836,646766,yahoo
2015-09-24,23.265071868896484,23.313642501831055,22.73080062866211,22.973651885986328,22.973651885986328,246907,yahoo
2015-09-25,23.119361877441406,23.265071868896484,22.876510620117188,22.973651885986328,22.973651885986328,135013,yahoo
2015-09-28,22.973651885986328,23.119361877441406,22.147960662841797,22.293670654296875,22.293670654296875,241943,yahoo
2015-09-29,21.905109405517578,22.293670654296875,21.7593994140625,22.293670654296875,22.293670654296875,217924,yahoo
2015-09-30,22.342239379882812,22.682231903076172,22.293670654296875,22.439380645751953,22.439380645751953,209643,yahoo
2015-10-01,22.439380645751953,23.216501235961914,22.439380645751953,23.022220611572266,23.022220611572266,233264,yahoo
2015-10-02,23.022220611572266,23.265071868896484,22.6336612701416,22.77937126159668,22.77937126159668,118651,yahoo
2015-10-05,23.167932510375977,24.042192459106445,22.973651885986328,23.84791374206543,23.84791374206543,340260,yahoo
2015-10-06,23.84791374206543,25.256444931030273,23.50792121887207,25.256444931030273,25.256444931030273,361564,yahoo
2015-10-07,25.256444931030273,25.742145538330078,24.64931869506836,24.64931869506836,24.64931869506836,275117,yahoo
2015-10-08,24.892169952392578,25.499296188354492,24.64931869506836,25.135019302368164,25.135019302368164,133917,yahoo
2015-10-09,25.499296188354492,25.499296188354492,24.52789306640625,24.892169952392578,24.892169952392578,130205,yahoo
2015-10-12,25.013595581054688,25.013595581054688,24.285043716430664,24.64931869506836,24.64931869506836,98978,yahoo
2015-10-13,24.64931869506836,24.64931869506836,24.042192459106445,24.285043716430664,24.285043716430664,108988,yahoo
2015-10-14,24.285043716430664,24.64931869506836,24.139333724975586,24.285043716430664,24.285043716430664,100778,yahoo
2015-10-15,24.406469345092773,27.80637550354004,24.285043716430664,27.68494987487793,27.68494987487793,743527,yahoo
2015-10-16,27.80637550354004,29.384902954101562,26.95639991760254,28.413501739501953,28.413501739501953,1062686,yahoo
2015-10-19,28.65635108947754,29.384902954101562,27.44209861755371,27.68494987487793,27.68494987487793,494786,yahoo
2015-10-20,28.413501739501953,28.413501739501953,26.71354866027832,27.80637550354004,27.80637550354004,468139,yahoo
2015-10-21,27.80637550354004,28.049226760864258,27.199249267578125,27.44209861755371,27.44209861755371,242426,yahoo
2015-10-22,27.320674896240234,29.263477325439453,27.320674896240234,28.049226760864258,28.049226760864258,677073,yahoo
2015-10-23,28.413501739501953,29.020626068115234,28.292076110839844,28.77777671813965,28.77777671813965,514928,yahoo
2015-10-26,29.142053604125977,29.506328582763672,28.77777671813965,29.142053604125977,29.142053604125977,789312,yahoo
2015-10-27,29.263477325439453,31.570556640625,29.142053604125977,31.449132919311523,31.449132919311523,1292449,yahoo
2015-10-28,31.934833526611328,34.48476028442383,31.206281661987305,31.570556640625,31.570556640625,1836193,yahoo
2015-10-29,32.54195785522461,32.78480911254883,31.570556640625,32.4205322265625,32.4205322265625,465689,yahoo
2015-10-30,33.39193344116211,33.999061584472656,33.02766036987305,33.87763595581055,33.87763595581055,879627,yahoo
2015-11-02,34.241912841796875,37.884666442871094,34.120487213134766,35.820438385009766,35.820438385009766,1870608,yahoo
2015-11-03,38.85607147216797,38.85607147216797,35.941864013671875,36.67041778564453,36.67041778564453,2309184,yahoo
2015-11-04,37.884666442871094,38.00609588623047,33.999061584472656,34.48476028442383,34.48476028442383,2283734,yahoo
2015-11-05,34.48476028442383,34.849037170410156,32.05625915527344,34.72761154174805,34.72761154174805,1881254,yahoo
2015-11-06,35.69901657104492,36.3061408996582,34.970462799072266,36.184715270996094,36.184715270996094,904365,yahoo
2015-11-09,36.913265228271484,37.884666442871094,36.67041778564453,37.1561164855957,37.1561164855957,995462,yahoo
2015-11-10,37.52039337158203,37.76324462890625,35.334739685058594,35.334739685058594,35.334739685058594,837373,yahoo
2015-11-11,35.820438385009766,36.184715270996094,35.091888427734375,35.334739685058594,35.334739685058594,722623,yahoo
2015-11-12,35.57758712768555,35.57758712768555,34.120487213134766,35.4561653137207,35.4561653137207,814855,yahoo
2015-11-13,35.57758712768555,37.76324462890625,34.6061897277832,36.063289642333984,36.063289642333984,833803,yahoo
2015-11-16,35.941864013671875,36.791839599609375,34.970462799072266,36.67041778564453,36.67041778564453,674604,yahoo
2015-11-17,36.67041778564453,37.27754211425781,36.67041778564453,36.913265228271484,36.913265228271484,630688,yahoo
2015-11-18,37.1561164855957,37.27754211425781,36.67041778564453,37.1561164855957,37.1561164855957,250240,yahoo
2015-11-19,34.363338470458984,35.4561653137207,34.241912841796875,34.6061897277832,34.6061897277832,24211539,yahoo
2015-11-20,34.849037170410156,34.970462799072266,34.48476028442383,34.6061897277832,34.6061897277832,1026347,yahoo
2015-11-23,34.72761154174805,34.72761154174805,32.78480911254883,33.39193344116211,33.39193344116211,1871944,yahoo
2015-11-24,33.270511627197266,33.39193344116211,31.69198226928711,32.17768478393555,32.17768478393555,3114589,yahoo
2015-11-25,32.29910659790039,32.90623474121094,32.17768478393555,32.4205322265625,32.4205322265625,832582,yahoo
2015-11-26,32.4205322265625,33.513362884521484,32.4205322265625,33.39193344116211,33.39193344116211,672566,yahoo
2015-11-27,33.39193344116211,33.87763595581055,32.90623474121094,33.513362884521484,33.513362884521484,598147,yahoo
2015-11-30,33.39193344116211,33.87763595581055,32.90623474121094,33.513362884521484,33.513362884521484,598147,yahoo
2015-12-01,34.72761154174805,34.970462799072266,33.63478469848633,34.241912841796875,34.241912841796875,579020,yahoo
2015-12-02,34.241912841796875,34.48476028442383,33.75621032714844,34.120487213134766,34.120487213134766,397757,yahoo
2015-12-03,34.120487213134766,34.120487213134766,33.149085998535156,33.513362884521484,33.513362884521484,1005439,yahoo
2015-12-04,33.270511627197266,33.63478469848633,32.78480911254883,32.90623474121094,32.90623474121094,404872,yahoo
2015-12-07,33.02766036987305,33.513362884521484,32.29910659790039,32.90623474121094,32.90623474121094,458829,yahoo
2015-12-08,32.90623474121094,33.02766036987305,31.206281661987305,31.934833526611328,31.934833526611328,554295,yahoo
2015-12-09,31.69198226928711,31.81340789794922,30.59915542602539,31.449132919311523,31.449132919311523,827550,yahoo
2015-12-10,31.449132919311523,32.90623474121094,30.84200668334961,32.29910659790039,32.29910659790039,652854,yahoo
2015-12-11,33.02766036987305,33.02766036987305,29.870603561401367,31.084856033325195,31.084856033325195,752240,yahoo
2015-12-14,31.206281661987305,31.206281661987305,29.263477325439453,30.356304168701172,30.356304168701172,1277378,yahoo
2015-12-15,30.356304168701172,32.17768478393555,30.356304168701172,31.81340789794922,31.81340789794922,420925,yahoo
2015-12-16,32.78480911254883,36.67041778564453,31.81340789794922,36.67041778564453,36.67041778564453,1514199,yahoo
2015-12-17,41.284576416015625,42.255977630615234,34.120487213134766,34.48476028442383,34.48476028442383,11525317,yahoo
2015-12-18,34.241912841796875,34.72761154174805,32.29910659790039,32.78480911254883,32.78480911254883,3710532,yahoo
2015-12-21,33.149085998535156,33.149085998535156,31.570556640625,32.05625915527344,32.05625915527344,1374613,yahoo
2015-12-22,32.17768478393555,32.4205322265625,31.084856033325195,32.05625915527344,32.05625915527344,1196549,yahoo
2015-12-23,32.4205322265625,32.54195785522461,31.570556640625,32.17768478393555,32.17768478393555,608397,yahoo
2015-12-28,32.54195785522461,32.90623474121094,31.69198226928711,32.29910659790039,32.29910659790039,595255,yahoo
2015-12-29,32.29910659790039,33.149085998535156,32.17768478393555,32.90623474121094,32.90623474121094,677952,yahoo
2015-12-30,33.270511627197266,33.270511627197266,31.934833526611328,32.66338348388672,32.66338348388672,709918,yahoo
2016-01-04,32.05625915527344,33.75621032714844,31.084856033325195,32.05625915527344,32.05625915527344,1671059,yahoo
2016-01-05,32.4205322265625,32.66338348388672,31.570556640625,31.81340789794922,31.81340789794922,519686,yahoo
2016-01-07,31.327707290649414,31.327707290649414,30.113454818725586,30.84200668334961,30.84200668334961,1102956,yahoo
2016-01-08,30.963430404663086,31.570556640625,28.899202346801758,29.74917984008789,29.74917984008789,1170893,yahoo
2016-01-11,29.263477325439453,29.62775230407715,28.413501739501953,28.53492546081543,28.53492546081543,1447718,yahoo
2016-01-12,28.53492546081543,28.77777671813965,26.95639991760254,27.320674896240234,27.320674896240234,1139404,yahoo
2016-01-13,27.56352424621582,28.292076110839844,25.013595581054688,25.499296188354492,25.499296188354492,2380222,yahoo
2016-01-14,24.892169952392578,26.71354866027832,23.896482467651367,26.4706974029541,26.4706974029541,3027567,yahoo
2016-01-15,26.71354866027832,26.71354866027832,24.042192459106445,24.285043716430664,24.285043716430664,2356542,yahoo
2016-01-18,24.52789306640625,25.377870559692383,23.896482467651367,25.013595581054688,25.013595581054688,1346468,yahoo
2016-01-19,25.6207218170166,26.349271774291992,25.377870559692383,25.742145538330078,25.742145538330078,2156244,yahoo
2016-01-20,25.256444931030273,25.6207218170166,24.285043716430664,24.406469345092773,24.406469345092773,1266890,yahoo
2016-01-21,24.52789306640625,25.256444931030273,23.313642501831055,24.892169952392578,24.892169952392578,1333954,yahoo
2016-01-22,25.6207218170166,26.227846145629883,25.013595581054688,25.499296188354492,25.499296188354492,1352412,yahoo
2016-01-25,25.863571166992188,25.984996795654297,25.013595581054688,25.135019302368164,25.135019302368164,645932,yahoo
2016-01-26,24.77074432373047,26.227846145629883,24.406469345092773,25.6207218170166,25.6207218170166,841229,yahoo
2016-01-27,25.742145538330078,26.106422424316406,24.406469345092773,24.52789306640625,24.52789306640625,1650460,yahoo
2016-01-28,24.406469345092773,24.892169952392578,23.362211227416992,23.60506248474121,23.60506248474121,1076753,yahoo
2016-01-29,23.945053100585938,24.236473083496094,22.925081253051758,23.459352493286133,23.459352493286133,785872,yahoo
2016-02-01,23.79934310913086,24.406469345092773,23.60506248474121,23.945053100585938,23.945053100585938,718188,yahoo
2016-02-02,24.090763092041016,24.236473083496094,22.973651885986328,23.410781860351562,23.410781860351562,642718,yahoo
2016-02-03,23.410781860351562,25.499296188354492,23.119361877441406,24.139333724975586,24.139333724975586,2169981,yahoo
2016-02-04,24.77074432373047,24.77074432373047,23.75077247619629,23.896482467651367,23.896482467651367,535912,yahoo
2016-02-05,24.139333724975586,24.236473083496094,23.362211227416992,23.362211227416992,23.362211227416992,443159,yahoo
2016-02-08,23.410781860351562,23.55649185180664,21.613689422607422,21.7593994140625,21.7593994140625,1167731,yahoo
2016-02-09,21.613689422607422,21.856538772583008,20.205156326293945,21.7593994140625,21.7593994140625,1200391,yahoo
2016-02-10,21.807968139648438,22.58509063720703,21.225128173828125,21.953678131103516,21.953678131103516,693233,yahoo
2016-02-11,21.7593994140625,22.342239379882812,21.127988815307617,21.467979431152344,21.467979431152344,405494,yahoo
2016-02-12,21.807968139648438,23.65363311767578,21.613689422607422,22.82794189453125,22.82794189453125,1075495,yahoo
2016-02-15,24.187904357910156,24.285043716430664,23.50792121887207,24.236473083496094,24.236473083496094,1032672,yahoo
2016-02-16,25.256444931030273,26.227846145629883,23.070791244506836,23.60506248474121,23.60506248474121,1912395,yahoo
2016-02-17,24.52789306640625,28.170650482177734,24.090763092041016,27.68494987487793,27.68494987487793,5740522,yahoo
2016-02-18,28.413501739501953,28.77777671813965,26.4706974029541,27.44209861755371,27.44209861755371,2141439,yahoo
2016-02-19,28.049226760864258,30.356304168701172,27.80637550354004,28.413501739501953,28.413501739501953,2858996,yahoo
2016-02-22,29.020626068115234,29.142053604125977,28.292076110839844,28.899202346801758,28.899202346801758,1152622,yahoo
2016-02-23,28.899202346801758,29.74917984008789,28.170650482177734,29.020626068115234,29.020626068115234,1050675,yahoo
2016-02-24,29.142053604125977,29.870603561401367,27.80637550354004,28.413501739501953,28.413501739501953,1252563,yahoo
2016-02-25,29.384902954101562,29.384902954101562,28.53492546081543,29.020626068115234,29.020626068115234,713727,yahoo
2016-02-26,27.199249267578125,28.53492546081543,26.95639991760254,27.44209861755371,27.44209861755371,21240391,yahoo
2016-02-29,27.44209861755371,27.56352424621582,26.349271774291992,27.199249267578125,27.199249267578125,1448167,yahoo
2016-03-01,27.077823638916016,27.927799224853516,26.71354866027832,27.44209861755371,27.44209861755371,652669,yahoo
2016-03-02,27.68494987487793,27.80637550354004,26.59212303161621,26.834972381591797,26.834972381591797,759934,yahoo
2016-03-03,26.834972381591797,27.077823638916016,25.6207218170166,25.863571166992188,25.863571166992188,963595,yahoo
2016-03-04,25.742145538330078,26.95639991760254,25.135019302368164,26.71354866027832,26.71354866027832,1285986,yahoo
2016-03-07,26.4706974029541,26.834972381591797,25.863571166992188,26.349271774291992,26.349271774291992,791921,yahoo
2016-03-08,26.227846145629883,26.59212303161621,25.742145538330078,25.984996795654297,25.984996795654297,336542,yahoo
2016-03-09,25.863571166992188,25.984996795654297,25.013595581054688,25.256444931030273,25.256444931030273,531028,yahoo
2016-03-10,25.499296188354492,25.984996795654297,24.406469345092773,24.406469345092773,24.406469345092773,802609,yahoo
2016-03-11,25.256444931030273,26.227846145629883,24.892169952392578,25.742145538330078,25.742145538330078,885133,yahoo
2016-03-14,26.106422424316406,26.71354866027832,25.984996795654297,26.349271774291992,26.349271774291992,520715,yahoo
2016-03-15,26.227846145629883,26.59212303161621,25.984996795654297,26.4706974029541,26.4706974029541,265929,yahoo
2016-03-16,26.71354866027832,26.95639991760254,26.59212303161621,26.71354866027832,26.71354866027832,441734,yahoo
2016-03-17,26.834972381591797,26.834972381591797,25.863571166992188,26.349271774291992,26.349271774291992,248204,yahoo
2016-03-18,26.4706974029541,26.4706974029541,25.863571166992188,26.106422424316406,26.106422424316406,136054,yahoo
2016-03-21,26.106422424316406,26.349271774291992,25.377870559692383,25.499296188354492,25.499296188354492,301949,yahoo
2016-03-22,25.377870559692383,25.6207218170166,24.64931869506836,25.499296188354492,25.499296188354492,609228,yahoo
2016-03-23,25.742145538330078,25.863571166992188,25.013595581054688,25.256444931030273,25.256444931030273,455792,yahoo
2016-03-24,25.256444931030273,25.499296188354492,24.892169952392578,25.135019302368164,25.135019302368164,206985,yahoo
2016-03-29,25.256444931030273,25.6207218170166,25.013595581054688,25.135019302368164,25.135019302368164,338774,yahoo
2016-03-30,25.377870559692383,26.71354866027832,25.377870559692383,26.4706974029541,26.4706974029541,464547,yahoo
2016-03-31,26.4706974029541,27.56352424621582,26.227846145629883,26.95639991760254,26.95639991760254,405529,yahoo
2016-04-01,26.71354866027832,26.71354866027832,25.742145538330078,25.742145538330078,25.742145538330078,200705,yahoo
2016-04-04,25.863571166992188,25.984996795654297,25.256444931030273,25.499296188354492,25.499296188354492,243359,yahoo
2016-04-05,25.256444931030273,25.499296188354492,24.77074432373047,25.135019302368164,25.135019302368164,277454,yahoo
2016-04-06,25.135019302368164,26.227846145629883,24.892169952392578,25.984996795654297,25.984996795654297,246573,yahoo
2016-04-07,25.984996795654297,26.4706974029541,25.863571166992188,25.863571166992188,25.863571166992188,497864,yahoo
2016-04-08,25.984996795654297,26.4706974029541,25.984996795654297,26.349271774291992,26.349271774291992,192046,yahoo
2016-04-11,26.4706974029541,27.68494987487793,26.4706974029541,27.68494987487793,27.68494987487793,675644,yahoo
2016-04-12,27.80637550354004,28.65635108947754,27.68494987487793,28.292076110839844,28.292076110839844,727997,yahoo
2016-04-13,28.53492546081543,28.65635108947754,27.80637550354004,27.927799224853516,27.927799224853516,325527,yahoo
2016-04-14,28.049226760864258,28.77777671813965,27.320674896240234,28.170650482177734,28.170650482177734,643010,yahoo
2016-04-15,28.292076110839844,28.53492546081543,27.68494987487793,27.927799224853516,27.927799224853516,304226,yahoo
2016-04-18,27.68494987487793,28.77777671813965,27.44209861755371,28.413501739501953,28.413501739501953,525430,yahoo
2016-04-19,28.413501739501953,28.65635108947754,27.80637550354004,28.049226760864258,28.049226760864258,418704,yahoo
2016-04-20,28.292076110839844,28.53492546081543,27.68494987487793,27.80637550354004,27.80637550354004,377079,yahoo
2016-04-21,27.927799224853516,28.049226760864258,26.834972381591797,27.199249267578125,27.199249267578125,254341,yahoo
2016-04-22,27.077823638916016,27.077823638916016,26.71354866027832,26.71354866027832,26.71354866027832,203067,yahoo
2016-04-25,26.834972381591797,26.95639991760254,25.984996795654297,26.227846145629883,26.227846145629883,315148,yahoo
2016-04-26,26.349271774291992,26.95639991760254,25.984996795654297,26.71354866027832,26.71354866027832,188480,yahoo
2016-04-27,26.95639991760254,26.95639991760254,26.59212303161621,26.834972381591797,26.834972381591797,314543,yahoo
2016-04-28,26.71354866027832,27.077823638916016,26.227846145629883,26.95639991760254,26.95639991760254,349072,yahoo
2016-04-29,26.95639991760254,27.199249267578125,26.227846145629883,26.71354866027832,26.71354866027832,239890,yahoo
2016-05-02,26.71354866027832,27.077823638916016,25.984996795654297,26.106422424316406,26.106422424316406,315185,yahoo
2016-05-03,26.106422424316406,26.834972381591797,25.984996795654297,26.834972381591797,26.834972381591797,399142,yahoo
2016-05-04,25.863571166992188,27.80637550354004,25.499296188354492,26.834972381591797,26.834972381591797,1140671,yahoo
2016-05-06,26.834972381591797,26.834972381591797,26.106422424316406,26.106422424316406,26.106422424316406,521022,yahoo
2016-05-09,26.227846145629883,27.199249267578125,25.984996795654297,26.71354866027832,26.71354866027832,796298,yahoo
2016-05-10,26.59212303161621,26.95639991760254,26.4706974029541,26.59212303161621,26.59212303161621,279917,yahoo
2016-05-11,26.71354866027832,26.834972381591797,25.984996795654297,26.227846145629883,26.227846145629883,632945,yahoo
2016-05-12,26.106422424316406,26.71354866027832,25.863571166992188,26.59212303161621,26.59212303161621,273518,yahoo
2016-05-13,26.59212303161621,27.927799224853516,26.349271774291992,27.077823638916016,27.077823638916016,306812,yahoo
2016-05-16,27.68494987487793,27.927799224853516,26.95639991760254,27.80637550354004,27.80637550354004,321417,yahoo
2016-05-17,27.80637550354004,28.53492546081543,27.80637550354004,28.53492546081543,28.53492546081543,359254,yahoo
2016-05-18,28.413501739501953,28.77777671813965,27.927799224853516,28.413501739501953,28.413501739501953,398961,yahoo
2016-05-19,28.53492546081543,28.53492546081543,28.049226760864258,28.170650482177734,28.170650482177734,245041,yahoo
2016-05-20,28.170650482177734,28.170650482177734,27.44209861755371,27.80637550354004,27.80637550354004,183732,yahoo
2016-05-23,27.80637550354004,28.53492546081543,27.68494987487793,28.413501739501953,28.413501739501953,715629,yahoo
2016-05-24,28.413501739501953,29.020626068115234,28.049226760864258,28.65635108947754,28.65635108947754,534073,yahoo
2016-05-25,28.77777671813965,28.899202346801758,28.413501739501953,28.77777671813965,28.77777671813965,265704,yahoo
2016-05-26,28.65635108947754,28.899202346801758,28.292076110839844,28.77777671813965,28.77777671813965,203997,yahoo
2016-05-27,28.899202346801758,30.963430404663086,28.65635108947754,30.720579147338867,30.720579147338867,10729356,yahoo
2016-05-30,31.084856033325195,31.206281661987305,30.234880447387695,31.084856033325195,31.084856033325195,424742,yahoo
2016-05-31,31.084856033325195,31.81340789794922,30.59915542602539,31.81340789794922,31.81340789794922,1002433,yahoo
2016-06-01,31.934833526611328,33.270511627197266,31.327707290649414,33.149085998535156,33.149085998535156,1069734,yahoo
2016-06-02,33.149085998535156,33.270511627197266,32.17768478393555,32.66338348388672,32.66338348388672,445199,yahoo
2016-06-03,32.66338348388672,32.66338348388672,30.84200668334961,31.570556640625,31.570556640625,608244,yahoo
2016-06-07,31.570556640625,32.4205322265625,31.570556640625,32.29910659790039,32.29910659790039,607997,yahoo
2016-06-08,32.4205322265625,32.4205322265625,32.05625915527344,32.29910659790039,32.29910659790039,173973,yahoo
2016-06-09,32.29910659790039,32.29910659790039,31.327707290649414,32.05625915527344,32.05625915527344,300569,yahoo
2016-06-10,32.05625915527344,32.4205322265625,31.570556640625,32.4205322265625,32.4205322265625,643087,yahoo
2016-06-13,31.934833526611328,31.934833526611328,30.234880447387695,30.963430404663086,30.963430404663086,593130,yahoo
2016-06-14,30.47772979736328,30.59915542602539,28.170650482177734,30.59915542602539,30.59915542602539,1153893,yahoo
2016-06-15,30.47772979736328,31.449132919311523,29.74917984008789,31.449132919311523,31.449132919311523,410707,yahoo
2016-06-16,31.327707290649414,31.327707290649414,29.384902954101562,30.113454818725586,30.113454818725586,360573,yahoo
2016-06-17,29.870603561401367,30.59915542602539,29.142053604125977,29.870603561401367,29.870603561401367,338150,yahoo
2016-06-20,29.870603561401367,30.59915542602539,29.870603561401367,30.356304168701172,30.356304168701172,343682,yahoo
2016-06-21,30.356304168701172,30.720579147338867,30.234880447387695,30.47772979736328,30.47772979736328,234665,yahoo
2016-06-22,30.59915542602539,31.570556640625,30.59915542602539,31.570556640625,31.570556640625,205692,yahoo
2016-06-23,32.05625915527344,32.17768478393555,31.206281661987305,31.81340789794922,31.81340789794922,259017,yahoo
2016-06-27,29.142053604125977,30.356304168701172,28.413501739501953,29.74917984008789,29.74917984008789,548763,yahoo
2016-06-28,30.113454818725586,30.59915542602539,29.62775230407715,29.992029190063477,29.992029190063477,342012,yahoo
2016-06-29,30.356304168701172,31.084856033325195,30.234880447387695,31.084856033325195,31.084856033325195,235649,yahoo
2016-06-30,31.206281661987305,31.206281661987305,30.720579147338867,31.084856033325195,31.084856033325195,166660,yahoo
2016-07-01,31.084856033325195,31.81340789794922,30.963430404663086,31.570556640625,31.570556640625,191436,yahoo
2016-07-04,31.570556640625,32.05625915527344,31.084856033325195,31.206281661987305,31.206281661987305,129460,yahoo
2016-07-05,31.449132919311523,31.449132919311523,30.234880447387695,30.720579147338867,30.720579147338867,104498,yahoo
2016-07-06,31.206281661987305,31.206281661987305,29.992029190063477,30.59915542602539,30.59915542602539,244236,yahoo
2016-07-07,30.234880447387695,30.963430404663086,30.234880447387695,30.59915542602539,30.59915542602539,151578,yahoo
2016-07-08,30.59915542602539,31.81340789794922,30.47772979736328,31.81340789794922,31.81340789794922,179884,yahoo
2016-07-11,31.81340789794922,32.4205322265625,31.69198226928711,31.934833526611328,31.934833526611328,157693,yahoo
2016-07-12,31.934833526611328,32.29910659790039,31.69198226928711,32.05625915527344,32.05625915527344,87488,yahoo
2016-07-13,32.05625915527344,32.4205322265625,31.69198226928711,32.17768478393555,32.17768478393555,167275,yahoo
2016-07-14,32.29910659790039,32.4205322265625,31.81340789794922,32.17768478393555,32.17768478393555,97041,yahoo
2016-07-15,32.17768478393555,32.29910659790039,31.69198226928711,32.05625915527344,32.05625915527344,174016,yahoo
2016-07-18,32.05625915527344,32.29910659790039,31.81340789794922,32.17768478393555,32.17768478393555,306369,yahoo
2016-07-19,32.17768478393555,32.54195785522461,32.05625915527344,32.4205322265625,32.4205322265625,115002,yahoo
2016-07-20,32.54195785522461,33.02766036987305,32.4205322265625,33.02766036987305,33.02766036987305,187588,yahoo
2016-07-21,33.270511627197266,33.270511627197266,32.90623474121094,33.149085998535156,33.149085998535156,98243,yahoo
2016-07-22,33.270511627197266,33.270511627197266,32.66338348388672,33.02766036987305,33.02766036987305,64127,yahoo
2016-07-25,33.02766036987305,33.999061584472656,33.02766036987305,33.999061584472656,33.999061584472656,240590,yahoo
2016-07-26,33.87763595581055,34.363338470458984,33.63478469848633,34.120487213134766,34.120487213134766,225194,yahoo
2016-07-27,34.241912841796875,34.72761154174805,34.120487213134766,34.48476028442383,34.48476028442383,363404,yahoo
2016-07-28,33.02766036987305,33.02766036987305,31.449132919311523,31.570556640625,31.570556640625,1031832,yahoo
2016-07-29,31.570556640625,31.570556640625,29.263477325439453,29.992029190063477,29.992029190063477,923451,yahoo
2016-08-01,29.992029190063477,31.084856033325195,29.992029190063477,30.59915542602539,30.59915542602539,355051,yahoo
2016-08-02,30.59915542602539,30.59915542602539,29.263477325439453,29.870603561401367,29.870603561401367,229278,yahoo
2016-08-03,29.870603561401367,29.992029190063477,29.263477325439453,29.384902954101562,29.384902954101562,169394,yahoo
2016-08-04,29.62775230407715,30.356304168701172,29.62775230407715,30.356304168701172,30.356304168701172,200833,yahoo
2016-08-05,30.84200668334961,30.84200668334961,30.234880447387695,30.720579147338867,30.720579147338867,187133,yahoo
2016-08-08,30.84200668334961,31.327707290649414,30.720579147338867,30.963430404663086,30.963430404663086,167621,yahoo
2016-08-09,31.084856033325195,31.084856033325195,30.47772979736328,30.84200668334961,30.84200668334961,269705,yahoo
2016-08-10,30.963430404663086,31.327707290649414,30.59915542602539,30.963430404663086,30.963430404663086,221199,yahoo
2016-08-11,30.963430404663086,30.963430404663086,30.234880447387695,30.720579147338867,30.720579147338867,221121,yahoo
2016-08-12,30.720579147338867,31.206281661987305,30.59915542602539,30.84200668334961,30.84200668334961,231274,yahoo
2016-08-15,30.720579147338867,31.084856033325195,30.234880447387695,30.356304168701172,30.356304168701172,149299,yahoo
2016-08-16,30.47772979736328,30.720579147338867,29.74917984008789,29.74917984008789,29.74917984008789,209727,yahoo
2016-08-17,29.992029190063477,29.992029190063477,28.292076110839844,28.292076110839844,28.292076110839844,765316,yahoo
2016-08-18,28.413501739501953,28.65635108947754,27.927799224853516,28.53492546081543,28.53492546081543,275523,yahoo
2016-08-19,28.77777671813965,28.77777671813965,28.170650482177734,28.65635108947754,28.65635108947754,204520,yahoo
2016-08-22,28.77777671813965,29.142053604125977,28.292076110839844,28.899202346801758,28.899202346801758,253306,yahoo
2016-08-23,29.020626068115234,29.142053604125977,28.53492546081543,28.899202346801758,28.899202346801758,231529,yahoo
2016-08-24,28.899202346801758,31.327707290649414,28.899202346801758,29.992029190063477,29.992029190063477,753016,yahoo
2016-08-25,30.113454818725586,30.59915542602539,29.263477325439453,29.62775230407715,29.62775230407715,299657,yahoo
2016-08-26,29.62775230407715,30.356304168701172,29.506328582763672,30.234880447387695,30.234880447387695,209624,yahoo
2016-08-29,31.449132919311523,32.54195785522461,30.963430404663086,32.54195785522461,32.54195785522461,1502480,yahoo
2016-08-30,32.66338348388672,33.149085998535156,31.81340789794922,31.934833526611328,31.934833526611328,513999,yahoo
2016-08-31,33.270511627197266,36.063289642333984,33.270511627197266,34.72761154174805,34.72761154174805,3326938,yahoo
2016-09-01,35.213314056396484,36.67041778564453,35.213314056396484,36.42756652832031,36.42756652832031,1342774,yahoo
2016-09-02,37.884666442871094,38.49179458618164,36.913265228271484,36.913265228271484,36.913265228271484,2005790,yahoo
2016-09-05,37.1561164855957,37.64181900024414,35.4561653137207,36.54899215698242,36.54899215698242,826908,yahoo
2016-09-06,36.913265228271484,39.09892272949219,36.184715270996094,38.61322021484375,38.61322021484375,1800610,yahoo
2016-09-07,38.73464584350586,38.97749328613281,37.884666442871094,38.97749328613281,38.97749328613281,612383,yahoo
2016-09-08,39.09892272949219,39.09892272949219,37.39896774291992,38.00609588623047,38.00609588623047,637316,yahoo
2016-09-09,36.913265228271484,37.034690856933594,35.4561653137207,35.69901657104492,35.69901657104492,11439005,yahoo
2016-09-12,35.213314056396484,35.4561653137207,34.363338470458984,35.213314056396484,35.213314056396484,1310032,yahoo
2016-09-13,35.4561653137207,35.941864013671875,34.970462799072266,34.970462799072266,34.970462799072266,876535,yahoo
2016-09-14,35.4561653137207,35.57758712768555,34.72761154174805,34.849037170410156,34.849037170410156,309972,yahoo
2016-09-15,34.970462799072266,35.57758712768555,34.6061897277832,34.6061897277832,34.6061897277832,423433,yahoo
2016-09-16,34.72761154174805,34.970462799072266,33.75621032714844,34.48476028442383,34.48476028442383,541205,yahoo
2016-09-19,34.6061897277832,36.42756652832031,34.48476028442383,36.3061408996582,36.3061408996582,1097407,yahoo
2016-09-20,36.42756652832031,36.913265228271484,36.184715270996094,36.3061408996582,36.3061408996582,615179,yahoo
2016-09-21,36.42756652832031,36.913265228271484,36.3061408996582,36.3061408996582,36.3061408996582,538986,yahoo
2016-09-22,36.54899215698242,36.54899215698242,35.941864013671875,35.941864013671875,35.941864013671875,427757,yahoo
2016-09-23,35.69901657104492,35.69901657104492,34.6061897277832,35.213314056396484,35.213314056396484,546039,yahoo
2016-09-26,35.334739685058594,35.4561653137207,34.72761154174805,35.091888427734375,35.091888427734375,372651,yahoo
2016-09-27,35.213314056396484,35.4561653137207,34.241912841796875,35.091888427734375,35.091888427734375,390157,yahoo
2016-09-28,35.213314056396484,35.57758712768555,34.849037170410156,34.970462799072266,34.970462799072266,393505,yahoo
2016-09-29,35.213314056396484,35.334739685058594,34.849037170410156,34.970462799072266,34.970462799072266,337312,yahoo
2016-09-30,34.849037170410156,34.849037170410156,34.241912841796875,34.849037170410156,34.849037170410156,343734,yahoo
2016-10-03,36.184715270996094,36.791839599609375,35.57758712768555,36.42756652832031,36.42756652832031,1714201,yahoo
2016-10-04,36.67041778564453,37.1561164855957,36.063289642333984,37.1561164855957,37.1561164855957,668876,yahoo
2016-10-05,37.034690856933594,39.94889831542969,36.913265228271484,39.09892272949219,39.09892272949219,2211188,yahoo
2016-10-06,39.46319580078125,41.041725158691406,38.85607147216797,39.70604705810547,39.70604705810547,1481959,yahoo
2016-10-07,39.82747268676758,40.43459701538086,39.09892272949219,39.34177017211914,39.34177017211914,624936,yahoo
2016-10-10,39.82747268676758,40.67744827270508,39.58462142944336,39.94889831542969,39.94889831542969,710951,yahoo
2016-10-11,39.94889831542969,40.31317138671875,39.34177017211914,39.46319580078125,39.46319580078125,525759,yahoo
2016-10-12,39.34177017211914,39.46319580078125,38.12751770019531,38.61322021484375,38.61322021484375,733908,yahoo
2016-10-13,38.61322021484375,38.61322021484375,37.034690856933594,37.76324462890625,37.76324462890625,602813,yahoo
2016-10-14,37.884666442871094,39.09892272949219,37.884666442871094,38.49179458618164,38.49179458618164,413209,yahoo
2016-10-17,38.61322021484375,38.61322021484375,37.884666442871094,38.00609588623047,38.00609588623047,321158,yahoo
2016-10-18,38.00609588623047,39.22034454345703,38.00609588623047,38.49179458618164,38.49179458618164,565726,yahoo
2016-10-19,38.73464584350586,38.73464584350586,36.54899215698242,36.791839599609375,36.791839599609375,894223,yahoo
2016-10-20,37.034690856933594,37.39896774291992,35.57758712768555,36.3061408996582,36.3061408996582,805928,yahoo
2016-10-21,36.42756652832031,36.67041778564453,35.334739685058594,36.3061408996582,36.3061408996582,463758,yahoo
2016-10-24,36.42756652832031,36.791839599609375,34.72761154174805,34.970462799072266,34.970462799072266,525998,yahoo
2016-10-25,34.970462799072266,35.091888427734375,32.4205322265625,33.87763595581055,33.87763595581055,2427747,yahoo
2016-10-26,34.120487213134766,34.120487213134766,32.17768478393555,32.54195785522461,32.54195785522461,1259106,yahoo
2016-10-27,33.149085998535156,34.6061897277832,32.54195785522461,32.90623474121094,32.90623474121094,1101570,yahoo
2016-10-28,33.02766036987305,33.999061584472656,31.69198226928711,33.75621032714844,33.75621032714844,708419,yahoo
2016-10-31,33.999061584472656,34.241912841796875,33.02766036987305,33.87763595581055,33.87763595581055,578611,yahoo
2016-11-01,33.999061584472656,34.120487213134766,33.02766036987305,33.513362884521484,33.513362884521484,526739,yahoo
2016-11-02,33.270511627197266,33.513362884521484,32.54195785522461,33.513362884521484,33.513362884521484,696879,yahoo
2016-11-03,33.270511627197266,34.241912841796875,32.90623474121094,34.241912841796875,34.241912841796875,445893,yahoo
2016-11-04,33.999061584472656,33.999061584472656,32.54195785522461,32.54195785522461,32.54195785522461,327287,yahoo
2016-11-07,33.513362884521484,34.72761154174805,33.02766036987305,34.241912841796875,34.241912841796875,2160012,yahoo
2016-11-08,34.48476028442383,35.213314056396484,33.63478469848633,34.48476028442383,34.48476028442383,1006032,yahoo
2016-11-09,32.29910659790039,34.241912841796875,31.934833526611328,33.999061584472656,33.999061584472656,1425329,yahoo
2016-11-10,34.48476028442383,35.213314056396484,33.39193344116211,33.63478469848633,33.63478469848633,2681673,yahoo
2016-11-11,33.999061584472656,33.999061584472656,32.78480911254883,33.149085998535156,33.149085998535156,864431,yahoo
2016-11-14,33.75621032714844,34.241912841796875,32.54195785522461,32.54195785522461,32.54195785522461,406923,yahoo
2016-11-15,32.54195785522461,33.149085998535156,32.29910659790039,33.149085998535156,33.149085998535156,356692,yahoo
2016-11-16,33.75621032714844,33.87763595581055,33.149085998535156,33.513362884521484,33.513362884521484,419542,yahoo
2016-11-17,33.87763595581055,34.48476028442383,33.39193344116211,34.48476028442383,34.48476028442383,275743,yahoo
2016-11-18,34.72761154174805,35.941864013671875,34.6061897277832,35.69901657104492,35.69901657104492,806300,yahoo
2016-11-21,35.69901657104492,36.42756652832031,35.334739685058594,35.4561653137207,35.4561653137207,578353,yahoo
2016-11-22,35.57758712768555,35.69901657104492,34.970462799072266,35.4561653137207,35.4561653137207,483665,yahoo
2016-11-23,35.4561653137207,35.4561653137207,34.48476028442383,34.849037170410156,34.849037170410156,307248,yahoo
2016-11-24,34.48476028442383,34.48476028442383,33.149085998535156,33.75621032714844,33.75621032714844,480380,yahoo
2016-11-25,33.87763595581055,34.120487213134766,33.270511627197266,33.87763595581055,33.87763595581055,310631,yahoo
2016-11-28,34.120487213134766,34.241912841796875,33.02766036987305,33.02766036987305,33.02766036987305,366723,yahoo
2016-11-29,33.270511627197266,33.999061584472656,33.270511627197266,33.63478469848633,33.63478469848633,397032,yahoo
2016-11-30,33.63478469848633,34.241912841796875,33.513362884521484,33.999061584472656,33.999061584472656,334605,yahoo
2016-12-01,34.43986892700195,34.93719482421875,33.94253921508789,34.43986892700195,34.43986892700195,154152,yahoo
2016-12-02,34.31553649902344,34.68852996826172,33.56954574584961,34.19120407104492,34.19120407104492,318474,yahoo
2016-12-05,34.19120407104492,34.68852996826172,33.81821060180664,33.94253921508789,33.94253921508789,197845,yahoo
2016-12-06,33.94253921508789,33.94253921508789,33.07221984863281,33.56954574584961,33.56954574584961,321545,yahoo
2016-12-07,33.693878173828125,33.693878173828125,32.9478874206543,33.07221984863281,33.07221984863281,477659,yahoo
2016-12-08,33.07221984863281,33.19655227661133,32.07756805419922,32.574893951416016,32.574893951416016,718290,yahoo
2016-12-09,32.326229095458984,32.4505615234375,31.953235626220703,32.20189666748047,32.20189666748047,659854,yahoo
2016-12-12,32.326229095458984,32.4505615234375,31.455907821655273,31.704572677612305,31.704572677612305,816099,yahoo
2016-12-13,31.58024024963379,31.704572677612305,31.08291244506836,31.455907821655273,31.455907821655273,1161480,yahoo
2016-12-14,31.455907821655273,32.20189666748047,31.207244873046875,31.953235626220703,31.953235626220703,578115,yahoo
2016-12-15,32.20189666748047,32.20189666748047,31.33157730102539,31.953235626220703,31.953235626220703,466641,yahoo
2016-12-16,31.828903198242188,34.812862396240234,31.828903198242188,33.07221984863281,33.07221984863281,4051265,yahoo
2016-12-19,33.19655227661133,33.320884704589844,32.69922637939453,32.9478874206543,32.9478874206543,1274789,yahoo
2016-12-20,32.9478874206543,33.320884704589844,32.326229095458984,33.07221984863281,33.07221984863281,1301122,yahoo
2016-12-21,33.19655227661133,33.445213317871094,32.69922637939453,32.82355499267578,32.82355499267578,566923,yahoo
2016-12-22,32.9478874206543,33.07221984863281,32.20189666748047,32.20189666748047,32.20189666748047,451781,yahoo
2016-12-23,32.574893951416016,32.82355499267578,32.326229095458984,32.82355499267578,32.82355499267578,180589,yahoo
2016-12-27,33.07221984863281,33.445213317871094,33.07221984863281,33.320884704589844,33.320884704589844,543435,yahoo
2016-12-28,33.56954574584961,33.56954574584961,33.19655227661133,33.445213317871094,33.445213317871094,452127,yahoo
2016-12-29,33.445213317871094,34.19120407104492,32.9478874206543,33.693878173828125,33.693878173828125,539400,yahoo
2016-12-30,33.81821060180664,34.19120407104492,33.693878173828125,33.94253921508789,33.94253921508789,460067,yahoo
2017-01-02,34.19120407104492,34.56420135498047,33.94253921508789,34.066871643066406,34.066871643066406,597126,yahoo
2017-01-03,34.31553649902344,34.31553649902344,33.56954574584961,34.19120407104492,34.19120407104492,475041,yahoo
2017-01-04,35.31018829345703,35.80751419067383,34.31553649902344,34.68852996826172,34.68852996826172,1657834,yahoo
2017-01-05,34.68852996826172,34.812862396240234,34.31553649902344,34.68852996826172,34.68852996826172,312575,yahoo
2017-01-09,34.812862396240234,34.812862396240234,33.693878173828125,33.81821060180664,33.81821060180664,919361,yahoo
2017-01-10,33.81821060180664,34.19120407104492,33.320884704589844,33.81821060180664,33.81821060180664,561747,yahoo
2017-01-11,33.693878173828125,33.693878173828125,32.4505615234375,32.574893951416016,32.574893951416016,909153,yahoo
2017-01-12,32.69922637939453,32.82355499267578,31.953235626220703,32.20189666748047,32.20189666748047,692178,yahoo
2017-01-13,32.326229095458984,34.19120407104492,31.953235626220703,34.19120407104492,34.19120407104492,861236,yahoo
2017-01-16,34.19120407104492,34.43986892700195,33.445213317871094,34.19120407104492,34.19120407104492,528849,yahoo
2017-01-17,34.19120407104492,34.31553649902344,33.320884704589844,34.19120407104492,34.19120407104492,1457006,yahoo
2017-01-18,34.066871643066406,34.43986892700195,33.81821060180664,34.31553649902344,34.31553649902344,577318,yahoo
2017-01-19,34.31553649902344,34.812862396240234,34.19120407104492,34.68852996826172,34.68852996826172,388865,yahoo
2017-01-20,34.812862396240234,34.812862396240234,33.94253921508789,34.43986892700195,34.43986892700195,753368,yahoo
2017-01-23,34.31553649902344,34.31553649902344,33.320884704589844,33.56954574584961,33.56954574584961,281460,yahoo
2017-01-24,33.693878173828125,33.81821060180664,32.82355499267578,33.07221984863281,33.07221984863281,679064,yahoo
2017-01-25,33.320884704589844,33.81821060180664,32.9478874206543,33.56954574584961,33.56954574584961,516787,yahoo
2017-01-26,33.693878173828125,34.19120407104492,33.445213317871094,34.066871643066406,34.066871643066406,337946,yahoo
2017-01-27,34.19120407104492,34.19120407104492,33.320884704589844,33.56954574584961,33.56954574584961,231266,yahoo
2017-01-30,33.693878173828125,33.693878173828125,32.4505615234375,32.4505615234375,32.4505615234375,463431,yahoo
2017-01-31,32.574893951416016,32.69922637939453,31.58024024963379,32.07756805419922,32.07756805419922,572209,yahoo
2017-02-01,31.953235626220703,32.326229095458984,31.704572677612305,32.20189666748047,32.20189666748047,628966,yahoo
2017-02-02,32.20189666748047,32.82355499267578,31.953235626220703,32.69922637939453,32.69922637939453,423709,yahoo
2017-02-03,32.69922637939453,32.82355499267578,31.828903198242188,31.953235626220703,31.953235626220703,437062,yahoo
2017-02-06,32.07756805419922,32.20189666748047,31.207244873046875,31.828903198242188,31.828903198242188,538881,yahoo
2017-02-07,31.828903198242188,32.20189666748047,31.33157730102539,31.455907821655273,31.455907821655273,469954,yahoo
2017-02-08,31.455907821655273,31.828903198242188,30.83424949645996,31.455907821655273,31.455907821655273,521534,yahoo
2017-02-09,31.455907821655273,32.20189666748047,31.33157730102539,32.07756805419922,32.07756805419922,284247,yahoo
2017-02-10,32.20189666748047,32.326229095458984,31.828903198242188,32.07756805419922,32.07756805419922,291506,yahoo
2017-02-13,32.69922637939453,34.56420135498047,32.574893951416016,34.19120407104492,34.19120407104492,1726332,yahoo
2017-02-14,34.68852996826172,34.68852996826172,34.066871643066406,34.31553649902344,34.31553649902344,1080338,yahoo
2017-02-15,34.56420135498047,34.93719482421875,33.320884704589844,33.693878173828125,33.693878173828125,1391483,yahoo
2017-02-16,33.693878173828125,34.066871643066406,33.320884704589844,33.693878173828125,33.693878173828125,440682,yahoo
2017-02-17,33.81821060180664,34.066871643066406,32.69922637939453,32.82355499267578,32.82355499267578,654768,yahoo
2017-02-20,32.82355499267578,33.445213317871094,32.07756805419922,33.19655227661133,33.19655227661133,624314,yahoo
2017-02-21,33.320884704589844,34.43986892700195,33.320884704589844,33.94253921508789,33.94253921508789,862557,yahoo
2017-02-22,34.31553649902344,34.43986892700195,33.56954574584961,33.94253921508789,33.94253921508789,449714,yahoo
2017-02-23,34.066871643066406,34.066871643066406,33.320884704589844,33.693878173828125,33.693878173828125,234491,yahoo
2017-02-24,33.693878173828125,33.693878173828125,31.953235626220703,32.07756805419922,32.07756805419922,964521,yahoo
2017-02-27,32.20189666748047,32.4505615234375,31.704572677612305,31.953235626220703,31.953235626220703,782256,yahoo
2017-02-28,32.07756805419922,32.20189666748047,31.207244873046875,31.828903198242188,31.828903198242188,428525,yahoo
2017-03-01,31.704572677612305,32.07756805419922,31.455907821655273,31.704572677612305,31.704572677612305,571970,yahoo
2017-03-02,31.58024024963379,31.828903198242188,31.08291244506836,31.33157730102539,31.33157730102539,373484,yahoo
2017-03-03,31.33157730102539,31.455907821655273,30.088260650634766,31.08291244506836,31.08291244506836,1004728,yahoo
2017-03-06,31.08291244506836,31.58024024963379,30.709917068481445,30.83424949645996,30.83424949645996,581849,yahoo
2017-03-07,30.83424949645996,31.33157730102539,30.461254119873047,31.08291244506836,31.08291244506836,349926,yahoo
2017-03-08,31.207244873046875,31.33157730102539,29.96392822265625,30.585586547851562,30.585586547851562,844272,yahoo
2017-03-09,30.585586547851562,30.958581924438477,29.96392822265625,30.709917068481445,30.709917068481445,592894,yahoo
2017-03-10,30.83424949645996,30.83424949645996,30.088260650634766,30.461254119873047,30.461254119873047,429196,yahoo
2017-03-13,30.336923599243164,30.709917068481445,29.96392822265625,30.461254119873047,30.461254119873047,894904,yahoo
2017-03-14,30.585586547851562,30.585586547851562,29.466602325439453,29.590932846069336,29.590932846069336,593539,yahoo
2017-03-15,29.839597702026367,29.96392822265625,29.09360694885254,29.590932846069336,29.590932846069336,370297,yahoo
2017-03-16,29.71526527404785,29.96392822265625,28.471948623657227,28.720611572265625,28.720611572265625,1371581,yahoo
2017-03-17,28.59627914428711,29.342269897460938,28.471948623657227,29.09360694885254,29.09360694885254,566915,yahoo
2017-03-20,29.09360694885254,29.342269897460938,28.720611572265625,28.720611572265625,28.720611572265625,638302,yahoo
2017-03-21,28.59627914428711,28.59627914428711,27.477294921875,27.601627349853516,27.601627349853516,1445231,yahoo
2017-03-22,27.601627349853516,27.601627349853516,26.855636596679688,27.2286319732666,27.2286319732666,1437729,yahoo
2017-03-23,27.2286319732666,28.098953247070312,27.104299545288086,27.97462272644043,27.97462272644043,852819,yahoo
2017-03-24,28.223285675048828,28.223285675048828,27.2286319732666,27.601627349853516,27.601627349853516,1055109,yahoo
2017-03-27,27.601627349853516,27.601627349853516,26.979969024658203,27.2286319732666,27.2286319732666,772208,yahoo
2017-03-28,27.2286319732666,27.477294921875,26.855636596679688,27.352964401245117,27.352964401245117,481001,yahoo
2017-03-29,27.477294921875,27.850290298461914,27.352964401245117,27.72595977783203,27.72595977783203,788536,yahoo
2017-03-30,28.098953247070312,29.09360694885254,27.850290298461914,29.09360694885254,29.09360694885254,1120396,yahoo
2017-03-31,29.466602325439453,29.466602325439453,28.34761619567871,28.720611572265625,28.720611572265625,817977,yahoo
2017-04-03,28.720611572265625,28.720611572265625,28.098953247070312,28.098953247070312,28.098953247070312,448122,yahoo
2017-04-04,27.850290298461914,28.098953247070312,25.860984802246094,26.233978271484375,26.233978271484375,3860464,yahoo
2017-04-05,26.35831069946289,26.35831069946289,25.114994049072266,25.23932647705078,25.23932647705078,2141747,yahoo
2017-04-06,25.114994049072266,25.612319946289062,24.617666244506836,25.114994049072266,25.114994049072266,2858556,yahoo
2017-04-07,25.114994049072266,25.612319946289062,24.99066162109375,25.114994049072266,25.114994049072266,1067972,yahoo
2017-04-10,25.114994049072266,25.23932647705078,24.219806671142578,24.319271087646484,24.319271087646484,1627085,yahoo
2017-04-11,24.26953887939453,24.766864776611328,23.72247886657715,23.87167739868164,23.87167739868164,1799497,yahoo
2017-04-12,23.97114372253418,24.667400360107422,23.97114372253418,24.369003295898438,24.369003295898438,1134845,yahoo
2017-04-13,24.369003295898438,24.468469619750977,24.12034034729004,24.369003295898438,24.369003295898438,299499,yahoo
2017-04-18,24.717132568359375,24.816598892211914,23.374351501464844,23.374351501464844,23.374351501464844,1635285,yahoo
2017-04-19,23.374351501464844,23.87167739868164,22.82729148864746,22.9267578125,22.9267578125,1058143,yahoo
2017-04-20,23.125686645507812,23.97114372253418,22.877023696899414,23.7722110748291,23.7722110748291,1298213,yahoo
2017-04-21,23.87167739868164,24.26953887939453,23.026222229003906,23.125686645507812,23.125686645507812,1263521,yahoo
2017-04-24,23.87167739868164,23.87167739868164,22.877023696899414,23.424083709716797,23.424083709716797,1436538,yahoo
2017-04-25,23.623014450073242,24.219806671142578,23.523548126220703,24.170072555541992,24.170072555541992,982778,yahoo
2017-04-26,24.170072555541992,24.170072555541992,23.47381591796875,23.573280334472656,23.573280334472656,670901,yahoo
2017-04-27,22.329965591430664,23.424083709716797,22.13103485107422,23.07595443725586,23.07595443725586,1876919,yahoo
2017-04-28,23.72247886657715,24.319271087646484,23.623014450073242,24.219806671142578,24.219806671142578,3922585,yahoo
2017-05-02,24.468469619750977,25.612319946289062,24.418737411499023,24.766864776611328,24.766864776611328,2217810,yahoo
2017-05-03,24.99066162109375,25.114994049072266,23.672746658325195,23.921409606933594,23.921409606933594,1301333,yahoo
2017-05-04,24.020875930786133,24.26953887939453,23.424083709716797,23.573280334472656,23.573280334472656,604027,yahoo
2017-05-05,23.573280334472656,23.623014450073242,22.82729148864746,22.9267578125,22.9267578125,879950,yahoo
2017-05-08,22.97648811340332,23.374351501464844,22.9267578125,23.324617385864258,23.324617385864258,786615,yahoo
2017-05-09,23.374351501464844,23.573280334472656,22.877023696899414,22.97648811340332,22.97648811340332,557619,yahoo
2017-05-10,22.97648811340332,23.324617385864258,22.13103485107422,22.280231475830078,22.280231475830078,1366242,yahoo
2017-05-11,22.379697799682617,22.578628540039062,22.13103485107422,22.329965591430664,22.329965591430664,717560,yahoo
2017-05-12,22.379697799682617,22.379697799682617,21.534242630004883,21.88237190246582,21.88237190246582,1195562,yahoo
2017-05-15,21.981836318969727,22.03156852722168,21.2358455657959,21.583974838256836,21.583974838256836,867148,yahoo
2017-05-16,21.583974838256836,21.832637786865234,21.38504409790039,21.78290557861328,21.78290557861328,829662,yahoo
2017-05-17,21.78290557861328,21.78290557861328,21.2358455657959,21.335311889648438,21.335311889648438,598393,yahoo
2017-05-18,21.335311889648438,21.733173370361328,20.539588928222656,21.036916732788086,21.036916732788086,1154378,yahoo
2017-05-19,21.036916732788086,21.48451042175293,20.937450408935547,21.335311889648438,21.335311889648438,332566,yahoo
2017-05-22,21.335311889648438,21.335311889648438,20.837984085083008,21.186113357543945,21.186113357543945,388030,yahoo
2017-05-23,21.285579681396484,22.03156852722168,21.186113357543945,21.683439254760742,21.683439254760742,749784,yahoo
2017-05-24,21.88237190246582,22.13103485107422,21.63370704650879,21.78290557861328,21.78290557861328,1273535,yahoo
2017-05-26,21.78290557861328,22.13103485107422,21.78290557861328,21.981836318969727,21.981836318969727,428495,yahoo
2017-05-29,22.180767059326172,23.324617385864258,22.13103485107422,23.22515296936035,23.22515296936035,1068116,yahoo
2017-05-30,23.523548126220703,23.7722110748291,22.479162216186523,23.47381591796875,23.47381591796875,1237661,yahoo
2017-05-31,24.170072555541992,25.23932647705078,23.87167739868164,25.23932647705078,25.23932647705078,2962127,yahoo
2017-06-01,25.23932647705078,25.612319946289062,24.766864776611328,25.363656997680664,25.363656997680664,1220658,yahoo
2017-06-02,25.736652374267578,26.109647750854492,25.23932647705078,26.109647750854492,26.109647750854492,1163649,yahoo
2017-06-05,26.233978271484375,26.482641220092773,25.48798942565918,25.612319946289062,25.612319946289062,669873,yahoo
2017-06-06,25.612319946289062,25.612319946289062,25.612319946289062,25.612319946289062,25.612319946289062,0,yahoo
2017-06-07,25.736652374267578,25.736652374267578,24.617666244506836,24.99066162109375,24.99066162109375,2863496,yahoo
2017-06-08,24.99066162109375,24.99066162109375,24.26953887939453,24.567935943603516,24.567935943603516,752901,yahoo
2017-06-09,24.816598892211914,25.363656997680664,24.617666244506836,24.667400360107422,24.667400360107422,635194,yahoo
2017-06-12,24.866331100463867,24.99066162109375,23.374351501464844,23.374351501464844,23.374351501464844,896426,yahoo
2017-06-13,23.523548126220703,24.219806671142578,23.424083709716797,23.87167739868164,23.87167739868164,979330,yahoo
2017-06-14,24.12034034729004,24.12034034729004,23.07595443725586,23.274885177612305,23.274885177612305,790005,yahoo
2017-06-15,23.274885177612305,23.274885177612305,22.9267578125,23.026222229003906,23.026222229003906,713802,yahoo
2017-06-16,23.026222229003906,23.125686645507812,22.280231475830078,22.280231475830078,22.280231475830078,733942,yahoo
2017-06-19,22.42943000793457,22.727825164794922,22.180767059326172,22.180767059326172,22.180767059326172,421618,yahoo
2017-06-20,22.230499267578125,22.379697799682617,22.081300735473633,22.180767059326172,22.180767059326172,1092340,yahoo
2017-06-21,22.180767059326172,22.379697799682617,21.683439254760742,22.03156852722168,22.03156852722168,951750,yahoo
2017-06-22,22.13103485107422,22.13103485107422,21.335311889648438,21.434776306152344,21.434776306152344,773021,yahoo
2017-06-23,21.434776306152344,21.434776306152344,21.434776306152344,21.434776306152344,21.434776306152344,0,yahoo
2017-06-26,21.434776306152344,21.88237190246582,20.9871826171875,20.9871826171875,20.9871826171875,758143,yahoo
2017-06-27,21.186113357543945,21.78290557861328,20.837984085083008,21.534242630004883,21.534242630004883,3317023,yahoo
2017-06-28,21.583974838256836,21.683439254760742,20.539588928222656,20.837984085083008,20.837984085083008,1374865,yahoo
2017-06-29,21.08664894104004,21.08664894104004,19.94279670715332,19.94279670715332,19.94279670715332,1565582,yahoo
2017-06-30,19.992530822753906,20.290925979614258,19.29627227783203,19.54493522644043,19.54493522644043,2058667,yahoo
2017-07-03,19.594667434692383,20.34065818786621,19.594667434692383,19.94279670715332,19.94279670715332,917744,yahoo
2017-07-04,19.992530822753906,20.042261123657227,19.594667434692383,19.743865966796875,19.743865966796875,485825,yahoo
2017-07-05,19.893064498901367,20.042261123657227,19.594667434692383,19.893064498901367,19.893064498901367,360865,yahoo
2017-07-06,20.042261123657227,20.19145965576172,19.64440155029297,19.694133758544922,19.694133758544922,420645,yahoo
2017-07-07,19.843332290649414,19.843332290649414,19.246540069580078,19.39573860168457,19.39573860168457,593193,yahoo
2017-07-10,19.445470809936523,19.54493522644043,18.948144912719727,19.29627227783203,19.29627227783203,566498,yahoo
2017-07-11,19.346004486083984,19.495203018188477,18.89841079711914,18.89841079711914,18.89841079711914,489619,yahoo
2017-07-12,19.14707374572754,20.19145965576172,18.948144912719727,20.091995239257812,20.091995239257812,1662022,yahoo
2017-07-13,20.390390396118164,21.036916732788086,20.091995239257812,20.390390396118164,20.390390396118164,1826403,yahoo
2017-07-14,20.639053344726562,20.639053344726562,19.893064498901367,20.19145965576172,20.19145965576172,534208,yahoo
2017-07-17,20.241193771362305,20.639053344726562,19.495203018188477,20.639053344726562,20.639053344726562,956278,yahoo
2017-07-18,20.7385196685791,20.7385196685791,19.64440155029297,20.241193771362305,20.241193771362305,934408,yahoo
2017-07-19,20.141727447509766,20.34065818786621,19.743865966796875,19.94279670715332,19.94279670715332,672726,yahoo
2017-07-20,20.042261123657227,20.141727447509766,19.495203018188477,19.495203018188477,19.495203018188477,702089,yahoo
2017-07-21,19.495203018188477,19.843332290649414,18.948144912719727,19.39573860168457,19.39573860168457,659270,yahoo
2017-07-24,19.445470809936523,19.594667434692383,19.047609329223633,19.346004486083984,19.346004486083984,602133,yahoo
2017-07-25,18.89841079711914,19.843332290649414,18.401084899902344,18.848678588867188,18.848678588867188,1943601,yahoo
2017-07-26,18.798946380615234,19.445470809936523,18.699480056762695,19.39573860168457,19.39573860168457,1149083,yahoo
2017-07-27,19.39573860168457,19.39573860168457,18.89841079711914,18.89841079711914,18.89841079711914,458686,yahoo
2017-07-28,18.948144912719727,19.047609329223633,18.50054931640625,18.550281524658203,18.550281524658203,670309,yahoo
2017-07-31,18.550281524658203,18.60001564025879,18.003223419189453,18.003223419189453,18.003223419189453,702839,yahoo
2017-08-01,18.003223419189453,18.74921226501465,17.9534912109375,18.60001564025879,18.60001564025879,1010593,yahoo
2017-08-02,21.981836318969727,23.72247886657715,20.937450408935547,21.93210220336914,21.93210220336914,15562941,yahoo
2017-08-03,21.88237190246582,22.230499267578125,20.091995239257812,20.141727447509766,20.141727447509766,3225572,yahoo
2017-08-04,20.19145965576172,20.788251876831055,20.19145965576172,20.58932113647461,20.58932113647461,1372872,yahoo
2017-08-07,20.837984085083008,20.837984085083008,20.141727447509766,20.19145965576172,20.19145965576172,864942,yahoo
2017-08-08,20.290925979614258,20.7385196685791,19.992530822753906,20.19145965576172,20.19145965576172,775755,yahoo
2017-08-09,20.290925979614258,20.290925979614258,19.64440155029297,20.042261123657227,20.042261123657227,723303,yahoo
2017-08-10,20.091995239257812,20.141727447509766,19.594667434692383,19.594667434692383,19.594667434692383,553392,yahoo
2017-08-11,19.445470809936523,19.445470809936523,18.89841079711914,18.89841079711914,18.89841079711914,745974,yahoo
2017-08-14,19.196807861328125,19.743865966796875,18.997875213623047,19.743865966796875,19.743865966796875,532145,yahoo
2017-08-15,19.793598175048828,19.793598175048828,19.047609329223633,19.047609329223633,19.047609329223633,529625,yahoo
2017-08-16,19.196807861328125,19.29627227783203,18.89841079711914,19.097341537475586,19.097341537475586,399809,yahoo
2017-08-17,19.196807861328125,19.196807861328125,18.25188636779785,18.35135269165039,18.35135269165039,1177501,yahoo
2017-08-18,18.25188636779785,18.25188636779785,17.9534912109375,18.052955627441406,18.052955627441406,856266,yahoo
2017-08-21,18.052955627441406,18.699480056762695,17.903757095336914,18.35135269165039,18.35135269165039,569267,yahoo
2017-08-22,18.60001564025879,19.843332290649414,18.152421951293945,19.39573860168457,19.39573860168457,1276326,yahoo
2017-08-23,19.54493522644043,19.54493522644043,18.74921226501465,19.047609329223633,19.047609329223633,711457,yahoo
2017-08-24,19.346004486083984,19.346004486083984,18.401084899902344,18.450817108154297,18.450817108154297,590205,yahoo
2017-08-25,18.450817108154297,18.74921226501465,18.152421951293945,18.35135269165039,18.35135269165039,434971,yahoo
2017-08-28,18.35135269165039,18.948144912719727,18.2021541595459,18.798946380615234,18.798946380615234,275235,yahoo
2017-08-29,18.74921226501465,18.74921226501465,18.10268783569336,18.550281524658203,18.550281524658203,955816,yahoo
2017-08-30,18.74921226501465,19.097341537475586,18.550281524658203,18.699480056762695,18.699480056762695,797528,yahoo
2017-08-31,18.798946380615234,19.097341537475586,18.649747848510742,18.948144912719727,18.948144912719727,478800,yahoo
2017-09-01,18.997875213623047,18.997875213623047,18.699480056762695,18.798946380615234,18.798946380615234,533070,yahoo
2017-09-04,18.699480056762695,18.699480056762695,18.2021541595459,18.60001564025879,18.60001564025879,618987,yahoo
2017-09-05,18.74921226501465,18.798946380615234,18.35135269165039,18.450817108154297,18.450817108154297,338413,yahoo
2017-09-06,18.450817108154297,19.14707374572754,18.35135269165039,18.74921226501465,18.74921226501465,631273,yahoo
2017-09-07,18.948144912719727,18.997875213623047,18.60001564025879,18.74921226501465,18.74921226501465,381330,yahoo
2017-09-08,18.74921226501465,18.89841079711914,18.550281524658203,18.798946380615234,18.798946380615234,288806,yahoo
2017-09-11,18.848678588867188,19.246540069580078,18.798946380615234,19.14707374572754,19.14707374572754,581657,yahoo
2017-09-12,19.14707374572754,19.346004486083984,18.848678588867188,19.29627227783203,19.29627227783203,437082,yahoo
2017-09-13,19.743865966796875,21.08664894104004,19.196807861328125,20.788251876831055,20.788251876831055,6026411,yahoo
2017-09-14,20.9871826171875,21.88237190246582,20.9871826171875,21.186113357543945,21.186113357543945,2603152,yahoo
2017-09-15,21.285579681396484,21.38504409790039,20.68878746032715,20.887718200683594,20.887718200683594,1248423,yahoo
2017-09-18,20.887718200683594,20.937450408935547,20.19145965576172,20.34065818786621,20.34065818786621,863279,yahoo
2017-09-19,20.34065818786621,20.58932113647461,19.893064498901367,20.091995239257812,20.091995239257812,802418,yahoo
2017-09-20,19.992530822753906,20.489856719970703,19.94279670715332,20.390390396118164,20.390390396118164,1381349,yahoo
2017-09-21,20.390390396118164,20.837984085083008,20.390390396118164,20.7385196685791,20.7385196685791,619854,yahoo
2017-09-22,20.788251876831055,21.38504409790039,20.290925979614258,21.2358455657959,21.2358455657959,2002784,yahoo
2017-09-25,21.335311889648438,25.363656997680664,21.2358455657959,25.363656997680664,25.363656997680664,6576617,yahoo
2017-09-26,25.363656997680664,28.34761619567871,23.573280334472656,26.731304168701172,26.731304168701172,10585510,yahoo
2017-09-27,26.35831069946289,28.720611572265625,24.617666244506836,24.866331100463867,24.866331100463867,7607606,yahoo
2017-09-28,24.617666244506836,25.985315322875977,23.921409606933594,24.12034034729004,24.12034034729004,3359824,yahoo
2017-09-29,24.219806671142578,24.816598892211914,24.12034034729004,24.369003295898438,24.369003295898438,847589,yahoo
2017-10-02,24.369003295898438,24.567935943603516,23.374351501464844,23.47381591796875,23.47381591796875,955651,yahoo
2017-10-03,23.623014450073242,24.468469619750977,23.47381591796875,23.72247886657715,23.72247886657715,1146049,yahoo
2017-10-04,23.72247886657715,23.821945190429688,22.82729148864746,23.324617385864258,23.324617385864258,868992,yahoo
2017-10-05,23.324617385864258,23.324617385864258,22.42943000793457,22.628360748291016,22.628360748291016,1386521,yahoo
2017-10-06,22.67809295654297,22.97648811340332,22.230499267578125,22.528894424438477,22.528894424438477,795593,yahoo
2017-10-09,22.528894424438477,24.26953887939453,22.528894424438477,23.1754207611084,23.1754207611084,1468809,yahoo
2017-10-10,23.1754207611084,23.623014450073242,22.97648811340332,23.523548126220703,23.523548126220703,398508,yahoo
2017-10-11,23.573280334472656,23.821945190429688,22.578628540039062,22.777559280395508,22.777559280395508,828049,yahoo
2017-10-12,22.67809295654297,23.374351501464844,22.528894424438477,23.324617385864258,23.324617385864258,411556,yahoo
2017-10-13,23.324617385864258,24.020875930786133,22.877023696899414,22.97648811340332,22.97648811340332,1460428,yahoo
2017-10-16,22.67809295654297,22.82729148864746,21.63370704650879,21.683439254760742,21.683439254760742,1453238,yahoo
2017-10-17,21.78290557861328,22.280231475830078,21.38504409790039,21.733173370361328,21.733173370361328,600267,yahoo
2017-10-18,21.78290557861328,22.329965591430664,21.78290557861328,22.081300735473633,22.081300735473633,352201,yahoo
2017-10-19,22.329965591430664,22.329965591430664,20.9871826171875,21.08664894104004,21.08664894104004,781914,yahoo
2017-10-20,21.036916732788086,21.136381149291992,20.639053344726562,20.837984085083008,20.837984085083008,559179,yahoo
2017-10-23,20.887718200683594,21.186113357543945,19.992530822753906,20.091995239257812,20.091995239257812,568658,yahoo
2017-10-24,19.94279670715332,20.34065818786621,19.495203018188477,20.091995239257812,20.091995239257812,830627,yahoo
2017-10-25,20.241193771362305,21.2358455657959,20.19145965576172,20.937450408935547,20.937450408935547,531445,yahoo
2017-10-26,19.495203018188477,22.03156852722168,18.948144912719727,19.64440155029297,19.64440155029297,1941303,yahoo
2017-10-27,19.743865966796875,21.88237190246582,19.743865966796875,21.534242630004883,21.534242630004883,1053537,yahoo
2017-10-30,21.534242630004883,21.733173370361328,20.34065818786621,20.489856719970703,20.489856719970703,804286,yahoo
2017-10-31,20.390390396118164,22.081300735473633,20.290925979614258,21.38504409790039,21.38504409790039,794075,yahoo
2017-11-01,21.335311889648438,21.88237190246582,20.937450408935547,21.683439254760742,21.683439254760742,814629,yahoo
2017-11-02,21.733173370361328,22.03156852722168,21.136381149291992,21.78290557861328,21.78290557861328,624770,yahoo
2017-11-03,21.981836318969727,21.981836318969727,21.285579681396484,21.832637786865234,21.832637786865234,388700,yahoo
2017-11-06,21.683439254760742,21.78290557861328,21.186113357543945,21.186113357543945,21.186113357543945,455342,yahoo
2017-11-07,21.186113357543945,21.186113357543945,20.19145965576172,20.241193771362305,20.241193771362305,682086,yahoo
2017-11-08,20.241193771362305,21.48451042175293,20.241193771362305,21.38504409790039,21.38504409790039,1142277,yahoo
2017-11-09,21.434776306152344,21.583974838256836,20.091995239257812,20.390390396118164,20.390390396118164,1213677,yahoo
2017-11-10,20.489856719970703,20.639053344726562,19.843332290649414,19.843332290649414,19.843332290649414,549345,yahoo
2017-11-13,19.843332290649414,20.141727447509766,19.64440155029297,19.793598175048828,19.793598175048828,584845,yahoo
2017-11-14,19.843332290649414,20.68878746032715,19.843332290649414,20.241193771362305,20.241193771362305,661096,yahoo
2017-11-15,20.241193771362305,20.241193771362305,19.743865966796875,19.743865966796875,19.743865966796875,314455,yahoo
2017-11-16,19.893064498901367,20.19145965576172,19.843332290649414,19.893064498901367,19.893064498901367,539928,yahoo
2017-11-17,19.893064498901367,20.042261123657227,19.346004486083984,19.346004486083984,19.346004486083984,324539,yahoo
2017-11-20,19.346004486083984,19.54493522644043,18.848678588867188,19.196807861328125,19.196807861328125,668822,yahoo
2017-11-21,19.445470809936523,19.495203018188477,18.699480056762695,18.798946380615234,18.798946380615234,769864,yahoo
2017-11-22,18.848678588867188,19.196807861328125,18.74921226501465,19.047609329223633,19.047609329223633,640938,yahoo
2017-11-23,19.39573860168457,19.445470809936523,18.450817108154297,18.550281524658203,18.550281524658203,1033351,yahoo
2017-11-24,18.550281524658203,18.848678588867188,18.450817108154297,18.60001564025879,18.60001564025879,252660,yahoo
2017-11-27,18.60001564025879,18.798946380615234,18.450817108154297,18.60001564025879,18.60001564025879,199544,yahoo
2017-11-28,18.60001564025879,18.89841079711914,18.25188636779785,18.60001564025879,18.60001564025879,847260,yahoo
2017-11-29,18.60001564025879,18.74921226501465,18.25188636779785,18.25188636779785,18.25188636779785,1165328,yahoo
2017-11-30,18.152421951293945,18.649747848510742,18.152421951293945,18.649747848510742,18.649747848510742,717164,yahoo
2017-12-01,18.450817108154297,18.848678588867188,18.152421951293945,18.25188636779785,18.25188636779785,578109,yahoo
2017-12-04,18.35135269165039,18.35135269165039,17.55562973022461,17.903757095336914,17.903757095336914,986351,yahoo
2017-12-05,17.804292678833008,18.003223419189453,17.30696678161621,17.45616340637207,17.45616340637207,804758,yahoo
2017-12-06,17.406431198120117,17.55562973022461,16.859371185302734,16.958837509155273,16.958837509155273,1024350,yahoo
2017-12-07,16.90910530090332,17.008569717407227,16.560976028442383,16.610708236694336,16.610708236694336,639424,yahoo
2017-12-08,16.710174560546875,17.207500457763672,16.560976028442383,16.80963897705078,16.80963897705078,731949,yahoo
2017-12-11,16.80963897705078,17.903757095336914,16.80963897705078,17.356698989868164,17.356698989868164,752386,yahoo
2017-12-12,17.406431198120117,18.25188636779785,17.356698989868164,18.152421951293945,18.152421951293945,995524,yahoo
2017-12-13,18.152421951293945,18.50054931640625,17.9534912109375,17.9534912109375,17.9534912109375,461583,yahoo
2017-12-14,18.052955627441406,18.152421951293945,17.605361938476562,18.10268783569336,18.10268783569336,511486,yahoo
2017-12-15,18.10268783569336,18.10268783569336,17.30696678161621,17.605361938476562,17.605361938476562,453929,yahoo
2017-12-18,17.70482635498047,18.848678588867188,17.505897521972656,18.60001564025879,18.60001564025879,868700,yahoo
2017-12-19,18.60001564025879,18.74921226501465,17.85402488708496,18.10268783569336,18.10268783569336,845496,yahoo
2017-12-20,18.10268783569336,18.60001564025879,17.804292678833008,18.35135269165039,18.35135269165039,720759,yahoo
2017-12-21,18.35135269165039,18.35135269165039,17.903757095336914,18.152421951293945,18.152421951293945,368041,yahoo
2017-12-22,18.152421951293945,18.301618576049805,17.754560470581055,18.152421951293945,18.152421951293945,287688,yahoo
2017-12-27,17.903757095336914,18.003223419189453,17.55562973022461,17.655094146728516,17.655094146728516,464113,yahoo
2017-12-28,17.70482635498047,17.754560470581055,17.257232666015625,17.55562973022461,17.55562973022461,542060,yahoo
2017-12-29,17.45616340637207,17.605361938476562,17.207500457763672,17.605361938476562,17.605361938476562,586922,yahoo
2018-01-02,17.605361938476562,18.2021541595459,17.605361938476562,18.19220733642578,18.19220733642578,321561,yahoo
2018-01-03,18.401084899902344,19.36589813232422,18.222047805786133,19.246540069580078,19.246540069580078,706288,yahoo
2018-01-04,19.405683517456055,19.733919143676758,18.639801025390625,19.684186935424805,19.684186935424805,850414,yahoo
2018-01-05,19.684186935424805,19.86322593688965,19.266433715820312,19.733919143676758,19.733919143676758,433101,yahoo
2018-01-08,19.893064498901367,20.58932113647461,19.76375961303711,20.420230865478516,20.420230865478516,1110575,yahoo
2018-01-09,20.380443572998047,20.549535751342773,19.51509666442871,19.982582092285156,19.982582092285156,887521,yahoo
2018-01-10,19.962690353393555,20.10194206237793,19.037662506103516,19.246540069580078,19.246540069580078,696437,yahoo
2018-01-11,19.196807861328125,19.86322593688965,19.186861038208008,19.326112747192383,19.326112747192383,343046,yahoo
2018-01-12,19.29627227783203,19.70408058166504,19.196807861328125,19.415630340576172,19.415630340576172,303872,yahoo
2018-01-15,19.445470809936523,19.843332290649414,19.435523986816406,19.813491821289062,19.813491821289062,251711,yahoo
2018-01-16,19.893064498901367,20.489856719970703,19.654348373413086,19.922903060913086,19.922903060913086,703632,yahoo
2018-01-17,19.893064498901367,20.241193771362305,19.534988403320312,19.952743530273438,19.952743530273438,455022,yahoo
2018-01-18,20.28097915649414,20.28097915649414,19.30621910095215,19.495203018188477,19.495203018188477,646617,yahoo
2018-01-19,19.495203018188477,19.674240112304688,18.798946380615234,18.938196182250977,18.938196182250977,697648,yahoo
2018-01-22,18.848678588867188,19.42557716369629,18.649747848510742,19.385791778564453,19.385791778564453,482912,yahoo
2018-01-23,19.445470809936523,19.962690353393555,19.14707374572754,19.29627227783203,19.29627227783203,503614,yahoo
2018-01-24,19.39573860168457,19.405683517456055,18.391138076782227,18.391138076782227,18.391138076782227,776698,yahoo
2018-01-25,18.401084899902344,18.450817108154297,17.406431198120117,17.535736083984375,17.535736083984375,854866,yahoo
2018-01-26,17.724720001220703,17.863971710205078,17.078195571899414,17.29701805114746,17.29701805114746,1039349,yahoo
2018-01-29,17.287073135375977,17.873918533325195,17.15776824951172,17.804292678833008,17.804292678833008,677106,yahoo
2018-01-30,17.804292678833008,17.844078063964844,17.486003875732422,17.694881439208984,17.694881439208984,412887,yahoo
2018-01-31,17.655094146728516,17.70482635498047,17.177661895751953,17.33680534362793,17.33680534362793,347956,yahoo
2018-02-01,17.406431198120117,17.70482635498047,17.316911697387695,17.505897521972656,17.505897521972656,231242,yahoo
2018-02-02,17.49595069885254,17.49595069885254,16.919050216674805,17.21744728088379,17.21744728088379,524427,yahoo
2018-02-05,17.237340927124023,17.24728775024414,16.17306137084961,16.19295310974121,16.19295310974121,816411,yahoo
2018-02-06,14.472204208374023,16.163114547729492,14.273274421691895,15.675735473632812,15.675735473632812,1491174,yahoo
2018-02-07,16.013917922973633,17.356698989868164,15.994024276733398,17.30696678161621,17.30696678161621,672551,yahoo
2018-02-08,16.461511611938477,17.70482635498047,15.665787696838379,16.23274040222168,16.23274040222168,1029460,yahoo
2018-02-09,15.944291114807129,16.123329162597656,15.72546672821045,15.765253067016602,15.765253067016602,461988,yahoo
2018-02-12,16.41177749633789,17.3765926361084,16.183008193969727,17.356698989868164,17.356698989868164,1029019,yahoo
2018-02-13,17.605361938476562,17.873918533325195,17.21744728088379,17.873918533325195,17.873918533325195,536556,yahoo
2018-02-14,17.903757095336914,19.88311767578125,17.804292678833008,19.843332290649414,19.843332290649414,1292916,yahoo
2018-02-15,19.594667434692383,19.793598175048828,18.41103172302246,18.828784942626953,18.828784942626953,701677,yahoo
2018-02-16,18.848678588867188,18.948144912719727,18.401084899902344,18.56022834777832,18.56022834777832,277051,yahoo
2018-02-19,18.60001564025879,18.779052734375,18.152421951293945,18.2021541595459,18.2021541595459,191103,yahoo
2018-02-20,18.401084899902344,18.401084899902344,18.033063888549805,18.25188636779785,18.25188636779785,187979,yahoo
2018-02-21,18.38119125366211,18.550281524658203,18.2021541595459,18.48065757751465,18.48065757751465,239267,yahoo
2018-02-22,18.490602493286133,18.56022834777832,17.9534912109375,18.152421951293945,18.152421951293945,232289,yahoo
2018-02-23,18.023115158081055,18.19220733642578,17.70482635498047,17.754560470581055,17.754560470581055,226020,yahoo
2018-02-26,17.665040969848633,18.10268783569336,17.466110229492188,17.744613647460938,17.744613647460938,176921,yahoo
2018-02-27,17.744613647460938,18.41103172302246,17.49595069885254,17.76450538635254,17.76450538635254,235135,yahoo
2018-02-28,17.76450538635254,18.07284927368164,17.665040969848633,18.033063888549805,18.033063888549805,327191,yahoo
2018-03-01,18.04300880432129,18.052955627441406,17.33680534362793,17.416378021240234,17.416378021240234,264230,yahoo
2018-03-02,17.386537551879883,17.406431198120117,16.799692153930664,17.267179489135742,17.267179489135742,330909,yahoo
2018-03-05,17.167713165283203,17.625255584716797,16.928998947143555,17.127927780151367,17.127927780151367,246154,yahoo
2018-03-06,17.406431198120117,17.625255584716797,17.197553634643555,17.346752166748047,17.346752166748047,277765,yahoo
2018-03-07,17.386537551879883,17.595415115356445,17.207500457763672,17.326858520507812,17.326858520507812,449125,yahoo
2018-03-08,17.30696678161621,18.50054931640625,17.207500457763672,18.122581481933594,18.122581481933594,396695,yahoo
2018-03-09,18.401084899902344,18.60001564025879,17.70482635498047,17.70482635498047,17.70482635498047,354396,yahoo
2018-03-12,17.85402488708496,18.182260513305664,17.525789260864258,17.525789260864258,17.525789260864258,291082,yahoo
2018-03-13,17.525789260864258,18.2021541595459,17.51584243774414,18.003223419189453,18.003223419189453,516519,yahoo
2018-03-14,17.834131240844727,18.331459045410156,17.824186325073242,18.023115158081055,18.023115158081055,216863,yahoo
2018-03-15,19.893064498901367,19.893064498901367,18.74921226501465,19.14707374572754,19.14707374572754,1804791,yahoo
2018-03-16,19.66429328918457,19.66429328918457,18.450817108154297,18.520442962646484,18.520442962646484,655468,yahoo
2018-03-19,18.56022834777832,18.65969467163086,17.903757095336914,18.04300880432129,18.04300880432129,343452,yahoo
2018-03-20,18.04300880432129,18.47071075439453,17.85402488708496,17.863971710205078,17.863971710205078,263026,yahoo
2018-03-21,17.873918533325195,17.98332977294922,17.655094146728516,17.79434585571289,17.79434585571289,282966,yahoo
2018-03-22,17.79434585571289,17.79434585571289,17.446216583251953,17.505897521972656,17.505897521972656,220418,yahoo
2018-03-23,17.406431198120117,17.844078063964844,16.93894386291504,17.844078063964844,17.844078063964844,326925,yahoo
2018-03-26,17.804292678833008,17.804292678833008,17.287073135375977,17.446216583251953,17.446216583251953,450729,yahoo
2018-03-27,17.466110229492188,17.665040969848633,16.958837509155273,16.988676071166992,16.988676071166992,229388,yahoo
2018-03-28,16.928998947143555,17.068248748779297,16.242687225341797,16.27252769470215,16.27252769470215,824317,yahoo
2018-03-29,16.27252769470215,16.620655059814453,15.944291114807129,16.013917922973633,16.013917922973633,799243,yahoo
2018-04-03,16.013917922973633,16.51124382019043,15.824933052062988,16.41177749633789,16.41177749633789,728760,yahoo
2018-04-04,16.41177749633789,16.90910530090332,16.282472610473633,16.54108238220215,16.54108238220215,336919,yahoo
2018-04-05,16.551029205322266,17.79434585571289,16.551029205322266,17.724720001220703,17.724720001220703,563834,yahoo
2018-04-06,17.70482635498047,17.70482635498047,16.74995994567871,16.759906768798828,16.759906768798828,340090,yahoo
2018-04-09,16.769853591918945,17.15776824951172,16.41177749633789,16.580869674682617,16.580869674682617,304876,yahoo
2018-04-10,16.461511611938477,16.461511611938477,16.212846755981445,16.381938934326172,16.381938934326172,315609,yahoo
2018-04-11,16.362045288085938,16.41177749633789,16.033809661865234,16.19295310974121,16.19295310974121,280527,yahoo
2018-04-12,16.35209846496582,16.401830673217773,15.914450645446777,16.013917922973633,16.013917922973633,329554,yahoo
2018-04-13,16.013917922973633,16.302366256713867,16.013917922973633,16.063648223876953,16.063648223876953,152692,yahoo
2018-04-16,16.013917922973633,16.212846755981445,15.824933052062988,15.86471939086914,15.86471939086914,246974,yahoo
2018-04-17,15.86471939086914,16.242687225341797,15.86471939086914,15.874665260314941,15.874665260314941,275846,yahoo
2018-04-18,16.163114547729492,16.889211654663086,15.884612083435059,16.610708236694336,16.610708236694336,336000,yahoo
2018-04-19,16.35209846496582,16.90910530090332,16.29241943359375,16.859371185302734,16.859371185302734,401096,yahoo
2018-04-20,16.86931800842285,17.15776824951172,16.60076141357422,16.610708236694336,16.610708236694336,206703,yahoo
2018-04-23,16.610708236694336,16.899158477783203,16.312313079833984,16.769853591918945,16.769853591918945,245319,yahoo
2018-04-24,16.80963897705078,17.008569717407227,16.421724319458008,16.441617965698242,16.441617965698242,210551,yahoo
2018-04-25,16.441617965698242,16.859371185302734,15.964183807373047,16.013917922973633,16.013917922973633,372145,yahoo
2018-04-26,17.15776824951172,18.60001564025879,16.560976028442383,18.003223419189453,18.003223419189453,2489657,yahoo
2018-04-27,18.10268783569336,18.271780014038086,17.45616340637207,17.61530876159668,17.61530876159668,541744,yahoo
2018-04-30,17.49595069885254,18.19220733642578,17.27712631225586,18.052955627441406,18.052955627441406,470057,yahoo
2018-05-02,18.10268783569336,19.286325454711914,18.052955627441406,19.11723518371582,19.11723518371582,1366946,yahoo
2018-05-03,19.14707374572754,19.186861038208008,18.281726837158203,18.609962463378906,18.609962463378906,719500,yahoo
2018-05-04,18.609962463378906,18.858625411987305,18.023115158081055,18.47071075439453,18.47071075439453,373899,yahoo
2018-05-07,18.401084899902344,18.590068817138672,18.212099075317383,18.590068817138672,18.590068817138672,188107,yahoo
2018-05-08,18.60001564025879,18.818838119506836,18.48065757751465,18.759159088134766,18.759159088134766,232436,yahoo
2018-05-09,18.759159088134766,18.89841079711914,18.60001564025879,18.818838119506836,18.818838119506836,128692,yahoo
2018-05-11,18.818838119506836,19.63445472717285,18.709426879882812,19.14707374572754,19.14707374572754,550724,yahoo
2018-05-14,19.226646423339844,20.489856719970703,19.14707374572754,20.141727447509766,20.141727447509766,1227883,yahoo
2018-05-15,20.13178062438965,20.44012451171875,19.51509666442871,19.793598175048828,19.793598175048828,572028,yahoo
2018-05-16,19.893064498901367,21.78290557861328,19.893064498901367,21.365150451660156,21.365150451660156,1179393,yahoo
2018-05-17,21.335311889648438,21.862478256225586,20.7186279296875,21.66354751586914,21.66354751586914,762398,yahoo
2018-05-18,21.713279724121094,22.021621704101562,21.215953826904297,21.534242630004883,21.534242630004883,454866,yahoo
2018-05-21,21.534242630004883,21.88237190246582,20.818092346191406,20.907611846923828,20.907611846923828,395890,yahoo
2018-05-22,20.907611846923828,21.32536506652832,20.58932113647461,20.847930908203125,20.847930908203125,318360,yahoo
2018-05-23,20.82803726196289,20.95734214782715,19.893064498901367,20.798198699951172,20.798198699951172,418901,yahoo
2018-05-24,20.818092346191406,21.305471420288086,19.893064498901367,20.141727447509766,20.141727447509766,407611,yahoo
2018-05-25,20.171567916870117,20.698732376098633,20.16162109375,20.430177688598633,20.430177688598633,267407,yahoo
2018-05-28,21.285579681396484,21.285579681396484,20.151674270629883,20.25113868713379,20.25113868713379,286590,yahoo
2018-05-29,20.241193771362305,20.25113868713379,19.23659324645996,19.435523986816406,19.435523986816406,487281,yahoo
2018-05-30,19.246540069580078,19.505149841308594,18.609962463378906,19.495203018188477,19.495203018188477,628142,yahoo
2018-05-31,19.534988403320312,19.614561080932617,18.709426879882812,18.908357620239258,18.908357620239258,885780,yahoo
2018-06-01,18.788999557495117,19.316165924072266,18.788999557495117,18.928251266479492,18.928251266479492,193989,yahoo
2018-06-04,18.908357620239258,19.14707374572754,18.65969467163086,18.80889129638672,18.80889129638672,207889,yahoo
2018-06-05,18.669641494750977,19.475309371948242,18.649747848510742,19.08739471435547,19.08739471435547,280246,yahoo
2018-06-06,19.08739471435547,19.08739471435547,19.08739471435547,19.08739471435547,19.08739471435547,0,yahoo
2018-06-07,19.08739471435547,19.166967391967773,18.609962463378906,18.997875213623047,18.997875213623047,265183,yahoo
2018-06-08,19.047609329223633,19.157020568847656,18.649747848510742,18.968036651611328,18.968036651611328,158022,yahoo
2018-06-11,19.14707374572754,19.564828872680664,18.968036651611328,19.564828872680664,19.564828872680664,204742,yahoo
2018-06-12,19.64440155029297,20.857877731323242,19.564828872680664,20.549535751342773,20.549535751342773,719478,yahoo
2018-06-13,20.539588928222656,20.639053344726562,19.405683517456055,19.525043487548828,19.525043487548828,377279,yahoo
2018-06-14,19.5847225189209,20.22130012512207,19.14707374572754,20.22130012512207,20.22130012512207,390960,yahoo
2018-06-15,20.330711364746094,21.26568603515625,20.330711364746094,21.126434326171875,21.126434326171875,1080913,yahoo
2018-06-18,21.88237190246582,22.320018768310547,21.186113357543945,21.335311889648438,21.335311889648438,1543106,yahoo
2018-06-19,21.38504409790039,21.38504409790039,20.44012451171875,20.798198699951172,20.798198699951172,701408,yahoo
2018-06-20,20.897663116455078,21.136381149291992,20.141727447509766,20.44012451171875,20.44012451171875,447631,yahoo
2018-06-21,20.46001625061035,20.758413314819336,20.181514739990234,20.639053344726562,20.639053344726562,285448,yahoo
2018-06-22,20.639053344726562,20.639053344726562,20.639053344726562,20.639053344726562,20.639053344726562,0,yahoo
2018-06-25,20.58932113647461,20.997129440307617,20.091995239257812,20.091995239257812,20.091995239257812,336444,yahoo
2018-06-26,20.28097915649414,20.380443572998047,19.445470809936523,19.445470809936523,19.445470809936523,384481,yahoo
2018-06-27,19.654348373413086,19.843332290649414,18.997875213623047,19.534988403320312,19.534988403320312,539739,yahoo
2018-06-28,19.475309371948242,19.733919143676758,19.166967391967773,19.375844955444336,19.375844955444336,256959,yahoo
2018-06-29,19.64440155029297,20.042261123657227,19.475309371948242,19.94279670715332,19.94279670715332,282667,yahoo
2018-07-02,19.833385467529297,19.833385467529297,19.216699600219727,19.3559513092041,19.3559513092041,223291,yahoo
2018-07-03,19.3559513092041,19.495203018188477,19.276378631591797,19.39573860168457,19.39573860168457,174038,yahoo
2018-07-04,19.475309371948242,19.475309371948242,18.89841079711914,18.948144912719727,18.948144912719727,218114,yahoo
2018-07-05,18.938196182250977,19.29627227783203,18.570175170898438,18.699480056762695,18.699480056762695,280270,yahoo
2018-07-06,18.729320526123047,18.89841079711914,17.92365074157715,18.19220733642578,18.19220733642578,575193,yahoo
2018-07-09,18.25188636779785,18.848678588867188,18.25188636779785,18.460763931274414,18.460763931274414,269593,yahoo
2018-07-10,18.460763931274414,19.385791778564453,18.460763931274414,19.097341537475586,19.097341537475586,524548,yahoo
2018-07-11,18.928251266479492,18.928251266479492,18.26183319091797,18.5303897857666,18.5303897857666,366485,yahoo
2018-07-12,18.5303897857666,18.828784942626953,18.35135269165039,18.74921226501465,18.74921226501465,274980,yahoo
2018-07-13,18.89841079711914,18.89841079711914,18.430923461914062,18.669641494750977,18.669641494750977,201384,yahoo
2018-07-16,18.89841079711914,19.346004486083984,18.709426879882812,19.346004486083984,19.346004486083984,324426,yahoo
2018-07-17,19.405683517456055,20.241193771362305,19.246540069580078,20.241193771362305,20.241193771362305,463236,yahoo
2018-07-18,20.141727447509766,20.609214782714844,19.753812789916992,19.833385467529297,19.833385467529297,281953,yahoo
2018-07-19,19.843332290649414,20.569429397583008,19.694133758544922,20.360551834106445,20.360551834106445,456904,yahoo
2018-07-20,20.64900016784668,21.225900650024414,19.39573860168457,19.594667434692383,19.594667434692383,528258,yahoo
2018-07-23,19.505149841308594,19.505149841308594,18.74921226501465,18.80889129638672,18.80889129638672,392711,yahoo
2018-07-24,18.89841079711914,19.077449798583984,18.5303897857666,18.828784942626953,18.828784942626953,329803,yahoo
2018-07-25,18.80889129638672,18.80889129638672,18.401084899902344,18.41103172302246,18.41103172302246,318002,yahoo
2018-07-26,18.41103172302246,18.60001564025879,18.162368774414062,18.391138076782227,18.391138076782227,247501,yahoo
2018-07-27,18.41103172302246,19.14707374572754,18.41103172302246,18.89841079711914,18.89841079711914,271781,yahoo
2018-07-30,18.89841079711914,19.127180099487305,18.689533233642578,18.89841079711914,18.89841079711914,190528,yahoo
2018-07-31,18.908357620239258,19.36589813232422,18.67958641052246,19.36589813232422,19.36589813232422,268578,yahoo
2018-08-01,19.78365135192871,19.78365135192871,19.047609329223633,19.3559513092041,19.3559513092041,409982,yahoo
2018-08-02,19.3559513092041,19.773706436157227,18.878517150878906,19.773706436157227,19.773706436157227,335411,yahoo
2018-08-03,19.76375961303711,20.012422561645508,19.375844955444336,19.475309371948242,19.475309371948242,371870,yahoo
2018-08-06,19.39573860168457,19.624507904052734,19.05755615234375,19.05755615234375,19.05755615234375,188789,yahoo
2018-08-07,19.067501068115234,19.554882049560547,19.05755615234375,19.445470809936523,19.445470809936523,186149,yahoo
2018-08-08,19.3559513092041,19.70408058166504,19.286325454711914,19.30621910095215,19.30621910095215,187834,yahoo
2018-08-09,19.405683517456055,19.684186935424805,19.29627227783203,19.534988403320312,19.534988403320312,131064,yahoo
2018-08-10,19.534988403320312,19.78365135192871,19.246540069580078,19.714027404785156,19.714027404785156,167487,yahoo
2018-08-13,19.72397232055664,19.992530822753906,19.45541763305664,19.932849884033203,19.932849884033203,182168,yahoo
2018-08-14,19.932849884033203,19.94279670715332,19.206754684448242,19.42557716369629,19.42557716369629,325659,yahoo
2018-08-15,19.843332290649414,19.922903060913086,19.385791778564453,19.564828872680664,19.564828872680664,182682,yahoo
2018-08-16,19.5847225189209,19.594667434692383,19.107288360595703,19.29627227783203,19.29627227783203,155221,yahoo
2018-08-17,19.23659324645996,19.54493522644043,19.226646423339844,19.405683517456055,19.405683517456055,267610,yahoo
2018-08-20,19.405683517456055,20.290925979614258,19.39573860168457,19.893064498901367,19.893064498901367,549093,yahoo
2018-08-21,19.893064498901367,19.972637176513672,19.505149841308594,19.624507904052734,19.624507904052734,282598,yahoo
2018-08-22,19.694133758544922,19.833385467529297,19.405683517456055,19.495203018188477,19.495203018188477,168149,yahoo
2018-08-23,19.495203018188477,20.290925979614258,19.495203018188477,20.141727447509766,20.141727447509766,445620,yahoo
2018-08-24,20.19145965576172,20.489856719970703,19.793598175048828,20.181514739990234,20.181514739990234,372716,yahoo
2018-08-27,20.290925979614258,21.036916732788086,19.952743530273438,20.887718200683594,20.887718200683594,846059,yahoo
2018-08-28,20.887718200683594,21.812744140625,20.887718200683594,21.78290557861328,21.78290557861328,787965,yahoo
2018-08-29,21.75306510925293,21.75306510925293,20.887718200683594,21.51434898376465,21.51434898376465,461801,yahoo
2018-08-30,21.335311889648438,21.48451042175293,21.136381149291992,21.136381149291992,21.136381149291992,218669,yahoo
2018-08-31,21.146326065063477,21.335311889648438,20.479909896850586,21.196060180664062,21.196060180664062,381932,yahoo
2018-09-03,21.196060180664062,21.78290557861328,21.08664894104004,21.544189453125,21.544189453125,368616,yahoo
2018-09-04,21.534242630004883,22.13103485107422,21.414884567260742,21.93210220336914,21.93210220336914,896901,yahoo
2018-09-05,21.88237190246582,21.88237190246582,21.096595764160156,21.534242630004883,21.534242630004883,515494,yahoo
2018-09-06,21.146326065063477,21.93210220336914,21.146326065063477,21.812744140625,21.812744140625,399970,yahoo
2018-09-07,21.812744140625,22.85713005065918,21.593921661376953,22.85713005065918,22.85713005065918,1345449,yahoo
2018-09-10,22.877023696899414,22.877023696899414,22.25039291381836,22.518949508666992,22.518949508666992,345215,yahoo
2018-09-11,22.509002685546875,23.682693481445312,22.290178298950195,23.523548126220703,23.523548126220703,910588,yahoo
2018-09-12,23.623014450073242,23.63296127319336,22.697986602783203,23.304725646972656,23.304725646972656,699089,yahoo
2018-09-13,23.374351501464844,23.642906188964844,22.95659637451172,23.404190063476562,23.404190063476562,390735,yahoo
2018-09-14,23.523548126220703,24.26953887939453,23.384296417236328,23.861730575561523,23.861730575561523,825791,yahoo
2018-09-17,23.841838836669922,23.861730575561523,22.379697799682617,22.95659637451172,22.95659637451172,393707,yahoo
2018-09-18,22.95659637451172,22.95659637451172,22.329965591430664,22.697986602783203,22.697986602783203,435530,yahoo
2018-09-19,22.717880249023438,23.215206146240234,22.389644622802734,22.966543197631836,22.966543197631836,366350,yahoo
2018-09-20,22.88697052001953,23.16547393798828,22.628360748291016,22.777559280395508,22.777559280395508,195376,yahoo
2018-09-21,22.658199310302734,22.877023696899414,21.88237190246582,22.329965591430664,22.329965591430664,318953,yahoo
2018-09-24,22.320018768310547,22.320018768310547,21.394990921020508,21.583974838256836,21.583974838256836,426677,yahoo
2018-09-25,21.583974838256836,22.31007194519043,21.136381149291992,21.534242630004883,21.534242630004883,459949,yahoo
2018-09-26,21.63370704650879,22.230499267578125,21.285579681396484,21.653600692749023,21.653600692749023,503196,yahoo
2018-09-27,21.623760223388672,22.320018768310547,21.434776306152344,22.280231475830078,22.280231475830078,419374,yahoo
2018-09-28,21.88237190246582,22.578628540039062,21.733173370361328,22.101194381713867,22.101194381713867,429536,yahoo
2018-10-01,22.13103485107422,22.230499267578125,21.593921661376953,22.041515350341797,22.041515350341797,326097,yahoo
2018-10-02,22.001728057861328,22.041515350341797,21.2358455657959,21.38504409790039,21.38504409790039,258033,yahoo
2018-10-03,21.345258712768555,21.57402801513672,21.335311889648438,21.57402801513672,21.57402801513672,307031,yahoo
2018-10-04,21.5640811920166,21.5640811920166,20.569429397583008,20.629108428955078,20.629108428955078,411924,yahoo
2018-10-05,20.609214782714844,21.245792388916016,19.893064498901367,21.2358455657959,21.2358455657959,451866,yahoo
2018-10-08,21.981836318969727,22.19071388244629,20.818092346191406,20.947397232055664,20.947397232055664,944739,yahoo
2018-10-09,20.95734214782715,21.02696990966797,20.40033721923828,20.877771377563477,20.877771377563477,432783,yahoo
2018-10-10,20.917556762695312,20.917556762695312,19.64440155029297,19.78365135192871,19.78365135192871,536186,yahoo
2018-10-11,18.908357620239258,19.39573860168457,18.29167366027832,18.331459045410156,18.331459045410156,1626247,yahoo
2018-10-12,18.699480056762695,19.5847225189209,18.60001564025879,18.739267349243164,18.739267349243164,928486,yahoo
2018-10-15,18.908357620239258,18.95808982849121,18.341405868530273,18.401084899902344,18.401084899902344,432725,yahoo
2018-10-16,18.391138076782227,19.415630340576172,18.301618576049805,19.107288360595703,19.107288360595703,343327,yahoo
2018-10-17,19.286325454711914,20.052209854125977,19.007823944091797,19.256486892700195,19.256486892700195,577803,yahoo
2018-10-18,19.39573860168457,19.435523986816406,18.89841079711914,18.997875213623047,18.997875213623047,695062,yahoo
2018-10-19,18.997875213623047,19.097341537475586,18.25188636779785,18.828784942626953,18.828784942626953,655530,yahoo
2018-10-22,18.89841079711914,19.097341537475586,18.609962463378906,18.818838119506836,18.818838119506836,397205,yahoo
2018-10-23,18.60001564025879,18.65969467163086,18.10268783569336,18.32151222229004,18.32151222229004,742017,yahoo
2018-10-24,18.32151222229004,19.14707374572754,18.152421951293945,18.89841079711914,18.89841079711914,466383,yahoo
2018-10-25,17.893810272216797,17.893810272216797,15.814986228942871,15.974130630493164,15.974130630493164,4708388,yahoo
2018-10-26,16.3222599029541,17.117982864379883,15.974130630493164,16.441617965698242,16.441617965698242,1133623,yahoo
2018-10-29,16.441617965698242,16.441617965698242,16.441617965698242,16.441617965698242,16.441617965698242,0,yahoo
2018-10-30,17.167713165283203,17.207500457763672,16.501296997070312,17.127927780151367,17.127927780151367,966925,yahoo
2018-10-31,17.406431198120117,17.466110229492188,16.69028091430664,16.90910530090332,16.90910530090332,894908,yahoo
2018-11-01,16.919050216674805,16.958837509155273,16.183008193969727,16.19295310974121,16.19295310974121,1528317,yahoo
2018-11-02,16.26258087158203,16.90910530090332,16.26258087158203,16.90910530090332,16.90910530090332,627848,yahoo
2018-11-05,16.919050216674805,17.117982864379883,16.560976028442383,16.889211654663086,16.889211654663086,404199,yahoo
2018-11-06,17.048355102539062,17.15776824951172,16.610708236694336,16.93894386291504,16.93894386291504,414797,yahoo
2018-11-07,16.8195858001709,17.127927780151367,16.759906768798828,16.799692153930664,16.799692153930664,361925,yahoo
2018-11-08,16.799692153930664,16.86931800842285,16.312313079833984,16.590816497802734,16.590816497802734,509413,yahoo
2018-11-09,16.521190643310547,16.8195858001709,16.35209846496582,16.650495529174805,16.650495529174805,327762,yahoo
2018-11-12,16.610708236694336,16.63060188293457,16.20290184020996,16.312313079833984,16.312313079833984,642949,yahoo
2018-11-13,16.312313079833984,16.501296997070312,15.437018394470215,15.72546672821045,15.72546672821045,1554286,yahoo
2018-11-14,15.675735473632812,16.3222599029541,15.188353538513184,15.914450645446777,15.914450645446777,1097313,yahoo
2018-11-15,16.20290184020996,16.20290184020996,15.287819862365723,15.41712474822998,15.41712474822998,688694,yahoo
2018-11-16,15.61605453491211,15.69562816619873,15.168460845947266,15.267927169799805,15.267927169799805,525564,yahoo
2018-11-19,15.327606201171875,15.516590118408203,14.820332527160645,14.830279350280762,14.830279350280762,552061,yahoo
2018-11-20,14.770600318908691,14.820332527160645,14.213594436645508,14.76065444946289,14.76065444946289,1735748,yahoo
2018-11-21,14.770600318908691,15.86471939086914,14.68108081817627,15.86471939086914,15.86471939086914,844497,yahoo
2018-11-22,15.854771614074707,15.854771614074707,14.57166862487793,14.770600318908691,14.770600318908691,1263582,yahoo
2018-11-23,14.919797897338867,15.30771255493164,14.720867156982422,14.770600318908691,14.770600318908691,558934,yahoo
2018-11-26,14.820332527160645,15.277873039245605,14.59156322479248,15.208248138427734,15.208248138427734,664315,yahoo
2018-11-27,15.108781814575195,15.297765731811523,14.85017204284668,15.009317398071289,15.009317398071289,735331,yahoo
2018-11-28,14.999369621276855,16.013917922973633,14.919797897338867,15.765253067016602,15.765253067016602,847730,yahoo
2018-11-29,15.914450645446777,16.27252769470215,15.854771614074707,15.934344291687012,15.934344291687012,639348,yahoo
2018-11-30,15.765253067016602,15.994024276733398,15.466856956481934,15.775199890136719,15.775199890136719,380862,yahoo
2018-12-03,15.72546672821045,16.11338233947754,15.168460845947266,15.168460845947266,15.168460845947266,542090,yahoo
2018-12-04,15.168460845947266,15.24803352355957,14.79049301147461,14.979476928710938,14.979476928710938,363394,yahoo
2018-12-05,14.909852027893066,15.287819862365723,14.541830062866211,14.969531059265137,14.969531059265137,380287,yahoo
2018-12-06,14.909852027893066,15.387285232543945,14.521937370300293,15.267927169799805,15.267927169799805,568895,yahoo
2018-12-07,15.397232055664062,15.874665260314941,15.148568153381348,15.228140830993652,15.228140830993652,437965,yahoo
2018-12-10,15.108781814575195,15.198301315307617,14.68108081817627,14.68108081817627,14.68108081817627,362186,yahoo
2018-12-11,14.720867156982422,15.745360374450684,14.720867156982422,15.486749649047852,15.486749649047852,597571,yahoo
2018-12-12,15.645895004272461,15.645895004272461,15.06899642944336,15.327606201171875,15.327606201171875,465291,yahoo
2018-12-13,15.327606201171875,15.47680377960205,14.840226173400879,14.89990520477295,14.89990520477295,376627,yahoo
2018-12-14,14.770600318908691,14.860118865966797,14.502043724060059,14.820332527160645,14.820332527160645,541453,yahoo
2018-12-17,14.780547142028809,14.870064735412598,14.51198959350586,14.860118865966797,14.860118865966797,314807,yahoo
2018-12-18,14.860118865966797,15.257980346679688,14.531883239746094,14.631348609924316,14.631348609924316,695275,yahoo
2018-12-19,14.661188125610352,14.85017204284668,14.412525177001953,14.840226173400879,14.840226173400879,509025,yahoo
2018-12-20,14.730813980102539,14.730813980102539,13.616802215576172,13.775946617126465,13.775946617126465,1100106,yahoo
2018-12-21,13.726214408874512,13.726214408874512,13.000117301940918,13.039902687072754,13.039902687072754,1408870,yahoo
2018-12-27,13.228887557983398,13.63669490814209,12.661934852600098,12.721613883972168,12.721613883972168,798046,yahoo
2018-12-28,12.87081241607666,13.7958402633667,12.87081241607666,13.46760368347168,13.46760368347168,1024970,yahoo
2019-01-02,13.765999794006348,14.163862228393555,13.228887557983398,14.163862228393555,14.163862228393555,465979,yahoo
2019-01-03,13.925145149230957,14.064395904541016,13.427818298339844,13.51733684539795,13.51733684539795,658555,yahoo
2019-01-04,13.46760368347168,14.124075889587402,13.437765121459961,14.054450035095215,14.054450035095215,586825,yahoo
2019-01-07,14.104182243347168,14.810385704040527,14.004716873168945,14.810385704040527,14.810385704040527,674510,yahoo
2019-01-08,14.919797897338867,16.90910530090332,14.919797897338867,16.90910530090332,16.90910530090332,2512895,yahoo
2019-01-09,17.33680534362793,17.33680534362793,15.95423698425293,16.123329162597656,16.123329162597656,1640607,yahoo
2019-01-10,16.13327407836914,16.13327407836914,15.178407669067383,15.456911087036133,15.456911087036133,855528,yahoo
2019-01-11,15.58621597290039,16.26258087158203,15.516590118408203,16.26258087158203,16.26258087158203,822843,yahoo
2019-01-14,16.26258087158203,16.362045288085938,15.914450645446777,16.29241943359375,16.29241943359375,436916,yahoo
2019-01-15,16.302366256713867,16.680334091186523,16.11338233947754,16.27252769470215,16.27252769470215,813819,yahoo
2019-01-16,16.620655059814453,16.69028091430664,16.212846755981445,16.69028091430664,16.69028091430664,357811,yahoo
2019-01-17,16.740013122558594,16.90910530090332,16.302366256713867,16.580869674682617,16.580869674682617,340888,yahoo
2019-01-18,16.859371185302734,17.55562973022461,16.580869674682617,17.525789260864258,17.525789260864258,1153614,yahoo
2019-01-21,17.655094146728516,17.754560470581055,16.849424362182617,17.108034133911133,17.108034133911133,502524,yahoo
2019-01-22,16.849424362182617,17.1478214263916,16.431671142578125,16.560976028442383,16.560976028442383,357861,yahoo
2019-01-23,16.560976028442383,16.560976028442383,15.934344291687012,15.984077453613281,15.984077453613281,384692,yahoo
2019-01-24,16.163114547729492,16.839479446411133,16.14322280883789,16.789745330810547,16.789745330810547,374084,yahoo
2019-01-25,16.90910530090332,17.694881439208984,16.41177749633789,17.605361938476562,17.605361938476562,968494,yahoo
2019-01-28,17.565576553344727,17.565576553344727,16.5709228515625,16.66044044494629,16.66044044494629,629361,yahoo
2019-01-29,16.66044044494629,17.416378021240234,16.481403350830078,16.759906768798828,16.759906768798828,500224,yahoo
2019-01-30,16.730066299438477,17.108034133911133,16.730066299438477,16.988676071166992,16.988676071166992,286527,yahoo
2019-01-31,16.988676071166992,17.207500457763672,16.461511611938477,16.740013122558594,16.740013122558594,600110,yahoo
2019-02-01,16.740013122558594,16.93894386291504,16.620655059814453,16.680334091186523,16.680334091186523,261906,yahoo
2019-02-04,16.670387268066406,16.899158477783203,16.66044044494629,16.789745330810547,16.789745330810547,283101,yahoo
2019-02-05,16.80963897705078,17.127927780151367,16.560976028442383,16.710174560546875,16.710174560546875,534863,yahoo
2019-02-06,16.023862838745117,18.35135269165039,15.914450645446777,18.092742919921875,18.092742919921875,1939003,yahoo
2019-02-07,18.10268783569336,18.50054931640625,17.625255584716797,17.625255584716797,17.625255584716797,1097608,yahoo
2019-02-08,17.625255584716797,17.744613647460938,16.86931800842285,17.038410186767578,17.038410186767578,664253,yahoo
2019-02-11,17.038410186767578,17.605361938476562,16.90910530090332,17.595415115356445,17.595415115356445,516451,yahoo
2019-02-12,17.605361938476562,18.033063888549805,17.49595069885254,17.655094146728516,17.655094146728516,322878,yahoo
2019-02-13,17.834131240844727,18.142475128173828,17.525789260864258,17.535736083984375,17.535736083984375,405011,yahoo
2019-02-14,17.535736083984375,17.744613647460938,16.988676071166992,17.386537551879883,17.386537551879883,612683,yahoo
2019-02-15,17.27712631225586,18.092742919921875,17.227394104003906,17.784399032592773,17.784399032592773,552823,yahoo
2019-02-18,17.784399032592773,17.863971710205078,17.476057052612305,17.79434585571289,17.79434585571289,210787,yahoo
2019-02-19,17.79434585571289,17.98332977294922,17.49595069885254,17.61530876159668,17.61530876159668,214185,yahoo
2019-02-20,17.61530876159668,17.625255584716797,17.127927780151367,17.197553634643555,17.197553634643555,400684,yahoo
2019-02-21,17.207500457763672,17.326858520507812,16.948890686035156,17.207500457763672,17.207500457763672,450263,yahoo
2019-02-22,17.18760871887207,17.27712631225586,16.680334091186523,16.919050216674805,16.919050216674805,596845,yahoo
2019-02-25,16.99862289428711,17.883865356445312,16.958837509155273,17.774452209472656,17.774452209472656,797122,yahoo
2019-02-26,17.774452209472656,17.804292678833008,17.406431198120117,17.476057052612305,17.476057052612305,398569,yahoo
2019-02-27,17.476057052612305,17.476057052612305,16.958837509155273,17.15776824951172,17.15776824951172,453223,yahoo
2019-02-28,17.15776824951172,17.15776824951172,16.51124382019043,16.610708236694336,16.610708236694336,719931,yahoo
2019-03-01,16.620655059814453,16.80963897705078,16.312313079833984,16.501296997070312,16.501296997070312,419370,yahoo
2019-03-04,16.51124382019043,16.72011947631836,16.25263214111328,16.362045288085938,16.362045288085938,380844,yahoo
2019-03-05,16.41177749633789,16.431671142578125,15.95423698425293,16.163114547729492,16.163114547729492,495740,yahoo
2019-03-06,16.17306137084961,16.312313079833984,15.984077453613281,16.103435516357422,16.103435516357422,287364,yahoo
2019-03-07,15.964183807373047,15.964183807373047,15.267927169799805,15.576269149780273,15.576269149780273,630762,yahoo
2019-03-08,15.576269149780273,16.381938934326172,15.576269149780273,16.013917922973633,16.013917922973633,621078,yahoo
2019-03-11,15.95423698425293,16.103435516357422,15.834878921508789,15.974130630493164,15.974130630493164,273826,yahoo
2019-03-12,15.914450645446777,16.103435516357422,15.685681343078613,15.854771614074707,15.854771614074707,264856,yahoo
2019-03-13,15.675735473632812,16.093488693237305,15.606108665466309,16.07359504699707,16.07359504699707,229253,yahoo
2019-03-14,16.063648223876953,16.07359504699707,15.745360374450684,15.95423698425293,15.95423698425293,325862,yahoo
2019-03-15,15.884612083435059,16.461511611938477,15.715520858764648,16.381938934326172,16.381938934326172,638192,yahoo
2019-03-18,16.41177749633789,16.551029205322266,15.924398422241211,15.974130630493164,15.974130630493164,504638,yahoo
2019-03-19,15.944291114807129,16.183008193969727,15.814986228942871,15.964183807373047,15.964183807373047,233966,yahoo
2019-03-20,15.95423698425293,16.779800415039062,15.745360374450684,16.60076141357422,16.60076141357422,724863,yahoo
2019-03-21,16.63060188293457,16.63060188293457,15.904504776000977,15.984077453613281,15.984077453613281,628586,yahoo
2019-03-22,16.013917922973633,16.242687225341797,15.7553071975708,16.07359504699707,16.07359504699707,321997,yahoo
2019-03-25,16.003969192504883,16.003969192504883,15.41712474822998,15.596161842346191,15.596161842346191,313628,yahoo
2019-03-26,15.427070617675781,15.874665260314941,15.347498893737793,15.844825744628906,15.844825744628906,182441,yahoo
2019-03-27,15.914450645446777,15.914450645446777,15.546429634094238,15.705574035644531,15.705574035644531,169596,yahoo
2019-03-28,15.69562816619873,16.063648223876953,15.516590118408203,16.063648223876953,16.063648223876953,198040,yahoo
2019-03-29,16.013917922973633,16.371992111206055,15.884612083435059,16.163114547729492,16.163114547729492,231602,yahoo
2019-04-01,16.163114547729492,16.839479446411133,16.13327407836914,16.69028091430664,16.69028091430664,389309,yahoo
2019-04-02,16.69028091430664,16.849424362182617,16.461511611938477,16.849424362182617,16.849424362182617,354193,yahoo
2019-04-03,16.90910530090332,17.108034133911133,16.26258087158203,16.799692153930664,16.799692153930664,1504425,yahoo
2019-04-04,17.27712631225586,17.76450538635254,16.90910530090332,17.406431198120117,17.406431198120117,1108790,yahoo
2019-04-05,17.406431198120117,17.525789260864258,16.958837509155273,16.958837509155273,16.958837509155273,263213,yahoo
2019-04-08,16.90910530090332,16.90910530090332,16.461511611938477,16.610708236694336,16.610708236694336,303181,yahoo
2019-04-09,16.610708236694336,16.740013122558594,16.3222599029541,16.3222599029541,16.3222599029541,322649,yahoo
2019-04-10,16.3222599029541,16.710174560546875,15.994024276733398,16.680334091186523,16.680334091186523,450263,yahoo
2019-04-11,16.759906768798828,17.15776824951172,16.710174560546875,16.759906768798828,16.759906768798828,370376,yahoo
2019-04-12,16.759906768798828,17.207500457763672,16.63060188293457,17.15776824951172,17.15776824951172,388203,yahoo
2019-04-15,17.15776824951172,17.27712631225586,16.769853591918945,16.849424362182617,16.849424362182617,280346,yahoo
2019-04-16,16.90910530090332,17.09808921813965,16.69028091430664,16.988676071166992,16.988676071166992,174440,yahoo
2019-04-17,17.008569717407227,17.29701805114746,16.839479446411133,16.899158477783203,16.899158477783203,215449,yahoo
2019-04-18,16.90910530090332,16.948890686035156,16.491350173950195,16.710174560546875,16.710174560546875,269872,yahoo
2019-04-23,16.66044044494629,16.700227737426758,16.41177749633789,16.560976028442383,16.560976028442383,273735,yahoo
2019-04-24,16.60076141357422,16.90910530090332,16.560976028442383,16.889211654663086,16.889211654663086,208736,yahoo
2019-04-25,16.90910530090332,17.21744728088379,16.680334091186523,16.948890686035156,16.948890686035156,419585,yahoo
2019-04-26,16.948890686035156,18.510496139526367,16.948890686035156,17.903757095336914,17.903757095336914,1833195,yahoo
2019-04-29,18.092742919921875,18.391138076782227,17.048355102539062,17.36664581298828,17.36664581298828,679595,yahoo
2019-04-30,17.356698989868164,17.585468292236328,17.197553634643555,17.416378021240234,17.416378021240234,122557,yahoo
2019-05-02,17.15776824951172,17.356698989868164,16.90910530090332,17.21744728088379,17.21744728088379,227787,yahoo
2019-05-03,17.15776824951172,17.21744728088379,16.93894386291504,17.048355102539062,17.048355102539062,310896,yahoo
2019-05-06,16.99862289428711,16.99862289428711,16.481403350830078,16.521190643310547,16.521190643310547,358058,yahoo
2019-05-07,16.521190643310547,16.789745330810547,16.27252769470215,16.33220672607422,16.33220672607422,280117,yahoo
2019-05-08,16.302366256713867,17.02846336364746,16.302366256713867,16.700227737426758,16.700227737426758,312358,yahoo
2019-05-09,16.700227737426758,16.700227737426758,16.063648223876953,16.19295310974121,16.19295310974121,252303,yahoo
2019-05-10,16.19295310974121,16.66044044494629,16.19295310974121,16.63060188293457,16.63060188293457,255407,yahoo
2019-05-13,16.66044044494629,16.66044044494629,16.19295310974121,16.29241943359375,16.29241943359375,309432,yahoo
2019-05-14,16.25263214111328,16.789745330810547,16.242687225341797,16.74995994567871,16.74995994567871,200174,yahoo
2019-05-15,16.90910530090332,17.048355102539062,16.35209846496582,16.491350173950195,16.491350173950195,203057,yahoo
2019-05-16,16.53113555908203,17.505897521972656,16.461511611938477,17.346752166748047,17.346752166748047,1004165,yahoo
2019-05-17,17.167713165283203,17.61530876159668,17.058303833007812,17.466110229492188,17.466110229492188,216167,yahoo
2019-05-20,17.505897521972656,17.6451473236084,16.859371185302734,17.108034133911133,17.108034133911133,529899,yahoo
2019-05-21,16.978729248046875,18.062902450561523,16.978729248046875,17.684934616088867,17.684934616088867,1789976,yahoo
2019-05-22,17.67498779296875,18.07284927368164,17.486003875732422,17.903757095336914,17.903757095336914,1690552,yahoo
2019-05-23,17.903757095336914,18.062902450561523,17.625255584716797,17.903757095336914,17.903757095336914,372334,yahoo
2019-05-24,17.824186325073242,19.01776885986328,17.824186325073242,18.828784942626953,18.828784942626953,1013014,yahoo
2019-05-27,18.938196182250977,19.624507904052734,18.609962463378906,19.326112747192383,19.326112747192383,925379,yahoo
2019-05-28,19.39573860168457,20.74846649169922,19.276378631591797,20.609214782714844,20.609214782714844,2043572,yahoo
2019-05-29,20.609214782714844,20.609214782714844,19.445470809936523,19.743865966796875,19.743865966796875,701450,yahoo
2019-05-31,19.743865966796875,19.743865966796875,17.933597564697266,19.137128829956055,19.137128829956055,1160643,yahoo
2019-06-03,19.137128829956055,19.743865966796875,18.609962463378906,19.534988403320312,19.534988403320312,478729,yahoo
2019-06-04,19.475309371948242,20.25113868713379,19.08739471435547,19.992530822753906,19.992530822753906,563603,yahoo
2019-06-05,20.042261123657227,20.19145965576172,19.733919143676758,19.903011322021484,19.903011322021484,512457,yahoo
2019-06-07,20.13178062438965,20.420230865478516,19.495203018188477,20.231246948242188,20.231246948242188,895504,yahoo
2019-06-11,22.70793342590332,23.066007614135742,21.613813400268555,21.802799224853516,21.802799224853516,1552378,yahoo
2019-06-12,21.88237190246582,21.961942672729492,21.394990921020508,21.88237190246582,21.88237190246582,692981,yahoo
2019-06-13,22.13103485107422,22.48910903930664,21.20600700378418,21.225900650024414,21.225900650024414,758459,yahoo
2019-06-14,21.225900650024414,21.703332901000977,21.136381149291992,21.32536506652832,21.32536506652832,448379,yahoo
2019-06-18,21.991783142089844,22.3697509765625,21.32536506652832,22.19071388244629,22.19071388244629,608121,yahoo
2019-06-19,22.230499267578125,22.628360748291016,21.82269287109375,22.081300735473633,22.081300735473633,590155,yahoo
2019-06-20,22.081300735473633,22.628360748291016,22.0614070892334,22.1210880279541,22.1210880279541,1280874,yahoo
2019-06-24,22.260339736938477,22.469215393066406,21.474563598632812,21.474563598632812,21.474563598632812,454604,yahoo
2019-06-25,21.454669952392578,21.88237190246582,20.728572845458984,20.788251876831055,20.788251876831055,793428,yahoo
2019-06-26,20.68878746032715,20.9871826171875,20.489856719970703,20.609214782714844,20.609214782714844,488246,yahoo
2019-06-27,20.80814552307129,21.69338607788086,20.70867919921875,21.554134368896484,21.554134368896484,741454,yahoo
2019-06-28,22.07135581970215,22.07135581970215,20.509748458862305,20.539588928222656,20.539588928222656,943922,yahoo
2019-07-01,20.887718200683594,21.176166534423828,20.430177688598633,20.80814552307129,20.80814552307129,804282,yahoo
2019-07-02,20.837984085083008,21.007076263427734,20.58932113647461,20.58932113647461,20.58932113647461,526489,yahoo
2019-07-03,20.489856719970703,21.01702117919922,20.420230865478516,20.977235794067383,20.977235794067383,635845,yahoo
2019-07-04,21.01702117919922,21.285579681396484,20.539588928222656,20.778305053710938,20.778305053710938,599302,yahoo
2019-07-05,20.7385196685791,20.7385196685791,20.330711364746094,20.639053344726562,20.639053344726562,600297,yahoo
2019-07-08,20.639053344726562,20.847930908203125,20.479909896850586,20.7385196685791,20.7385196685791,346585,yahoo
2019-07-09,20.698732376098633,21.036916732788086,20.390390396118164,20.947397232055664,20.947397232055664,430851,yahoo
2019-07-10,20.887718200683594,20.9871826171875,20.310819625854492,20.7186279296875,20.7186279296875,565791,yahoo
2019-07-11,20.639053344726562,20.877771377563477,20.46001625061035,20.778305053710938,20.778305053710938,386711,yahoo
2019-07-12,20.7385196685791,21.38504409790039,20.7385196685791,21.365150451660156,21.365150451660156,419444,yahoo
2019-07-15,21.375097274780273,21.63370704650879,21.156274795532227,21.345258712768555,21.345258712768555,329968,yahoo
2019-07-16,21.355205535888672,21.494455337524414,20.937450408935547,21.007076263427734,21.007076263427734,184532,yahoo
2019-07-17,21.02696990966797,21.32536506652832,20.569429397583008,20.7186279296875,20.7186279296875,419139,yahoo
2019-07-18,20.778305053710938,20.818092346191406,20.012422561645508,20.34065818786621,20.34065818786621,455026,yahoo
2019-07-19,19.594667434692383,20.80814552307129,18.490602493286133,20.44012451171875,20.44012451171875,2007937,yahoo
2019-07-22,20.44012451171875,22.757665634155273,20.19145965576172,22.329965591430664,22.329965591430664,3007862,yahoo
2019-07-23,22.329965591430664,22.558734893798828,21.38504409790039,22.240446090698242,22.240446090698242,1123022,yahoo
2019-07-24,22.33991050720215,22.33991050720215,20.9871826171875,21.38504409790039,21.38504409790039,932429,yahoo
2019-07-25,21.2358455657959,21.7928524017334,21.186113357543945,21.643653869628906,21.643653869628906,722501,yahoo
2019-07-26,21.534242630004883,21.812744140625,21.2358455657959,21.66354751586914,21.66354751586914,242591,yahoo
2019-07-29,21.66354751586914,22.03156852722168,21.10654067993164,21.176166534423828,21.176166534423828,424889,yahoo
2019-07-30,21.176166534423828,21.32536506652832,20.937450408935547,21.10654067993164,21.10654067993164,539335,yahoo
2019-07-31,21.08664894104004,21.394990921020508,20.847930908203125,21.116487503051758,21.116487503051758,925828,yahoo
2019-08-01,20.977235794067383,21.474563598632812,20.977235794067383,21.38504409790039,21.38504409790039,284814,yahoo
2019-08-02,21.156274795532227,21.404937744140625,20.887718200683594,21.096595764160156,21.096595764160156,606537,yahoo
2019-08-06,20.847930908203125,21.474563598632812,20.728572845458984,21.01702117919922,21.01702117919922,544742,yahoo
2019-08-07,20.937450408935547,21.38504409790039,20.857877731323242,21.08664894104004,21.08664894104004,541020,yahoo
2019-08-08,21.176166534423828,21.51434898376465,20.9871826171875,21.056808471679688,21.056808471679688,396459,yahoo
2019-08-09,21.056808471679688,21.056808471679688,20.151674270629883,20.151674270629883,20.151674270629883,632582,yahoo
2019-08-12,20.151674270629883,20.330711364746094,19.505149841308594,19.505149841308594,19.505149841308594,419655,yahoo
2019-08-13,19.495203018188477,19.962690353393555,19.037662506103516,19.813491821289062,19.813491821289062,1095374,yahoo
2019-08-14,19.8532772064209,19.893064498901367,19.196807861328125,19.3360595703125,19.3360595703125,495320,yahoo
2019-08-15,18.828784942626953,19.157020568847656,17.655094146728516,18.769105911254883,18.769105911254883,1202897,yahoo
2019-08-16,18.759159088134766,19.326112747192383,18.74921226501465,18.89841079711914,18.89841079711914,419852,yahoo
2019-08-19,18.908357620239258,19.405683517456055,18.828784942626953,18.89841079711914,18.89841079711914,594122,yahoo
2019-08-20,18.798946380615234,19.206754684448242,18.709426879882812,18.948144912719727,18.948144912719727,276880,yahoo
2019-08-21,19.08739471435547,19.375844955444336,18.928251266479492,19.266433715820312,19.266433715820312,433111,yahoo
2019-08-22,19.30621910095215,19.30621910095215,18.48065757751465,18.54033660888672,18.54033660888672,340227,yahoo
2019-08-23,18.570175170898438,18.788999557495117,18.10268783569336,18.231992721557617,18.231992721557617,744257,yahoo
2019-08-26,18.172313690185547,18.420978546142578,18.172313690185547,18.29167366027832,18.29167366027832,297040,yahoo
2019-08-27,18.361297607421875,18.361297607421875,17.744613647460938,17.744613647460938,17.744613647460938,371063,yahoo
2019-08-28,17.744613647460938,17.943544387817383,17.466110229492188,17.883865356445312,17.883865356445312,388863,yahoo
2019-08-29,18.082794189453125,18.371244430541992,17.804292678833008,18.311565399169922,18.311565399169922,350282,yahoo
2019-08-30,18.311565399169922,18.669641494750977,18.231992721557617,18.48065757751465,18.48065757751465,551104,yahoo
2019-09-02,18.639801025390625,18.74921226501465,18.182260513305664,18.25188636779785,18.25188636779785,319793,yahoo
2019-09-03,18.26183319091797,18.44087028503418,18.04300880432129,18.401084899902344,18.401084899902344,393049,yahoo
2019-09-04,18.38119125366211,18.570175170898438,18.231992721557617,18.271780014038086,18.271780014038086,177700,yahoo
2019-09-05,18.241939544677734,18.699480056762695,18.241939544677734,18.490602493286133,18.490602493286133,466269,yahoo
2019-09-06,18.54033660888672,18.609962463378906,18.182260513305664,18.222047805786133,18.222047805786133,148857,yahoo
2019-09-09,18.162368774414062,18.47071075439453,18.162368774414062,18.29167366027832,18.29167366027832,155143,yahoo
2019-09-10,18.450817108154297,18.56022834777832,18.10268783569336,18.44087028503418,18.44087028503418,578734,yahoo
2019-09-11,18.699480056762695,19.196807861328125,18.580121994018555,19.196807861328125,19.196807861328125,806671,yahoo
2019-09-12,19.326112747192383,19.405683517456055,18.689533233642578,18.74921226501465,18.74921226501465,472015,yahoo
2019-09-13,18.798946380615234,19.14707374572754,18.50054931640625,18.83873176574707,18.83873176574707,708906,yahoo
2019-09-16,18.788999557495117,19.157020568847656,18.689533233642578,18.918304443359375,18.918304443359375,421944,yahoo
2019-09-17,19.067501068115234,19.067501068115234,18.301618576049805,18.54033660888672,18.54033660888672,345344,yahoo
2019-09-18,18.5303897857666,18.65969467163086,18.082794189453125,18.082794189453125,18.082794189453125,646808,yahoo
2019-09-19,18.07284927368164,18.212099075317383,17.63520050048828,17.863971710205078,17.863971710205078,721192,yahoo
2019-09-20,17.655094146728516,18.052955627441406,17.525789260864258,17.973384857177734,17.973384857177734,584233,yahoo
2019-09-23,17.9534912109375,17.9534912109375,17.29701805114746,17.525789260864258,17.525789260864258,489362,yahoo
2019-09-24,17.505897521972656,18.033063888549805,17.386537551879883,17.863971710205078,17.863971710205078,383866,yahoo
2019-09-25,17.873918533325195,17.873918533325195,17.45616340637207,17.714773178100586,17.714773178100586,184934,yahoo
2019-09-26,17.61530876159668,18.629854202270508,17.535736083984375,18.590068817138672,18.590068817138672,683898,yahoo
2019-09-27,18.590068817138672,18.590068817138672,18.182260513305664,18.26183319091797,18.26183319091797,227013,yahoo
2019-09-30,18.29167366027832,18.44087028503418,17.943544387817383,18.122581481933594,18.122581481933594,402035,yahoo
2019-10-01,18.13252830505371,18.391138076782227,17.665040969848633,17.684934616088867,17.684934616088867,509962,yahoo
2019-10-02,17.6451473236084,17.6451473236084,16.978729248046875,17.15776824951172,17.15776824951172,432407,yahoo
2019-10-03,16.90910530090332,17.267179489135742,16.799692153930664,17.08814239501953,17.08814239501953,300074,yahoo
2019-10-04,17.1478214263916,17.30696678161621,16.90910530090332,17.117982864379883,17.117982864379883,138383,yahoo
2019-10-07,16.978729248046875,17.207500457763672,16.72011947631836,17.18760871887207,17.18760871887207,420395,yahoo
2019-10-08,17.127927780151367,17.446216583251953,17.038410186767578,17.257232666015625,17.257232666015625,279900,yahoo
2019-10-09,17.267179489135742,17.33680534362793,17.127927780151367,17.326858520507812,17.326858520507812,169349,yahoo
2019-10-10,17.29701805114746,17.844078063964844,17.207500457763672,17.476057052612305,17.476057052612305,338314,yahoo
2019-10-11,17.406431198120117,17.6451473236084,17.30696678161621,17.525789260864258,17.525789260864258,131925,yahoo
2019-10-14,17.535736083984375,17.92365074157715,17.137874603271484,17.6451473236084,17.6451473236084,276430,yahoo
2019-10-15,17.6451473236084,18.29167366027832,17.565576553344727,18.112634658813477,18.112634658813477,439896,yahoo
2019-10-16,18.122581481933594,18.29167366027832,17.316911697387695,17.406431198120117,17.406431198120117,825202,yahoo
2019-10-17,17.406431198120117,17.963436126708984,17.167713165283203,17.70482635498047,17.70482635498047,523432,yahoo
2019-10-18,17.714773178100586,17.724720001220703,17.038410186767578,17.287073135375977,17.287073135375977,604254,yahoo
2019-10-21,17.207500457763672,17.9534912109375,17.18760871887207,17.92365074157715,17.92365074157715,644413,yahoo
2019-10-22,18.01317024230957,18.241939544677734,17.525789260864258,17.605361938476562,17.605361938476562,550571,yahoo
2019-10-23,17.714773178100586,17.933597564697266,17.486003875732422,17.903757095336914,17.903757095336914,413778,yahoo
2019-10-24,18.65969467163086,18.987930297851562,17.038410186767578,17.177661895751953,17.177661895751953,2175831,yahoo
2019-10-25,17.42632484436035,18.89841079711914,17.257232666015625,17.92365074157715,17.92365074157715,2517436,yahoo
2019-10-28,17.963436126708984,18.25188636779785,17.33680534362793,17.784399032592773,17.784399032592773,737698,yahoo
2019-10-29,17.79434585571289,17.883865356445312,17.605361938476562,17.655094146728516,17.655094146728516,330635,yahoo
2019-10-30,17.655094146728516,17.98332977294922,17.585468292236328,17.933597564697266,17.933597564697266,533418,yahoo
2019-10-31,18.38119125366211,18.739267349243164,18.112634658813477,18.172313690185547,18.172313690185547,800118,yahoo
2019-11-01,18.41103172302246,18.490602493286133,18.152421951293945,18.152421951293945,18.152421951293945,160455,yahoo
2019-11-04,18.35135269165039,18.48065757751465,17.844078063964844,18.062902450561523,18.062902450561523,940554,yahoo
2019-11-05,18.07284927368164,18.609962463378906,17.943544387817383,18.550281524658203,18.550281524658203,1010342,yahoo
2019-11-06,18.60001564025879,18.888465881347656,18.430923461914062,18.729320526123047,18.729320526123047,511024,yahoo
2019-11-07,18.878517150878906,18.878517150878906,18.26183319091797,18.26183319091797,18.26183319091797,691772,yahoo
2019-11-08,18.2021541595459,18.888465881347656,18.2021541595459,18.729320526123047,18.729320526123047,511770,yahoo
2019-11-11,18.71937370300293,18.888465881347656,18.56022834777832,18.590068817138672,18.590068817138672,331472,yahoo
2019-11-12,18.60001564025879,18.80889129638672,18.47071075439453,18.729320526123047,18.729320526123047,327489,yahoo
2019-11-13,18.649747848510742,19.564828872680664,18.47071075439453,19.45541763305664,19.45541763305664,821725,yahoo
2019-11-14,19.45541763305664,19.51509666442871,19.047609329223633,19.047609329223633,19.047609329223633,515844,yahoo
2019-11-15,19.05755615234375,19.326112747192383,18.798946380615234,19.05755615234375,19.05755615234375,377568,yahoo
2019-11-18,19.05755615234375,19.554882049560547,19.047609329223633,19.435523986816406,19.435523986816406,559863,yahoo
2019-11-19,19.435523986816406,19.63445472717285,19.067501068115234,19.08739471435547,19.08739471435547,419460,yahoo
2019-11-20,19.097341537475586,19.097341537475586,18.5303897857666,18.56022834777832,18.56022834777832,369143,yahoo
2019-11-21,18.56022834777832,18.80889129638672,18.01317024230957,18.162368774414062,18.162368774414062,578768,yahoo
2019-11-22,18.2021541595459,18.41103172302246,17.993276596069336,18.033063888549805,18.033063888549805,312327,yahoo
2019-11-25,18.062902450561523,18.47071075439453,18.062902450561523,18.29167366027832,18.29167366027832,422866,yahoo
2019-11-26,18.13252830505371,18.590068817138672,18.13252830505371,18.430923461914062,18.430923461914062,309438,yahoo
2019-11-27,18.639801025390625,18.649747848510742,18.04300880432129,18.092742919921875,18.092742919921875,614889,yahoo
2019-11-28,17.824186325073242,18.331459045410156,17.824186325073242,18.301618576049805,18.301618576049805,272645,yahoo
2019-11-29,18.301618576049805,18.54033660888672,18.01317024230957,18.401084899902344,18.401084899902344,606776,yahoo
2019-12-02,18.241939544677734,18.65969467163086,18.241939544677734,18.50054931640625,18.50054931640625,376951,yahoo
2019-12-03,18.50054931640625,18.50054931640625,18.172313690185547,18.38119125366211,18.38119125366211,455589,yahoo
2019-12-04,18.61990737915039,19.157020568847656,18.401084899902344,18.818838119506836,18.818838119506836,431742,yahoo
2019-12-05,18.888465881347656,19.127180099487305,18.649747848510742,18.918304443359375,18.918304443359375,286968,yahoo
2019-12-06,18.908357620239258,18.95808982849121,18.609962463378906,18.71937370300293,18.71937370300293,404152,yahoo
2019-12-09,18.709426879882812,18.71937370300293,18.212099075317383,18.301618576049805,18.301618576049805,423222,yahoo
2019-12-10,18.311565399169922,18.35135269165039,17.903757095336914,18.033063888549805,18.033063888549805,478789,yahoo
2019-12-11,18.062902450561523,18.122581481933594,17.585468292236328,17.665040969848633,17.665040969848633,825216,yahoo
2019-12-12,17.67498779296875,17.79434585571289,17.257232666015625,17.45616340637207,17.45616340637207,1295122,yahoo
2019-12-13,17.476057052612305,17.67498779296875,16.93894386291504,17.207500457763672,17.207500457763672,1254417,yahoo
2019-12-16,17.24728775024414,17.844078063964844,17.227394104003906,17.73466682434082,17.73466682434082,1566159,yahoo
2019-12-17,17.714773178100586,18.490602493286133,17.655094146728516,18.32151222229004,18.32151222229004,1383081,yahoo
2019-12-18,18.281726837158203,18.50054931640625,18.003223419189453,18.401084899902344,18.401084899902344,586304,yahoo
2019-12-19,18.401084899902344,18.520442962646484,18.25188636779785,18.331459045410156,18.331459045410156,379981,yahoo
2019-12-20,18.361297607421875,18.948144912719727,18.361297607421875,18.928251266479492,18.928251266479492,718000,yahoo
2019-12-23,18.997875213623047,19.29627227783203,18.818838119506836,19.256486892700195,19.256486892700195,518972,yahoo
2019-12-27,19.29627227783203,19.316165924072266,18.858625411987305,18.95808982849121,18.95808982849121,494079,yahoo
2019-12-30,18.86857032775879,19.05755615234375,18.48065757751465,18.67958641052246,18.67958641052246,499890,yahoo
2020-01-02,18.67958641052246,19.743865966796875,18.67958641052246,19.743865966796875,19.743865966796875,765496,yahoo
2020-01-03,19.78365135192871,19.78365135192871,19.415630340576172,19.505149841308594,19.505149841308594,862827,yahoo
2020-01-07,19.992530822753906,20.519695281982422,19.674240112304688,19.952743530273438,19.952743530273438,1273289,yahoo
2020-01-08,20.012422561645508,20.012422561645508,18.848678588867188,18.888465881347656,18.888465881347656,1270438,yahoo
2020-01-09,19.077449798583984,19.505149841308594,18.848678588867188,19.415630340576172,19.415630340576172,708878,yahoo
2020-01-10,19.415630340576172,19.88311767578125,19.286325454711914,19.803546905517578,19.803546905517578,713470,yahoo
2020-01-13,19.624507904052734,20.10194206237793,19.495203018188477,20.10194206237793,20.10194206237793,791290,yahoo
2020-01-14,20.141727447509766,20.141727447509766,19.326112747192383,19.415630340576172,19.415630340576172,618151,yahoo
2020-01-15,19.495203018188477,19.803546905517578,19.276378631591797,19.773706436157227,19.773706436157227,329940,yahoo
2020-01-16,19.82343864440918,21.04686164855957,19.82343864440918,20.887718200683594,20.887718200683594,1420297,yahoo
2020-01-17,20.837984085083008,21.16621971130371,20.539588928222656,20.937450408935547,20.937450408935547,1051922,yahoo
2020-01-20,20.887718200683594,21.69338607788086,20.887718200683594,21.524295806884766,21.524295806884766,887935,yahoo
2020-01-21,21.524295806884766,21.524295806884766,20.9672908782959,21.285579681396484,21.285579681396484,684952,yahoo
2020-01-22,21.285579681396484,21.763011932373047,21.156274795532227,21.63370704650879,21.63370704650879,610640,yahoo
2020-01-23,21.38504409790039,21.5640811920166,20.9871826171875,21.186113357543945,21.186113357543945,710076,yahoo
2020-01-24,21.424829483032227,21.50440216064453,21.066755294799805,21.196060180664062,21.196060180664062,441150,yahoo
2020-01-27,21.176166534423828,21.176166534423828,20.4102840423584,20.728572845458984,20.728572845458984,593368,yahoo
2020-01-28,20.887718200683594,20.977235794067383,20.231246948242188,20.479909896850586,20.479909896850586,1013227,yahoo
2020-01-29,20.479909896850586,20.599267959594727,20.181514739990234,20.380443572998047,20.380443572998047,372517,yahoo
2020-01-30,20.44012451171875,20.44012451171875,19.714027404785156,19.714027404785156,19.714027404785156,1520284,yahoo
2020-01-31,19.64440155029297,19.843332290649414,19.29627227783203,19.3360595703125,19.3360595703125,589680,yahoo
2020-02-03,19.3360595703125,19.78365135192871,19.196807861328125,19.594667434692383,19.594667434692383,807201,yahoo
2020-02-04,19.893064498901367,19.932849884033203,19.276378631591797,19.326112747192383,19.326112747192383,709972,yahoo
2020-02-05,19.326112747192383,19.39573860168457,19.007823944091797,19.17691421508789,19.17691421508789,1541701,yahoo
2020-02-06,19.326112747192383,21.04686164855957,19.047609329223633,20.579374313354492,20.579374313354492,2989757,yahoo
2020-02-07,20.390390396118164,21.007076263427734,19.624507904052734,20.887718200683594,20.887718200683594,1294519,yahoo
2020-02-10,20.788251876831055,21.08664894104004,20.310819625854492,20.380443572998047,20.380443572998047,1318624,yahoo
2020-02-11,21.156274795532227,21.7928524017334,20.917556762695312,21.285579681396484,21.285579681396484,1822952,yahoo
2020-02-12,21.335311889648438,21.75306510925293,20.887718200683594,21.733173370361328,21.733173370361328,1367815,yahoo
2020-02-13,21.60386848449707,22.797452926635742,21.464616775512695,22.757665634155273,22.757665634155273,1607943,yahoo
2020-02-14,22.777559280395508,23.523548126220703,22.76761245727539,23.185367584228516,23.185367584228516,1390679,yahoo
2020-02-17,23.22515296936035,24.12034034729004,22.966543197631836,23.563335418701172,23.563335418701172,2089166,yahoo
2020-02-18,23.29477882385254,23.7523193359375,22.777559280395508,23.026222229003906,23.026222229003906,1628000,yahoo
2020-02-19,23.125686645507812,24.488361358642578,23.125686645507812,24.468469619750977,24.468469619750977,1547085,yahoo
2020-02-20,24.528148651123047,24.657453536987305,23.762264251708984,24.369003295898438,24.369003295898438,2112000,yahoo
2020-02-21,24.617666244506836,24.63755989074707,23.702585220336914,24.06066131591797,24.06066131591797,1338150,yahoo
2020-02-24,23.672746658325195,23.672746658325195,22.409536361694336,22.578628540039062,22.578628540039062,2537712,yahoo
2020-02-25,22.64825439453125,22.9466495513916,21.93210220336914,21.93210220336914,21.93210220336914,1572222,yahoo
2020-02-26,22.578628540039062,22.777559280395508,21.57402801513672,22.717880249023438,22.717880249023438,1875658,yahoo
2020-02-27,22.6184139251709,22.6184139251709,20.9871826171875,21.38504409790039,21.38504409790039,1727154,yahoo
2020-02-28,19.893064498901367,20.788251876831055,19.495203018188477,20.261085510253906,20.261085510253906,1940183,yahoo
2020-03-02,20.639053344726562,21.126434326171875,19.475309371948242,19.86322593688965,19.86322593688965,2179175,yahoo
2020-03-03,20.19145965576172,20.46001625061035,19.445470809936523,19.445470809936523,19.445470809936523,1200187,yahoo
2020-03-04,19.445470809936523,19.564828872680664,18.699480056762695,18.818838119506836,18.818838119506836,1286136,yahoo
2020-03-05,19.29627227783203,19.39573860168457,18.371244430541992,18.450817108154297,18.450817108154297,1801281,yahoo
2020-03-06,18.331459045410156,18.391138076782227,17.655094146728516,17.883865356445312,17.883865356445312,1550293,yahoo
2020-03-09,16.899158477783203,17.30696678161621,16.431671142578125,16.86931800842285,16.86931800842285,1740743,yahoo
2020-03-10,16.919050216674805,17.76450538635254,16.461511611938477,16.610708236694336,16.610708236694336,1327445,yahoo
2020-03-11,16.769853591918945,17.207500457763672,15.72546672821045,15.824933052062988,15.824933052062988,1250570,yahoo
2020-03-12,14.919797897338867,15.118728637695312,12.980223655700684,13.069743156433105,13.069743156433105,3734410,yahoo
2020-03-13,13.427818298339844,14.323005676269531,12.771347045898438,13.119476318359375,13.119476318359375,2815131,yahoo
2020-03-16,12.44311237335205,13.029956817626953,11.448457717895508,12.75145435333252,12.75145435333252,3191884,yahoo
2020-03-17,12.930492401123047,13.497444152832031,11.836373329162598,12.741507530212402,12.741507530212402,1417131,yahoo
2020-03-18,12.4232177734375,13.109528541564941,11.965678215026855,12.283967018127441,12.283967018127441,1909286,yahoo
2020-03-19,12.244180679321289,12.880759239196777,11.945784568786621,12.70172119140625,12.70172119140625,1351118,yahoo
2020-03-20,13.049850463867188,13.477551460266113,12.562470436096191,12.761401176452637,12.761401176452637,1880864,yahoo
2020-03-23,12.433164596557617,12.433164596557617,11.726961135864258,11.846320152282715,11.846320152282715,1562811,yahoo
2020-03-24,12.184501647949219,12.53262996673584,12.085036277770996,12.1646089553833,12.1646089553833,917312,yahoo
2020-03-25,12.522684097290039,13.586962699890137,12.30385971069336,12.840972900390625,12.840972900390625,2943061,yahoo
2020-03-26,12.75145435333252,12.75145435333252,12.114875793457031,12.463005065917969,12.463005065917969,1865512,yahoo
2020-03-27,12.47295093536377,12.58236312866211,11.756800651550293,11.806532859802246,11.806532859802246,1841510,yahoo
2020-03-30,11.896052360534668,12.53262996673584,11.358940124511719,12.53262996673584,12.53262996673584,1780244,yahoo
2020-03-31,12.333700180053711,13.089635848999023,12.283967018127441,12.831026077270508,12.831026077270508,1834122,yahoo
2020-04-01,12.831026077270508,12.920544624328613,12.433164596557617,12.781293869018555,12.781293869018555,696711,yahoo
2020-04-02,12.64204216003418,13.278619766235352,12.622149467468262,12.860865592956543,12.860865592956543,1043668,yahoo
2020-04-03,12.930492401123047,12.980223655700684,12.44311237335205,12.44311237335205,12.44311237335205,763976,yahoo
2020-04-06,12.831026077270508,13.835625648498535,12.771347045898438,13.8057861328125,13.8057861328125,1811282,yahoo
2020-04-07,14.124075889587402,14.521937370300293,12.880759239196777,12.910598754882812,12.910598754882812,3647269,yahoo
2020-04-08,12.990171432495117,13.258727073669434,12.522684097290039,12.64204216003418,12.64204216003418,1469322,yahoo
2020-04-09,12.661934852600098,13.368139266967773,12.661934852600098,12.990171432495117,12.990171432495117,1339485,yahoo
2020-04-14,13.477551460266113,14.054450035095215,13.278619766235352,13.8057861328125,13.8057861328125,1636355,yahoo
2020-04-15,14.064395904541016,14.064395904541016,12.831026077270508,12.831026077270508,12.831026077270508,1416123,yahoo
2020-04-16,13.338298797607422,13.338298797607422,12.234233856201172,12.572416305541992,12.572416305541992,997441,yahoo
2020-04-17,13.059797286987305,13.527283668518066,12.831026077270508,13.527283668518066,13.527283668518066,1223264,yahoo
2020-04-20,13.666535377502441,13.666535377502441,12.900651931762695,13.169207572937012,13.169207572937012,968204,yahoo
2020-04-21,13.000117301940918,13.26867389678955,12.70172119140625,13.029956817626953,13.029956817626953,777929,yahoo
2020-04-22,13.258727073669434,13.328352928161621,12.950385093688965,13.149314880371094,13.149314880371094,674858,yahoo
2020-04-23,13.37808609008789,13.905252456665039,13.010064125061035,13.825679779052734,13.825679779052734,1573766,yahoo
2020-04-24,13.427818298339844,13.666535377502441,13.079689979553223,13.079689979553223,13.079689979553223,1135931,yahoo
2020-04-27,13.258727073669434,13.368139266967773,12.69177532196045,12.69177532196045,12.69177532196045,1276475,yahoo
2020-04-28,12.850918769836426,13.815732955932617,12.592309951782227,13.348245620727539,13.348245620727539,2218889,yahoo
2020-04-29,13.925145149230957,14.671134948730469,13.40792465209961,14.303112983703613,14.303112983703613,2477064,yahoo
2020-04-30,14.382684707641602,14.581616401672363,13.676482200622559,13.726214408874512,13.726214408874512,758901,yahoo
2020-05-04,13.477551460266113,13.785893440246582,12.940438270568848,13.676482200622559,13.676482200622559,1854933,yahoo
2020-05-05,13.845573425292969,14.183754920959473,13.427818298339844,13.596908569335938,13.596908569335938,1173741,yahoo
2020-05-06,13.606856346130371,13.984824180603027,13.527283668518066,13.775946617126465,13.775946617126465,544971,yahoo
2020-05-07,14.004716873168945,14.074342727661133,13.706320762634277,14.014663696289062,14.014663696289062,529440,yahoo
2020-05-08,14.024609565734863,14.163862228393555,13.616802215576172,13.646641731262207,13.646641731262207,1219552,yahoo
2020-05-11,13.696374893188477,14.064395904541016,13.427818298339844,13.63669490814209,13.63669490814209,917477,yahoo
2020-05-12,13.646641731262207,13.785893440246582,13.487497329711914,13.5471773147583,13.5471773147583,269545,yahoo
2020-05-13,13.5471773147583,13.5471773147583,12.960330963134766,13.169207572937012,13.169207572937012,775773,yahoo
2020-05-14,12.910598754882812,12.910598754882812,12.30385971069336,12.463005065917969,12.463005065917969,1921069,yahoo
2020-05-15,12.562470436096191,12.791239738464355,12.194448471069336,12.194448471069336,12.194448471069336,841772,yahoo
2020-05-18,12.194448471069336,13.318406105041504,12.194448471069336,13.26867389678955,13.26867389678955,1170950,yahoo
2020-05-19,13.328352928161621,14.134021759033203,13.20899486541748,14.124075889587402,14.124075889587402,1202955,yahoo
2020-05-20,14.074342727661133,16.23274040222168,13.736161231994629,16.153167724609375,16.153167724609375,2316047,yahoo
2020-05-22,16.13327407836914,16.620655059814453,15.377339363098145,16.242687225341797,16.242687225341797,2824902,yahoo
2020-05-25,16.610708236694336,16.610708236694336,15.387285232543945,15.47680377960205,15.47680377960205,1598601,yahoo
2020-05-26,15.58621597290039,16.003969192504883,14.919797897338867,15.06899642944336,15.06899642944336,1301981,yahoo
2020-05-27,15.407177925109863,16.242687225341797,14.989423751831055,15.934344291687012,15.934344291687012,1379143,yahoo
2020-05-28,16.23274040222168,16.23274040222168,15.327606201171875,15.914450645446777,15.914450645446777,1258245,yahoo
2020-05-29,15.914450645446777,16.14322280883789,15.47680377960205,15.814986228942871,15.814986228942871,1198114,yahoo
2020-06-01,16.163114547729492,17.21744728088379,16.07359504699707,16.680334091186523,16.680334091186523,1214962,yahoo
2020-06-02,17.15776824951172,17.33680534362793,16.560976028442383,16.839479446411133,16.839479446411133,1804186,yahoo
2020-06-03,16.87926483154297,17.386537551879883,16.560976028442383,16.730066299438477,16.730066299438477,1503265,yahoo
2020-06-04,16.710174560546875,16.919050216674805,16.362045288085938,16.560976028442383,16.560976028442383,1112202,yahoo
2020-06-05,16.799692153930664,18.490602493286133,16.66044044494629,18.361297607421875,18.361297607421875,3648206,yahoo
2020-06-08,18.38119125366211,18.639801025390625,17.893810272216797,18.401084899902344,18.401084899902344,1646121,yahoo
2020-06-09,18.50054931640625,18.769105911254883,17.625255584716797,17.824186325073242,17.824186325073242,1882501,yahoo
2020-06-10,18.003223419189453,18.61990737915039,17.973384857177734,18.430923461914062,18.430923461914062,1015155,yahoo
2020-06-11,18.212099075317383,18.371244430541992,16.928998947143555,16.928998947143555,16.928998947143555,1346821,yahoo
2020-06-12,16.60076141357422,17.486003875732422,15.984077453613281,17.02846336364746,17.02846336364746,1243542,yahoo
2020-06-15,16.80963897705078,16.90910530090332,16.163114547729492,16.779800415039062,16.779800415039062,1130796,yahoo
2020-06-16,17.167713165283203,17.694881439208984,17.058303833007812,17.585468292236328,17.585468292236328,983325,yahoo
2020-06-17,17.655094146728516,17.814239501953125,17.24728775024414,17.744613647460938,17.744613647460938,589226,yahoo
2020-06-18,17.416378021240234,18.361297607421875,17.386537551879883,18.341405868530273,18.341405868530273,746802,yahoo
2020-06-22,18.152421951293945,18.61990737915039,17.127927780151367,17.267179489135742,17.267179489135742,1376861,yahoo
2020-06-23,17.466110229492188,18.331459045410156,17.466110229492188,18.182260513305664,18.182260513305664,666650,yahoo
2020-06-24,18.10268783569336,18.301618576049805,17.605361938476562,17.63520050048828,17.63520050048828,484922,yahoo
2020-06-25,17.55562973022461,17.873918533325195,17.30696678161621,17.76450538635254,17.76450538635254,368474,yahoo
2020-06-26,17.963436126708984,18.56022834777832,17.744613647460938,18.32151222229004,18.32151222229004,1028503,yahoo
2020-06-29,18.311565399169922,18.401084899902344,17.70482635498047,17.903757095336914,17.903757095336914,657863,yahoo
2020-06-30,17.903757095336914,18.10268783569336,17.356698989868164,17.834131240844727,17.834131240844727,646275,yahoo
2020-07-01,17.824186325073242,19.29627227783203,17.49595069885254,18.938196182250977,18.938196182250977,1747807,yahoo
2020-07-02,19.346004486083984,19.39573860168457,18.301618576049805,18.450817108154297,18.450817108154297,1393999,yahoo
2020-07-03,18.65969467163086,18.848678588867188,18.003223419189453,18.331459045410156,18.331459045410156,654511,yahoo
2020-07-06,18.48065757751465,18.759159088134766,18.023115158081055,18.430923461914062,18.430923461914062,685742,yahoo
2020-07-07,18.41103172302246,18.50054931640625,17.744613647460938,18.450817108154297,18.450817108154297,926091,yahoo
2020-07-08,17.9534912109375,18.450817108154297,17.933597564697266,17.933597564697266,17.933597564697266,748051,yahoo
2020-07-09,18.003223419189453,18.32151222229004,17.933597564697266,18.003223419189453,18.003223419189453,609293,yahoo
2020-07-10,18.003223419189453,18.152421951293945,17.76450538635254,17.933597564697266,17.933597564697266,483515,yahoo
2020-07-13,17.9534912109375,18.082794189453125,17.784399032592773,18.082794189453125,18.082794189453125,331619,yahoo
2020-07-14,18.07284927368164,18.07284927368164,17.27712631225586,17.396484375,17.396484375,849729,yahoo
2020-07-15,17.57552146911621,17.63520050048828,17.30696678161621,17.486003875732422,17.486003875732422,412447,yahoo
2020-07-16,17.55562973022461,17.694881439208984,17.287073135375977,17.30696678161621,17.30696678161621,435104,yahoo
2020-07-17,17.30696678161621,18.2021541595459,17.30696678161621,18.2021541595459,18.2021541595459,651589,yahoo
2020-07-20,18.222047805786133,18.361297607421875,17.91370391845703,18.04300880432129,18.04300880432129,317561,yahoo
2020-07-21,18.07284927368164,18.460763931274414,17.863971710205078,17.863971710205078,17.863971710205078,621102,yahoo
2020-07-22,17.91370391845703,18.5303897857666,17.91370391845703,18.361297607421875,18.361297607421875,390158,yahoo
2020-07-23,18.550281524658203,18.550281524658203,18.033063888549805,18.10268783569336,18.10268783569336,312947,yahoo
2020-07-24,17.903757095336914,17.963436126708984,17.137874603271484,17.525789260864258,17.525789260864258,865433,yahoo
2020-07-27,17.55562973022461,17.724720001220703,17.257232666015625,17.55562973022461,17.55562973022461,377190,yahoo
2020-07-28,17.55562973022461,17.665040969848633,17.127927780151367,17.1478214263916,17.1478214263916,339853,yahoo
2020-07-29,17.15776824951172,17.625255584716797,16.849424362182617,17.167713165283203,17.167713165283203,349619,yahoo
2020-07-30,17.167713165283203,17.585468292236328,17.02846336364746,17.30696678161621,17.30696678161621,337046,yahoo
2020-07-31,17.356698989868164,17.903757095336914,17.257232666015625,17.724720001220703,17.724720001220703,510553,yahoo
2020-08-03,17.61530876159668,18.271780014038086,17.535736083984375,18.19220733642578,18.19220733642578,506144,yahoo
2020-08-04,18.301618576049805,18.550281524658203,18.10268783569336,18.241939544677734,18.241939544677734,367289,yahoo
2020-08-05,18.241939544677734,18.48065757751465,18.033063888549805,18.2021541595459,18.2021541595459,277019,yahoo
2020-08-06,18.401084899902344,19.465362548828125,18.301618576049805,18.89841079711914,18.89841079711914,1194353,yahoo
2020-08-07,18.89841079711914,19.39573860168457,18.54033660888672,19.216699600219727,19.216699600219727,485067,yahoo
2020-08-10,19.39573860168457,19.86322593688965,18.669641494750977,18.948144912719727,18.948144912719727,1379304,yahoo
2020-08-11,18.948144912719727,19.346004486083984,18.739267349243164,18.828784942626953,18.828784942626953,751962,yahoo
2020-08-12,18.709426879882812,18.818838119506836,18.271780014038086,18.609962463378906,18.609962463378906,639822,yahoo
2020-08-13,18.759159088134766,18.83873176574707,18.04300880432129,18.10268783569336,18.10268783569336,808428,yahoo
2020-08-14,18.10268783569336,18.510496139526367,17.67498779296875,18.401084899902344,18.401084899902344,994710,yahoo
2020-08-17,18.401084899902344,18.798946380615234,18.19220733642578,18.609962463378906,18.609962463378906,586825,yahoo
2020-08-18,18.609962463378906,19.05755615234375,18.391138076782227,18.54033660888672,18.54033660888672,718312,yahoo
2020-08-19,18.2021541595459,21.812744140625,17.79434585571289,20.82803726196289,20.82803726196289,4966118,yahoo
2020-08-20,20.877771377563477,23.25499153137207,20.877771377563477,22.66814613342285,22.66814613342285,3865602,yahoo
2020-08-21,23.25499153137207,25.587453842163086,23.066007614135742,25.56258773803711,25.56258773803711,5578919,yahoo
2020-08-24,25.363656997680664,26.582107543945312,25.040395736694336,25.686918258666992,25.686918258666992,3137752,yahoo
2020-08-25,25.662052154541016,26.109647750854492,24.727079391479492,24.806650161743164,24.806650161743164,1472519,yahoo
2020-08-26,24.69723892211914,25.23932647705078,23.97114372253418,24.99066162109375,24.99066162109375,1521999,yahoo
2020-08-27,24.99066162109375,25.48798942565918,24.369003295898438,24.488361358642578,24.488361358642578,1498427,yahoo
2020-08-28,24.866331100463867,25.214458465576172,24.478416442871094,25.09012794494629,25.09012794494629,969771,yahoo
2020-08-31,25.587453842163086,26.35831069946289,25.38852310180664,25.910715103149414,25.910715103149414,1227394,yahoo
2020-09-01,26.010181427001953,26.35831069946289,25.761518478393555,26.308578491210938,26.308578491210938,791914,yahoo
2020-09-02,26.308578491210938,27.80055809020996,25.96044921875,26.68157386779785,26.68157386779785,2280179,yahoo
2020-09-03,26.905370712280273,26.905370712280273,25.686918258666992,25.811250686645508,25.811250686645508,837274,yahoo
2020-09-04,25.662052154541016,26.308578491210938,25.065261840820312,25.48798942565918,25.48798942565918,1511559,yahoo
2020-09-07,25.63718605041504,26.159379959106445,25.56258773803711,26.03504753112793,26.03504753112793,469663,yahoo
2020-09-08,25.935583114624023,26.13451385498047,25.01552963256836,25.935583114624023,25.935583114624023,512041,yahoo
2020-09-09,25.935583114624023,26.35831069946289,24.707185745239258,26.233978271484375,26.233978271484375,1232089,yahoo
2020-09-10,26.35831069946289,26.482641220092773,25.612319946289062,25.860984802246094,25.860984802246094,397806,yahoo
2020-09-11,25.860984802246094,26.656705856323242,25.56258773803711,26.25884437561035,26.25884437561035,600366,yahoo
2020-09-14,26.25884437561035,26.60697364807129,26.109647750854492,26.53237533569336,26.53237533569336,246256,yahoo
2020-09-15,26.582107543945312,27.129167556762695,25.860984802246094,26.582107543945312,26.582107543945312,808311,yahoo
2020-09-16,26.60697364807129,26.855636596679688,25.860984802246094,26.482641220092773,26.482641220092773,754467,yahoo
2020-09-17,26.35831069946289,27.55189323425293,26.159379959106445,26.93023681640625,26.93023681640625,1051658,yahoo
2020-09-18,26.979969024658203,27.601627349853516,26.955102920532227,27.029701232910156,27.029701232910156,935946,yahoo
2020-09-21,27.253498077392578,27.900022506713867,26.059913635253906,26.184246063232422,26.184246063232422,1473218,yahoo
2020-09-22,26.109647750854492,26.631839752197266,25.537721633911133,25.736652374267578,25.736652374267578,674534,yahoo
2020-09-23,25.811250686645508,26.60697364807129,25.811250686645508,26.333444595336914,26.333444595336914,427517,yahoo
2020-09-24,26.25884437561035,26.25884437561035,25.01552963256836,25.512855529785156,25.512855529785156,955559,yahoo
2020-09-25,25.860984802246094,26.010181427001953,25.23932647705078,25.63718605041504,25.63718605041504,338413,yahoo
2020-09-28,25.662052154541016,26.2091121673584,25.48798942565918,25.686918258666992,25.686918258666992,421471,yahoo
2020-09-29,25.686918258666992,26.482641220092773,25.363656997680664,26.109647750854492,26.109647750854492,512669,yahoo
2020-09-30,26.109647750854492,27.50216293334961,25.438255310058594,26.333444595336914,26.333444595336914,932646,yahoo
2020-10-01,26.333444595336914,28.04922103881836,26.159379959106445,27.97462272644043,27.97462272644043,1938516,yahoo
2020-10-02,27.850290298461914,28.496814727783203,26.333444595336914,26.333444595336914,26.333444595336914,1276470,yahoo
2020-10-05,26.60697364807129,27.427562713623047,26.2091121673584,26.855636596679688,26.855636596679688,819055,yahoo
2020-10-06,27.054567337036133,29.09360694885254,27.029701232910156,28.969274520874023,28.969274520874023,2435473,yahoo
2020-10-07,30.36178970336914,34.76313018798828,30.36178970336914,34.091739654541016,34.091739654541016,5808265,yahoo
2020-10-08,33.99227523803711,34.01713943481445,32.326229095458984,33.121952056884766,33.121952056884766,2554104,yahoo
2020-10-09,33.121952056884766,34.14147186279297,30.75965118408203,31.953235626220703,31.953235626220703,2501143,yahoo
2020-10-12,31.928369522094727,32.42569351196289,30.560720443725586,31.132646560668945,31.132646560668945,1117096,yahoo
2020-10-13,31.132646560668945,31.65483856201172,30.53585433959961,31.00831413269043,31.00831413269043,564248,yahoo
2020-10-14,31.00831413269043,31.281843185424805,30.510988235473633,31.058046340942383,31.058046340942383,401546,yahoo
2020-10-15,30.436389923095703,30.436389923095703,29.143339157104492,29.143339157104492,29.143339157104492,1170421,yahoo
2020-10-16,29.143339157104492,30.113126754760742,29.01900863647461,29.441734313964844,29.441734313964844,655239,yahoo
2020-10-19,29.839597702026367,30.03852653503418,28.422216415405273,28.944408416748047,28.944408416748047,907566,yahoo
2020-10-20,28.84494400024414,29.143339157104492,28.34761619567871,28.59627914428711,28.59627914428711,538205,yahoo
2020-10-21,28.59627914428711,28.62114715576172,27.850290298461914,27.949756622314453,27.949756622314453,719496,yahoo
2020-10-22,27.949756622314453,27.999488830566406,27.30323028564453,27.30323028564453,27.30323028564453,499124,yahoo
2020-10-23,27.30323028564453,28.074087142944336,26.656705856323242,27.00483512878418,27.00483512878418,649378,yahoo
2020-10-26,27.00483512878418,27.80055809020996,25.811250686645508,25.88585090637207,25.88585090637207,1037810,yahoo
2020-10-27,25.860984802246094,26.50750732421875,24.965795516967773,26.383176803588867,26.383176803588867,1099122,yahoo
2020-10-28,26.25884437561035,26.25884437561035,25.01552963256836,25.537721633911133,25.537721633911133,1227298,yahoo
2020-10-29,23.374351501464844,24.73702621459961,20.639053344726562,21.305471420288086,21.305471420288086,5379040,yahoo
2020-10-30,21.305471420288086,22.727825164794922,20.28097915649414,22.727825164794922,22.727825164794922,1482476,yahoo
2020-11-02,22.877023696899414,23.155527114868164,21.66354751586914,21.66354751586914,21.66354751586914,2046650,yahoo
2020-11-03,22.379697799682617,22.98643684387207,21.87242317199707,22.389644622802734,22.389644622802734,1409490,yahoo
2020-11-04,22.628360748291016,24.538095474243164,22.180767059326172,24.369003295898438,24.369003295898438,1468105,yahoo
2020-11-05,24.766864776611328,25.139860153198242,24.20985984802246,25.040395736694336,25.040395736694336,1161349,yahoo
2020-11-06,25.16472625732422,25.16472625732422,23.97114372253418,24.836490631103516,24.836490631103516,867015,yahoo
2020-11-09,24.891197204589844,25.736652374267578,24.846437454223633,24.866331100463867,24.866331100463867,1186449,yahoo
2020-11-10,24.940929412841797,25.214458465576172,23.652854919433594,23.861730575561523,23.861730575561523,1242270,yahoo
2020-11-11,23.861730575561523,24.776811599731445,23.613067626953125,24.3292179107666,24.3292179107666,622452,yahoo
2020-11-12,24.319271087646484,24.766864776611328,23.941303253173828,24.20985984802246,24.20985984802246,620463,yahoo
2020-11-13,24.20985984802246,25.438255310058594,23.981088638305664,25.01552963256836,25.01552963256836,767881,yahoo
2020-11-16,25.46312141418457,25.612319946289062,24.99066162109375,25.114994049072266,25.114994049072266,590099,yahoo
2020-11-17,24.866331100463867,25.264192581176758,24.587827682495117,25.01552963256836,25.01552963256836,445666,yahoo
2020-11-18,25.01552963256836,25.338790893554688,24.776811599731445,24.866331100463867,24.866331100463867,325936,yahoo
2020-11-19,24.667400360107422,25.040395736694336,24.418737411499023,25.040395736694336,25.040395736694336,286250,yahoo
2020-11-20,25.040395736694336,25.438255310058594,24.891197204589844,25.363656997680664,25.363656997680664,352522,yahoo
2020-11-23,25.23932647705078,25.96044921875,25.16472625732422,25.63718605041504,25.63718605041504,436379,yahoo
2020-11-24,25.910715103149414,26.084781646728516,25.31392478942871,26.084781646728516,26.084781646728516,521160,yahoo
2020-11-25,26.084781646728516,26.83077049255371,25.88585090637207,26.35831069946289,26.35831069946289,544752,yahoo
2020-11-26,26.35831069946289,26.805904388427734,26.159379959106445,26.706438064575195,26.706438064575195,303028,yahoo
2020-11-27,26.731304168701172,27.2286319732666,26.2091121673584,27.154033660888672,27.154033660888672,407959,yahoo
2020-11-30,27.154033660888672,27.850290298461914,27.054567337036133,27.253498077392578,27.253498077392578,831857,yahoo
2020-12-01,27.30323028564453,28.44708251953125,27.054567337036133,28.422216415405273,28.422216415405273,644188,yahoo
2020-12-02,28.422216415405273,28.44708251953125,27.253498077392578,27.850290298461914,27.850290298461914,456265,yahoo
2020-12-03,27.850290298461914,28.820077896118164,27.750825881958008,28.44708251953125,28.44708251953125,518864,yahoo
2020-12-04,28.12381935119629,28.322750091552734,27.77569007873535,28.248151779174805,28.248151779174805,329628,yahoo
2020-12-07,28.248151779174805,28.84494400024414,28.148685455322266,28.795211791992188,28.795211791992188,422084,yahoo
2020-12-08,28.84494400024414,29.24280548095703,27.701091766357422,28.84494400024414,28.84494400024414,1014055,yahoo
2020-12-09,28.84494400024414,29.043874740600586,27.701091766357422,27.825424194335938,27.825424194335938,925532,yahoo
2020-12-10,27.750825881958008,27.850290298461914,25.96044921875,26.084781646728516,26.084781646728516,1302174,yahoo
2020-12-11,26.109647750854492,26.35831069946289,25.114994049072266,25.985315322875977,25.985315322875977,877632,yahoo
2020-12-14,26.010181427001953,27.129167556762695,25.78638458251953,26.60697364807129,26.60697364807129,703676,yahoo
2020-12-15,27.00483512878418,27.825424194335938,26.656705856323242,27.80055809020996,27.80055809020996,721485,yahoo
2020-12-16,28.04922103881836,28.173553466796875,26.731304168701172,26.731304168701172,26.731304168701172,792644,yahoo
2020-12-17,26.955102920532227,27.57676124572754,26.68157386779785,27.278364181518555,27.278364181518555,447428,yahoo
2020-12-18,27.352964401245117,27.750825881958008,26.855636596679688,27.07943344116211,27.07943344116211,511388,yahoo
2020-12-21,26.979969024658203,26.979969024658203,26.2091121673584,26.805904388427734,26.805904388427734,621301,yahoo
2020-12-22,26.805904388427734,27.278364181518555,26.557241439819336,27.203765869140625,27.203765869140625,371910,yahoo
2020-12-23,27.17889976501465,27.87515640258789,27.17889976501465,27.57676124572754,27.57676124572754,440064,yahoo
2020-12-28,27.850290298461914,27.999488830566406,27.253498077392578,27.949756622314453,27.949756622314453,437776,yahoo
2020-12-29,27.949756622314453,30.113126754760742,27.949756622314453,29.615800857543945,29.615800857543945,1002876,yahoo
2020-12-30,29.49146842956543,29.56606674194336,27.825424194335938,28.148685455322266,28.148685455322266,1207256,yahoo
2021-01-04,28.148685455322266,28.994140625,28.148685455322266,28.44708251953125,28.44708251953125,550800,yahoo
2021-01-05,28.34761619567871,28.7454776763916,28.12381935119629,28.12381935119629,28.12381935119629,372803,yahoo
2021-01-07,29.043874740600586,29.441734313964844,28.54654884338379,29.217937469482422,29.217937469482422,946193,yahoo
2021-01-08,29.24280548095703,30.585586547851562,29.24280548095703,29.839597702026367,29.839597702026367,912124,yahoo
2021-01-11,29.839597702026367,29.96392822265625,28.54654884338379,28.7454776763916,28.7454776763916,670064,yahoo
2021-01-12,28.7454776763916,29.416868209838867,28.54654884338379,29.24280548095703,29.24280548095703,456967,yahoo
2021-01-13,29.292537689208984,29.78986358642578,28.894676208496094,29.78986358642578,29.78986358642578,447343,yahoo
2021-01-14,29.839597702026367,30.436389923095703,29.590932846069336,30.436389923095703,30.436389923095703,546930,yahoo
2021-01-15,30.28719139099121,30.436389923095703,28.397350311279297,28.471948623657227,28.471948623657227,903904,yahoo
2021-01-18,28.720611572265625,28.720611572265625,27.750825881958008,27.999488830566406,27.999488830566406,436322,yahoo
2021-01-19,27.999488830566406,28.27301788330078,27.352964401245117,27.50216293334961,27.50216293334961,455831,yahoo
2021-01-20,27.30323028564453,28.248151779174805,27.129167556762695,28.148685455322266,28.148685455322266,675033,yahoo
2021-01-21,28.148685455322266,28.820077896118164,27.701091766357422,28.54654884338379,28.54654884338379,690749,yahoo
2021-01-22,28.571414947509766,28.571414947509766,27.850290298461914,28.12381935119629,28.12381935119629,777070,yahoo
2021-01-25,28.223285675048828,29.143339157104492,28.098953247070312,28.173553466796875,28.173553466796875,757122,yahoo
2021-01-26,27.72595977783203,28.074087142944336,26.2091121673584,27.427562713623047,27.427562713623047,1899210,yahoo
2021-01-27,27.427562713623047,27.65135955810547,25.662052154541016,26.482641220092773,26.482641220092773,1252112,yahoo
2021-01-28,26.233978271484375,27.00483512878418,25.338790893554688,26.53237533569336,26.53237533569336,873653,yahoo
2021-01-29,26.805904388427734,27.00483512878418,26.084781646728516,26.656705856323242,26.656705856323242,681777,yahoo
2021-02-01,26.656705856323242,27.57676124572754,26.35831069946289,27.328096389770508,27.328096389770508,624388,yahoo
2021-02-02,27.352964401245117,27.77569007873535,26.855636596679688,27.57676124572754,27.57676124572754,715316,yahoo
2021-02-03,27.626493453979492,28.248151779174805,26.880502700805664,27.850290298461914,27.850290298461914,1522576,yahoo
2021-02-04,28.869810104370117,33.71874237060547,28.869810104370117,33.56954574584961,33.56954574584961,6251603,yahoo
2021-02-05,32.82355499267578,34.91232681274414,31.58024024963379,34.812862396240234,34.812862396240234,5253123,yahoo
2021-02-08,34.51446533203125,35.33505630493164,33.81821060180664,34.31553649902344,34.31553649902344,2026044,yahoo
2021-02-09,34.31553649902344,34.93719482421875,33.71874237060547,34.71339797973633,34.71339797973633,1927077,yahoo
2021-02-10,34.56420135498047,35.633453369140625,33.94253921508789,35.53398513793945,35.53398513793945,1526757,yahoo
2021-02-11,35.235591888427734,36.155643463134766,34.240936279296875,34.415000915527344,34.415000915527344,1174710,yahoo
2021-02-12,34.415000915527344,36.25511169433594,34.415000915527344,36.155643463134766,36.155643463134766,1202059,yahoo
2021-02-15,36.30484390258789,36.4043083190918,34.96206283569336,35.210723876953125,35.210723876953125,791055,yahoo
2021-02-16,34.812862396240234,35.26045608520508,34.415000915527344,34.96206283569336,34.96206283569336,546405,yahoo
2021-02-17,34.96206283569336,35.01179504394531,33.56954574584961,33.56954574584961,33.56954574584961,696817,yahoo
2021-02-18,33.296016693115234,34.01713943481445,32.724090576171875,32.99761962890625,32.99761962890625,575302,yahoo
2021-02-19,32.99761962890625,33.42034912109375,32.550025939941406,33.296016693115234,33.296016693115234,423789,yahoo
2021-02-22,33.61927795410156,35.18585968017578,33.59441375732422,35.13612365722656,35.13612365722656,1057337,yahoo
2021-02-23,35.13612365722656,35.459388732910156,32.10243225097656,32.59975814819336,32.59975814819336,2208433,yahoo
2021-02-24,32.69922637939453,33.544681549072266,31.754304885864258,32.27649688720703,32.27649688720703,973708,yahoo
2021-02-25,32.4505615234375,32.92302322387695,31.281843185424805,31.97810173034668,31.97810173034668,976619,yahoo
2021-02-26,31.033180236816406,31.455907821655273,30.411521911621094,30.635318756103516,30.635318756103516,808645,yahoo
2021-03-01,30.908849716186523,31.97810173034668,30.908849716186523,31.40617561340332,31.40617561340332,460982,yahoo
2021-03-02,31.40617561340332,32.27649688720703,31.256977081298828,31.953235626220703,31.953235626220703,575054,yahoo
2021-03-03,31.97810173034668,32.52516174316406,31.629972457885742,32.22676467895508,32.22676467895508,582281,yahoo
2021-03-04,32.22676467895508,32.22676467895508,29.88932991027832,30.585586547851562,30.585586547851562,1112530,yahoo
2021-03-05,29.988794326782227,30.9337158203125,29.88932991027832,29.96392822265625,29.96392822265625,2493562,yahoo
2021-03-08,30.13799285888672,30.809383392333984,29.09360694885254,29.740131378173828,29.740131378173828,1451728,yahoo
2021-03-09,29.441734313964844,31.23211097717285,29.24280548095703,31.157512664794922,31.157512664794922,497140,yahoo
2021-03-10,31.281843185424805,31.80403709411621,30.411521911621094,30.510988235473633,30.510988235473633,448777,yahoo
2021-03-11,30.784517288208008,31.555374145507812,30.660186767578125,31.08291244506836,31.08291244506836,346195,yahoo
2021-03-12,30.436389923095703,31.157512664794922,30.013660430908203,31.157512664794922,31.157512664794922,784532,yahoo
2021-03-15,31.157512664794922,31.480775833129883,30.6850528717041,30.6850528717041,30.6850528717041,407862,yahoo
2021-03-16,30.6850528717041,31.58024024963379,30.6850528717041,31.50564193725586,31.50564193725586,389146,yahoo
2021-03-17,31.530506134033203,31.87863540649414,30.709917068481445,30.958581924438477,30.958581924438477,385097,yahoo
2021-03-18,30.9337158203125,32.027835845947266,30.9337158203125,31.58024024963379,31.58024024963379,605248,yahoo
2021-03-19,31.033180236816406,31.207244873046875,30.560720443725586,30.983448028564453,30.983448028564453,512679,yahoo
2021-03-22,30.883983612060547,31.679704666137695,30.784517288208008,31.10778045654297,31.10778045654297,674498,yahoo
2021-03-23,30.83424949645996,31.80403709411621,30.28719139099121,31.80403709411621,31.80403709411621,819919,yahoo
2021-03-24,31.281843185424805,31.431041717529297,29.864463806152344,29.864463806152344,29.864463806152344,963945,yahoo
2021-03-25,30.088260650634766,30.336923599243164,28.91954231262207,29.466602325439453,29.466602325439453,772822,yahoo
2021-03-26,29.56606674194336,30.162858963012695,29.49146842956543,30.013660430908203,30.013660430908203,527243,yahoo
2021-03-29,30.06339454650879,30.585586547851562,29.56606674194336,29.665531158447266,29.665531158447266,526195,yahoo
2021-03-30,29.839597702026367,30.6850528717041,29.367136001586914,30.53585433959961,30.53585433959961,436278,yahoo
2021-03-31,30.386655807495117,31.132646560668945,30.2623233795166,31.00831413269043,31.00831413269043,517645,yahoo
2021-04-01,31.455907821655273,34.116607666015625,31.431041717529297,33.22141647338867,33.22141647338867,1604060,yahoo
2021-04-06,33.22141647338867,33.74361038208008,33.0473518371582,33.56954574584961,33.56954574584961,680717,yahoo
2021-04-07,33.81821060180664,34.01713943481445,32.42569351196289,32.724090576171875,32.724090576171875,603414,yahoo
2021-04-08,32.79869079589844,33.49494552612305,32.64949035644531,32.92302322387695,32.92302322387695,461429,yahoo
2021-04-09,32.92302322387695,33.71874237060547,32.59975814819336,33.42034912109375,33.42034912109375,384099,yahoo
2021-04-12,33.445213317871094,33.445213317871094,32.351097106933594,32.50029373168945,32.50029373168945,326644,yahoo
2021-04-13,32.724090576171875,33.59441375732422,32.27649688720703,33.07221984863281,33.07221984863281,506110,yahoo
2021-04-14,33.02248764038086,33.445213317871094,32.92302322387695,33.320884704589844,33.320884704589844,292757,yahoo
2021-04-15,33.59441375732422,33.59441375732422,32.748958587646484,32.972755432128906,32.972755432128906,253551,yahoo
2021-04-16,32.972755432128906,33.24628448486328,32.52516174316406,33.24628448486328,33.24628448486328,546146,yahoo
2021-04-19,33.24628448486328,34.116607666015625,32.20189666748047,32.27649688720703,32.27649688720703,782089,yahoo
2021-04-20,32.27649688720703,32.27649688720703,28.795211791992188,29.740131378173828,29.740131378173828,1717635,yahoo
2021-04-21,30.088260650634766,30.312057495117188,29.267671585083008,30.088260650634766,30.088260650634766,739021,yahoo
2021-04-22,30.06339454650879,31.058046340942383,30.013660430908203,31.058046340942383,31.058046340942383,753221,yahoo
2021-04-23,30.411521911621094,30.9337158203125,30.21259117126465,30.9337158203125,30.9337158203125,506471,yahoo
2021-04-26,30.958581924438477,32.07756805419922,30.809383392333984,32.07756805419922,32.07756805419922,561021,yahoo
2021-04-27,32.07756805419922,32.82355499267578,31.629972457885742,32.152164459228516,32.152164459228516,466492,yahoo
2021-04-28,32.27649688720703,32.27649688720703,30.83424949645996,31.33157730102539,31.33157730102539,618070,yahoo
2021-04-29,32.25163269042969,35.28532409667969,31.431041717529297,34.265804290771484,34.265804290771484,3643712,yahoo
2021-04-30,34.14147186279297,35.80751419067383,33.56954574584961,35.80751419067383,35.80751419067383,1314942,yahoo
2021-05-03,36.80216979980469,38.86607360839844,35.210723876953125,37.672489166259766,37.672489166259766,2442398,yahoo
2021-05-04,38.269283294677734,39.76126480102539,37.74708938598633,38.0206184387207,38.0206184387207,2028341,yahoo
2021-05-05,38.095218658447266,39.31366729736328,38.095218658447266,38.79147720336914,38.79147720336914,913096,yahoo
2021-05-06,38.79147720336914,39.16447067260742,36.9265022277832,37.324363708496094,37.324363708496094,1187475,yahoo
2021-05-07,37.79682159423828,38.244415283203125,36.9265022277832,37.99575424194336,37.99575424194336,827822,yahoo
2021-05-10,37.99575424194336,38.095218658447266,36.42917251586914,36.42917251586914,36.42917251586914,689363,yahoo
2021-05-11,35.55885314941406,35.608585357666016,34.4647331237793,35.036659240722656,35.036659240722656,1082680,yahoo
2021-05-12,35.036659240722656,35.459388732910156,34.39013671875,35.036659240722656,35.036659240722656,332310,yahoo
2021-05-14,35.31018829345703,35.583717346191406,33.669010162353516,34.39013671875,34.39013671875,692755,yahoo
2021-05-17,34.39013671875,34.73826217651367,33.693878173828125,33.94253921508789,33.94253921508789,452073,yahoo
2021-05-18,33.94253921508789,34.36526870727539,33.4700813293457,33.91767501831055,33.91767501831055,391324,yahoo
2021-05-19,33.39548110961914,33.74361038208008,31.80403709411621,32.05270004272461,32.05270004272461,1231546,yahoo
2021-05-20,32.550025939941406,33.146820068359375,31.72943878173828,32.9478874206543,32.9478874206543,1085735,yahoo
2021-05-21,33.07221984863281,33.320884704589844,32.20189666748047,32.22676467895508,32.22676467895508,481140,yahoo
2021-05-24,32.25163269042969,32.37596130371094,31.779170989990234,32.152164459228516,32.152164459228516,427139,yahoo
2021-05-25,32.37596130371094,33.49494552612305,32.20189666748047,33.39548110961914,33.39548110961914,628594,yahoo
2021-05-26,33.296016693115234,33.74361038208008,33.121952056884766,33.74361038208008,33.74361038208008,456215,yahoo
2021-05-27,33.74361038208008,34.116607666015625,33.320884704589844,33.91767501831055,33.91767501831055,457886,yahoo
2021-05-28,33.867942810058594,34.19120407104492,32.873287200927734,33.17168426513672,33.17168426513672,469978,yahoo
2021-05-31,33.17168426513672,33.17168426513672,31.754304885864258,31.754304885864258,31.754304885864258,680496,yahoo
2021-06-01,31.953235626220703,34.51446533203125,31.828903198242188,34.116607666015625,34.116607666015625,1659332,yahoo
2021-06-02,34.16633987426758,34.240936279296875,33.22141647338867,33.320884704589844,33.320884704589844,403308,yahoo
2021-06-03,34.31553649902344,34.31553649902344,33.22141647338867,33.39548110961914,33.39548110961914,426530,yahoo
2021-06-04,34.116607666015625,34.116607666015625,32.82355499267578,33.3706169128418,33.3706169128418,398289,yahoo
2021-06-07,33.17168426513672,33.271148681640625,32.92302322387695,33.17168426513672,33.17168426513672,258566,yahoo
2021-06-08,33.07221984863281,33.34574890136719,32.79869079589844,33.09708786010742,33.09708786010742,99588,yahoo
2021-06-09,33.07221984863281,33.445213317871094,32.79869079589844,32.99761962890625,32.99761962890625,314390,yahoo
2021-06-10,33.22141647338867,33.22141647338867,31.779170989990234,32.027835845947266,32.027835845947266,533285,yahoo
2021-06-11,32.027835845947266,33.24628448486328,32.027835845947266,32.59975814819336,32.59975814819336,1717245,yahoo
2021-06-14,32.59975814819336,32.898155212402344,32.002967834472656,32.177032470703125,32.177032470703125,340406,yahoo
2021-06-15,32.027835845947266,33.22141647338867,31.828903198242188,32.64949035644531,32.64949035644531,414803,yahoo
2021-06-16,32.64949035644531,33.17168426513672,32.326229095458984,32.69922637939453,32.69922637939453,290111,yahoo
2021-06-17,32.52516174316406,32.69922637939453,32.07756805419922,32.50029373168945,32.50029373168945,452756,yahoo
2021-06-18,32.50029373168945,33.3706169128418,32.25163269042969,32.25163269042969,32.25163269042969,440479,yahoo
2021-06-21,32.07756805419922,32.07756805419922,31.356443405151367,31.356443405151367,31.356443405151367,437535,yahoo
2021-06-22,31.33157730102539,31.33157730102539,30.312057495117188,30.660186767578125,30.660186767578125,351181,yahoo
2021-06-23,30.6850528717041,30.784517288208008,30.2623233795166,30.386655807495117,30.386655807495117,211890,yahoo
2021-06-24,30.83424949645996,31.00831413269043,30.36178970336914,30.660186767578125,30.660186767578125,246791,yahoo
2021-06-28,30.660186767578125,31.207244873046875,30.585586547851562,30.660186767578125,30.660186767578125,279940,yahoo
2021-06-29,30.61045265197754,31.65483856201172,30.61045265197754,31.58024024963379,31.58024024963379,321054,yahoo
2021-06-30,32.177032470703125,33.4700813293457,31.58024024963379,32.9478874206543,32.9478874206543,656343,yahoo
2021-07-01,32.9478874206543,34.091739654541016,32.326229095458984,33.4700813293457,33.4700813293457,452048,yahoo
2021-07-02,33.79334259033203,34.93719482421875,33.4700813293457,34.51446533203125,34.51446533203125,584989,yahoo
2021-07-05,34.51446533203125,35.235591888427734,34.14147186279297,34.53933334350586,34.53933334350586,433704,yahoo
2021-07-06,34.53933334350586,35.88211441040039,34.091739654541016,35.359920501708984,35.359920501708984,540415,yahoo
2021-07-07,34.96206283569336,36.65296936035156,34.812862396240234,36.006446838378906,36.006446838378906,455644,yahoo
2021-07-08,36.006446838378906,36.006446838378906,34.31553649902344,34.663665771484375,34.663665771484375,812896,yahoo
2021-07-09,34.663665771484375,34.91232681274414,33.445213317871094,33.56954574584961,33.56954574584961,322180,yahoo
2021-07-12,33.56954574584961,33.79334259033203,33.146820068359375,33.24628448486328,33.24628448486328,387922,yahoo
2021-07-13,33.22141647338867,33.867942810058594,32.92302322387695,32.9478874206543,32.9478874206543,458935,yahoo
2021-07-14,32.82355499267578,33.39548110961914,32.42569351196289,32.69922637939453,32.69922637939453,350936,yahoo
2021-07-15,32.326229095458984,32.42569351196289,31.381309509277344,31.828903198242188,31.828903198242188,590072,yahoo
2021-07-16,31.828903198242188,32.30136489868164,31.356443405151367,32.177032470703125,32.177032470703125,232686,yahoo
2021-07-19,31.928369522094727,31.928369522094727,30.983448028564453,31.754304885864258,31.754304885864258,309408,yahoo
2021-07-20,31.58024024963379,32.07756805419922,31.431041717529297,31.953235626220703,31.953235626220703,230707,yahoo
2021-07-21,32.177032470703125,32.99761962890625,31.903501510620117,32.69922637939453,32.69922637939453,323539,yahoo
2021-07-22,32.724090576171875,33.271148681640625,32.42569351196289,32.50029373168945,32.50029373168945,319401,yahoo
2021-07-23,32.50029373168945,32.79869079589844,32.27649688720703,32.59975814819336,32.59975814819336,139767,yahoo
2021-07-26,33.42034912109375,33.42034912109375,32.47542953491211,32.77382278442383,32.77382278442383,277250,yahoo
2021-07-27,32.77382278442383,32.82355499267578,31.704572677612305,31.72943878173828,31.72943878173828,321643,yahoo
2021-07-28,31.853769302368164,32.69922637939453,30.883983612060547,32.50029373168945,32.50029373168945,511915,yahoo
2021-07-29,32.64949035644531,33.42034912109375,32.4505615234375,33.271148681640625,33.271148681640625,370147,yahoo
2021-07-30,33.271148681640625,34.091739654541016,32.326229095458984,34.01713943481445,34.01713943481445,1036505,yahoo
2021-08-02,34.240936279296875,34.34040451049805,33.544681549072266,33.64414596557617,33.64414596557617,252695,yahoo
2021-08-03,33.693878173828125,34.265804290771484,33.22141647338867,33.81821060180664,33.81821060180664,296412,yahoo
2021-08-04,33.81821060180664,34.4647331237793,33.693878173828125,34.31553649902344,34.31553649902344,474999,yahoo
2021-08-05,34.31553649902344,34.78799819946289,33.867942810058594,34.36526870727539,34.36526870727539,399865,yahoo
2021-08-06,35.98158264160156,39.51259994506836,35.931846618652344,36.47890853881836,36.47890853881836,2838551,yahoo
2021-08-09,36.9265022277832,36.976234436035156,33.867942810058594,36.80216979980469,36.80216979980469,1307947,yahoo
2021-08-10,36.80216979980469,36.9265022277832,34.68852996826172,34.837730407714844,34.837730407714844,908775,yahoo
2021-08-11,35.235591888427734,35.55885314941406,34.39013671875,34.96206283569336,34.96206283569336,473194,yahoo
2021-08-12,34.93719482421875,34.93719482421875,33.59441375732422,33.693878173828125,33.693878173828125,823645,yahoo
2021-08-13,33.693878173828125,33.693878173828125,32.574893951416016,32.67435836791992,32.67435836791992,929047,yahoo
2021-08-16,32.67435836791992,33.146820068359375,32.177032470703125,32.37596130371094,32.37596130371094,402107,yahoo
2021-08-17,32.82355499267578,33.693878173828125,32.027835845947266,33.61927795410156,33.61927795410156,889753,yahoo
2021-08-18,34.116607666015625,35.26045608520508,33.49494552612305,35.036659240722656,35.036659240722656,1049622,yahoo
2021-08-19,35.01179504394531,35.80751419067383,34.16633987426758,34.91232681274414,34.91232681274414,1130510,yahoo
2021-08-20,32.152164459228516,33.669010162353516,30.660186767578125,32.326229095458984,32.326229095458984,5025747,yahoo
2021-08-23,33.61927795410156,34.93719482421875,32.37596130371094,32.47542953491211,32.47542953491211,2561749,yahoo
2021-08-24,32.52516174316406,32.898155212402344,30.486120223999023,30.560720443725586,30.560720443725586,2383224,yahoo
2021-08-25,30.809383392333984,31.828903198242188,30.088260650634766,31.828903198242188,31.828903198242188,2109004,yahoo
2021-08-26,31.704572677612305,31.704572677612305,30.486120223999023,30.9337158203125,30.9337158203125,1175947,yahoo
2021-08-27,31.058046340942383,31.72943878173828,30.83424949645996,31.555374145507812,31.555374145507812,709927,yahoo
2021-08-30,31.779170989990234,31.928369522094727,31.356443405151367,31.704572677612305,31.704572677612305,449965,yahoo
2021-08-31,31.828903198242188,33.91767501831055,31.58024024963379,33.8928108215332,33.8928108215332,1871649,yahoo
2021-09-01,33.867942810058594,34.58906555175781,33.24628448486328,34.31553649902344,34.31553649902344,973724,yahoo
2021-09-02,34.31553649902344,35.53398513793945,34.31553649902344,35.50912094116211,35.50912094116211,1250890,yahoo
2021-09-03,35.43452072143555,36.77730178833008,35.18585968017578,35.80751419067383,35.80751419067383,1241610,yahoo
2021-09-06,35.80751419067383,37.07569885253906,35.26045608520508,36.876766204833984,36.876766204833984,1077006,yahoo
2021-09-07,36.30484390258789,37.20003128051758,34.812862396240234,34.96206283569336,34.96206283569336,1600614,yahoo
2021-09-08,34.96206283569336,34.96206283569336,33.81821060180664,33.99227523803711,33.99227523803711,751112,yahoo
2021-09-09,33.669010162353516,34.68852996826172,33.3706169128418,34.58906555175781,34.58906555175781,512699,yahoo
2021-09-10,34.58906555175781,35.210723876953125,33.3706169128418,33.56954574584961,33.56954574584961,658271,yahoo
2021-09-13,33.56954574584961,33.8928108215332,32.37596130371094,32.50029373168945,32.50029373168945,714548,yahoo
2021-09-14,32.550025939941406,32.69922637939453,32.07756805419922,32.4505615234375,32.4505615234375,677353,yahoo
2021-09-15,32.64949035644531,32.92302322387695,31.58024024963379,31.629972457885742,31.629972457885742,521305,yahoo
2021-09-16,31.704572677612305,32.30136489868164,31.555374145507812,31.72943878173828,31.72943878173828,746806,yahoo
2021-09-17,33.56954574584961,33.79334259033203,31.30670928955078,31.30670928955078,31.30670928955078,1436106,yahoo
2021-09-20,31.30670928955078,31.30670928955078,30.28719139099121,31.033180236816406,31.033180236816406,694841,yahoo
2021-09-21,30.983448028564453,31.1823787689209,30.486120223999023,30.784517288208008,30.784517288208008,558944,yahoo
2021-09-22,31.08291244506836,31.679704666137695,30.635318756103516,30.859115600585938,30.859115600585938,614686,yahoo
2021-09-23,31.256977081298828,31.828903198242188,30.983448028564453,31.779170989990234,31.779170989990234,553519,yahoo
2021-09-24,31.853769302368164,32.027835845947266,31.058046340942383,31.605106353759766,31.605106353759766,353355,yahoo
2021-09-27,31.72943878173828,31.828903198242188,30.61045265197754,30.709917068481445,30.709917068481445,432896,yahoo
2021-09-28,30.709917068481445,30.709917068481445,29.416868209838867,29.78986358642578,29.78986358642578,1257207,yahoo
2021-09-29,29.764997482299805,30.06339454650879,29.342269897460938,29.541200637817383,29.541200637817383,522976,yahoo
2021-09-30,29.590932846069336,30.510988235473633,29.24280548095703,29.615800857543945,29.615800857543945,605491,yahoo
2021-10-01,29.665531158447266,30.187725067138672,28.496814727783203,29.988794326782227,29.988794326782227,548142,yahoo
2021-10-04,30.162858963012695,30.162858963012695,28.62114715576172,28.820077896118164,28.820077896118164,728812,yahoo
2021-10-05,28.820077896118164,29.56606674194336,28.27301788330078,29.516334533691406,29.516334533691406,676875,yahoo
2021-10-06,29.64066505432129,29.814729690551758,28.496814727783203,29.01900863647461,29.01900863647461,587354,yahoo
2021-10-07,29.01900863647461,29.690399169921875,28.820077896118164,29.64066505432129,29.64066505432129,444448,yahoo
2021-10-08,29.64066505432129,29.71526527404785,29.068740844726562,29.56606674194336,29.56606674194336,304568,yahoo
2021-10-11,29.590932846069336,29.839597702026367,28.77034568786621,29.39200210571289,29.39200210571289,417287,yahoo
2021-10-12,29.39200210571289,30.162858963012695,28.869810104370117,29.988794326782227,29.988794326782227,453951,yahoo
2021-10-13,29.988794326782227,31.256977081298828,29.839597702026367,31.08291244506836,31.08291244506836,573279,yahoo
2021-10-14,31.281843185424805,31.903501510620117,31.033180236816406,31.679704666137695,31.679704666137695,489095,yahoo
2021-10-15,31.704572677612305,31.87863540649414,31.23211097717285,31.381309509277344,31.381309509277344,442968,yahoo
2021-10-18,31.381309509277344,32.027835845947266,30.386655807495117,31.87863540649414,31.87863540649414,559016,yahoo
2021-10-19,31.928369522094727,32.724090576171875,31.928369522094727,32.12730026245117,32.12730026245117,990703,yahoo
2021-10-20,32.12730026245117,32.40082931518555,31.828903198242188,32.027835845947266,32.027835845947266,1597545,yahoo
2021-10-21,32.05270004272461,32.152164459228516,31.779170989990234,31.97810173034668,31.97810173034668,690954,yahoo
2021-10-22,31.928369522094727,32.67435836791992,31.754304885864258,32.351097106933594,32.351097106933594,1032697,yahoo
2021-10-25,32.351097106933594,32.351097106933594,30.908849716186523,31.08291244506836,31.08291244506836,415477,yahoo
2021-10-26,30.883983612060547,31.356443405151367,30.013660430908203,30.13799285888672,30.13799285888672,599129,yahoo
2021-10-27,30.13799285888672,30.635318756103516,29.740131378173828,30.585586547851562,30.585586547851562,632588,yahoo
2021-10-28,30.585586547851562,31.679704666137695,28.372482299804688,31.10778045654297,31.10778045654297,1039827,yahoo
2021-10-29,30.560720443725586,32.326229095458984,29.342269897460938,30.883983612060547,30.883983612060547,2233095,yahoo
2021-11-01,30.883983612060547,31.754304885864258,29.96392822265625,30.013660430908203,30.013660430908203,688384,yahoo
2021-11-02,30.2623233795166,30.2623233795166,29.068740844726562,29.068740844726562,29.068740844726562,674685,yahoo
2021-11-03,29.342269897460938,29.416868209838867,28.52168083190918,28.59627914428711,28.59627914428711,499739,yahoo
2021-11-04,28.59627914428711,29.367136001586914,28.422216415405273,29.193071365356445,29.193071365356445,490749,yahoo
2021-11-05,29.939062118530273,29.988794326782227,29.342269897460938,29.64066505432129,29.64066505432129,262636,yahoo
2021-11-08,29.839597702026367,31.157512664794922,29.839597702026367,30.6850528717041,30.6850528717041,628311,yahoo
2021-11-09,30.83424949645996,31.97810173034668,30.436389923095703,30.883983612060547,30.883983612060547,754544,yahoo
2021-11-10,31.08291244506836,31.08291244506836,29.96392822265625,30.06339454650879,30.06339454650879,471710,yahoo
2021-11-11,29.88932991027832,30.510988235473633,29.690399169921875,30.28719139099121,30.28719139099121,537652,yahoo
2021-11-12,30.28719139099121,30.958581924438477,29.71526527404785,30.883983612060547,30.883983612060547,521049,yahoo
2021-11-15,30.9337158203125,33.81821060180664,30.36178970336914,33.0473518371582,33.0473518371582,2420073,yahoo
2021-11-16,33.519813537597656,34.19120407104492,32.326229095458984,32.67435836791992,32.67435836791992,1954554,yahoo
2021-11-17,32.574893951416016,34.78799819946289,32.12730026245117,34.31553649902344,34.31553649902344,1586667,yahoo
2021-11-18,34.265804290771484,35.359920501708984,33.843074798583984,35.235591888427734,35.235591888427734,2187463,yahoo
2021-11-19,34.812862396240234,35.4096565246582,34.116607666015625,34.51446533203125,34.51446533203125,937653,yahoo
2021-11-22,34.51446533203125,34.78799819946289,33.34574890136719,33.34574890136719,33.34574890136719,459728,yahoo
2021-11-23,32.77382278442383,33.07221984863281,31.779170989990234,32.326229095458984,32.326229095458984,818532,yahoo
2021-11-24,32.351097106933594,34.29066848754883,32.326229095458984,33.71874237060547,33.71874237060547,1244266,yahoo
2021-11-25,33.71874237060547,36.9265022277832,33.71874237060547,36.47890853881836,36.47890853881836,3398714,yahoo
2021-11-26,35.31018829345703,36.45404052734375,34.53933334350586,34.61393356323242,34.61393356323242,2336054,yahoo
2021-11-29,35.210723876953125,36.45404052734375,34.812862396240234,36.05617904663086,36.05617904663086,1186077,yahoo
2021-11-30,35.80751419067383,36.006446838378906,34.9869270324707,35.55885314941406,35.55885314941406,1268088,yahoo
2021-12-01,35.608585357666016,35.83238220214844,34.56420135498047,35.50912094116211,35.50912094116211,1647802,yahoo
2021-12-02,35.43452072143555,35.80751419067383,33.669010162353516,33.71874237060547,33.71874237060547,1198391,yahoo
2021-12-03,34.58906555175781,34.8874626159668,33.42034912109375,34.415000915527344,34.415000915527344,1093752,yahoo
2021-12-06,69.19999694824219,69.19999694824219,69.19999694824219,69.19999694824219,69.19999694824219,0,yahoo
2021-12-07,39.0,40.52000045776367,38.880001068115234,40.36000061035156,40.36000061035156,1115405,yahoo
2021-12-08,40.81999969482422,43.97999954223633,39.220001220703125,42.47999954223633,42.47999954223633,1077579,yahoo
2021-12-09,40.81999969482422,43.97999954223633,39.220001220703125,39.900001525878906,39.900001525878906,2188329,yahoo
2021-12-10,39.900001525878906,40.41999816894531,37.29999923706055,37.41999816894531,37.41999816894531,794708,yahoo
2021-12-13,38.20000076293945,39.099998474121094,36.91999816894531,36.91999816894531,36.91999816894531,417437,yahoo
2021-12-14,36.79999923706055,37.380001068115234,33.959999084472656,34.279998779296875,34.279998779296875,747082,yahoo
2021-12-15,34.560001373291016,35.91999816894531,34.31999969482422,35.91999816894531,35.91999816894531,609239,yahoo
2021-12-16,36.52000045776367,36.70000076293945,34.220001220703125,34.70000076293945,34.70000076293945,654667,yahoo
2021-12-17,34.720001220703125,35.29999923706055,33.959999084472656,34.97999954223633,34.97999954223633,302665,yahoo
2021-12-20,34.91999816894531,35.2599983215332,34.02000045776367,34.65999984741211,34.65999984741211,257616,yahoo
2021-12-21,34.86000061035156,36.34000015258789,34.86000061035156,36.0,36.0,319140,yahoo
2021-12-22,36.220001220703125,36.599998474121094,35.52000045776367,36.540000915527344,36.540000915527344,350273,yahoo
2021-12-23,36.619998931884766,37.2400016784668,36.220001220703125,36.779998779296875,36.779998779296875,193781,yahoo
2021-12-27,37.220001220703125,38.58000183105469,36.900001525878906,37.779998779296875,37.779998779296875,332270,yahoo
2021-12-28,37.91999816894531,38.47999954223633,36.84000015258789,37.099998474121094,37.099998474121094,240847,yahoo
2021-12-29,37.220001220703125,37.459999084472656,36.34000015258789,36.84000015258789,36.84000015258789,232843,yahoo
2021-12-30,36.599998474121094,36.84000015258789,35.84000015258789,36.720001220703125,36.720001220703125,225723,yahoo
2022-01-03,36.70000076293945,38.02000045776367,36.560001373291016,37.7599983215332,37.7599983215332,490507,yahoo
2022-01-04,38.02000045776367,38.15999984741211,36.2400016784668,36.2400016784668,36.2400016784668,487987,yahoo
2022-01-05,36.220001220703125,37.29999923706055,36.02000045776367,36.97999954223633,36.97999954223633,187212,yahoo
2022-01-07,36.900001525878906,36.959999084472656,34.68000030517578,35.099998474121094,35.099998474121094,781790,yahoo
2022-01-10,35.099998474121094,35.13999938964844,32.099998474121094,32.599998474121094,32.599998474121094,624632,yahoo
2022-01-11,33.599998474121094,33.779998779296875,32.2400016784668,33.380001068115234,33.380001068115234,522051,yahoo
2022-01-12,33.5,34.619998931884766,33.380001068115234,33.79999923706055,33.79999923706055,394174,yahoo
2022-01-13,34.34000015258789,34.34000015258789,32.939998626708984,33.220001220703125,33.220001220703125,249890,yahoo
2022-01-14,33.099998474121094,33.29999923706055,31.639999389648438,31.639999389648438,31.639999389648438,398584,yahoo
2022-01-17,31.8799991607666,32.779998779296875,31.739999771118164,32.65999984741211,32.65999984741211,586151,yahoo
2022-01-18,32.65999984741211,33.2599983215332,31.040000915527344,31.579999923706055,31.579999923706055,594341,yahoo
2022-01-19,31.100000381469727,31.84000015258789,30.459999084472656,31.0,31.0,345072,yahoo
2022-01-20,31.0,32.20000076293945,30.799999237060547,31.780000686645508,31.780000686645508,558741,yahoo
2022-01-21,31.799999237060547,31.8799991607666,31.0,31.139999389648438,31.139999389648438,215150,yahoo
2022-01-24,31.139999389648438,31.280000686645508,28.65999984741211,28.860000610351562,28.860000610351562,940579,yahoo
2022-01-25,28.860000610351562,30.239999771118164,28.799999237060547,29.459999084472656,29.459999084472656,331821,yahoo
2022-01-26,29.700000762939453,31.799999237060547,29.700000762939453,31.559999465942383,31.559999465942383,321890,yahoo
2022-01-27,30.520000457763672,31.5,30.520000457763672,30.799999237060547,30.799999237060547,295823,yahoo
2022-01-28,31.18000030517578,31.479999542236328,30.399999618530273,31.1200008392334,31.1200008392334,204954,yahoo
2022-01-31,31.280000686645508,32.400001525878906,31.280000686645508,32.18000030517578,32.18000030517578,194702,yahoo
2022-02-01,32.41999816894531,33.29999923706055,32.29999923706055,33.220001220703125,33.220001220703125,312347,yahoo
2022-02-02,33.41999816894531,34.36000061035156,33.2400016784668,33.31999969482422,33.31999969482422,271856,yahoo
2022-02-03,33.540000915527344,33.880001068115234,32.52000045776367,32.7599983215332,32.7599983215332,233991,yahoo
2022-02-04,33.0,33.29999923706055,31.760000228881836,32.099998474121094,32.099998474121094,324543,yahoo
2022-02-07,38.0,38.97999954223633,33.34000015258789,33.540000915527344,33.540000915527344,1968271,yahoo
2022-02-08,33.08000183105469,35.900001525878906,31.579999923706055,35.599998474121094,35.599998474121094,1022660,yahoo
2022-02-09,36.0,36.040000915527344,34.599998474121094,34.959999084472656,34.959999084472656,603710,yahoo
2022-02-10,35.29999923706055,37.63999938964844,35.29999923706055,36.599998474121094,36.599998474121094,788156,yahoo
2022-02-11,36.29999923706055,37.36000061035156,35.65999984741211,36.720001220703125,36.720001220703125,374097,yahoo
2022-02-14,35.779998779296875,35.779998779296875,33.20000076293945,34.599998474121094,34.599998474121094,920391,yahoo
2022-02-15,34.599998474121094,35.2400016784668,33.91999816894531,34.20000076293945,34.20000076293945,333863,yahoo
2022-02-16,34.20000076293945,34.720001220703125,33.060001373291016,33.29999923706055,33.29999923706055,244968,yahoo
2022-02-17,33.20000076293945,34.0,32.2599983215332,32.2599983215332,32.2599983215332,451984,yahoo
2022-02-18,32.15999984741211,32.779998779296875,30.799999237060547,30.920000076293945,30.920000076293945,243877,yahoo
2022-02-21,30.799999237060547,31.219999313354492,28.5,28.5,28.5,424208,yahoo
2022-02-22,27.84000015258789,29.5,27.600000381469727,28.739999771118164,28.739999771118164,451321,yahoo
2022-02-23,28.760000228881836,29.139999389648438,27.559999465942383,27.559999465942383,27.559999465942383,346402,yahoo
2022-02-24,25.579999923706055,27.6200008392334,25.219999313354492,27.540000915527344,27.540000915527344,592993,yahoo
2022-02-25,28.100000381469727,28.940000534057617,27.520000457763672,28.81999969482422,28.81999969482422,347042,yahoo
2022-02-28,27.799999237060547,30.1200008392334,27.799999237060547,30.1200008392334,30.1200008392334,444850,yahoo
2022-03-01,30.1200008392334,30.799999237060547,28.760000228881836,29.219999313354492,29.219999313354492,263046,yahoo
2022-03-02,29.200000762939453,30.780000686645508,28.219999313354492,30.31999969482422,30.31999969482422,413957,yahoo
2022-03-03,31.0,31.0,28.440000534057617,28.440000534057617,28.440000534057617,301329,yahoo
2022-03-04,28.440000534057617,29.1200008392334,27.440000534057617,27.979999542236328,27.979999542236328,286899,yahoo
2022-03-07,26.760000228881836,27.81999969482422,25.899999618530273,26.860000610351562,26.860000610351562,570821,yahoo
2022-03-08,26.3799991607666,28.15999984741211,26.139999389648438,26.700000762939453,26.700000762939453,329784,yahoo
2022-03-09,26.719999313354492,28.360000610351562,26.719999313354492,28.360000610351562,28.360000610351562,475357,yahoo
2022-03-10,29.0,29.360000610351562,28.040000915527344,28.219999313354492,28.219999313354492,265500,yahoo
2022-03-11,28.0,29.3799991607666,28.0,28.719999313354492,28.719999313354492,214167,yahoo
2022-03-14,29.299999237060547,29.399999618530273,28.459999084472656,28.68000030517578,28.68000030517578,278964,yahoo
2022-03-15,28.68000030517578,28.68000030517578,27.579999923706055,28.3799991607666,28.3799991607666,243020,yahoo
2022-03-16,29.15999984741211,31.579999923706055,29.15999984741211,31.31999969482422,31.31999969482422,677665,yahoo
2022-03-17,31.219999313354492,31.979999542236328,30.1200008392334,30.84000015258789,30.84000015258789,356806,yahoo
2022-03-18,31.0,31.8799991607666,30.239999771118164,31.8799991607666,31.8799991607666,242624,yahoo
2022-03-21,31.84000015258789,31.84000015258789,30.520000457763672,31.520000457763672,31.520000457763672,228510,yahoo
2022-03-22,31.520000457763672,32.36000061035156,31.219999313354492,32.29999923706055,32.29999923706055,238067,yahoo
2022-03-23,32.29999923706055,32.400001525878906,30.920000076293945,32.0,32.0,188800,yahoo
2022-03-24,32.099998474121094,32.41999816894531,31.440000534057617,31.8799991607666,31.8799991607666,401795,yahoo
2022-03-25,32.0,32.31999969482422,30.860000610351562,30.899999618530273,30.899999618530273,185711,yahoo
2022-03-28,30.899999618530273,31.920000076293945,30.799999237060547,31.65999984741211,31.65999984741211,114440,yahoo
2022-03-29,31.81999969482422,33.5,31.81999969482422,32.5,32.5,591543,yahoo
2022-03-30,33.0,33.2599983215332,31.68000030517578,32.08000183105469,32.08000183105469,169562,yahoo
2022-03-31,32.08000183105469,32.459999084472656,31.18000030517578,31.360000610351562,31.360000610351562,169187,yahoo
2022-04-01,31.200000762939453,31.6200008392334,30.780000686645508,31.31999969482422,31.31999969482422,135289,yahoo
2022-04-04,32.0,33.34000015258789,31.399999618530273,33.34000015258789,33.34000015258789,382753,yahoo
2022-04-05,33.599998474121094,33.81999969482422,32.380001068115234,33.15999984741211,33.15999984741211,249098,yahoo
2022-04-06,33.15999984741211,33.31999969482422,31.65999984741211,31.899999618530273,31.899999618530273,258091,yahoo
2022-04-07,31.899999618530273,32.459999084472656,31.520000457763672,32.0,32.0,160102,yahoo
2022-04-08,32.0,32.68000030517578,31.860000610351562,32.0,32.0,237129,yahoo
2022-04-11,32.0,32.0,29.739999771118164,29.739999771118164,29.739999771118164,399857,yahoo
2022-04-12,29.020000457763672,30.399999618530273,28.520000457763672,29.520000457763672,29.520000457763672,555129,yahoo
2022-04-13,29.520000457763672,29.780000686645508,28.719999313354492,29.65999984741211,29.65999984741211,168008,yahoo
2022-04-14,29.65999984741211,30.040000915527344,29.260000228881836,30.040000915527344,30.040000915527344,106297,yahoo
2022-04-19,29.8799991607666,29.8799991607666,28.719999313354492,29.719999313354492,29.719999313354492,215400,yahoo
2022-04-20,29.799999237060547,30.059999465942383,29.15999984741211,29.18000030517578,29.18000030517578,215377,yahoo
2022-04-21,29.200000762939453,30.040000915527344,29.18000030517578,29.559999465942383,29.559999465942383,156614,yahoo
2022-04-22,29.280000686645508,29.280000686645508,28.399999618530273,28.540000915527344,28.540000915527344,185867,yahoo
2022-04-25,28.34000015258789,28.399999618530273,27.059999465942383,27.15999984741211,27.15999984741211,343109,yahoo
2022-04-26,27.420000076293945,27.420000076293945,26.139999389648438,26.239999771118164,26.239999771118164,202658,yahoo
2022-04-27,25.5,26.440000534057617,24.959999084472656,24.959999084472656,24.959999084472656,538831,yahoo
2022-04-28,24.959999084472656,26.1200008392334,24.959999084472656,25.700000762939453,25.700000762939453,298250,yahoo
2022-04-29,25.979999542236328,26.479999542236328,25.600000381469727,26.1200008392334,26.1200008392334,248924,yahoo
2022-05-02,26.0,26.34000015258789,24.280000686645508,26.0,26.0,372198,yahoo
2022-05-03,26.0,26.079999923706055,25.31999969482422,25.799999237060547,25.799999237060547,241426,yahoo
2022-05-04,25.700000762939453,25.979999542236328,25.31999969482422,25.399999618530273,25.399999618530273,170427,yahoo
2022-05-05,25.84000015258789,26.0,23.719999313354492,23.81999969482422,23.81999969482422,480245,yahoo
2022-05-06,23.81999969482422,23.8799991607666,22.860000610351562,23.700000762939453,23.700000762939453,547738,yahoo
2022-05-09,23.6200008392334,23.6200008392334,22.540000915527344,22.719999313354492,22.719999313354492,528886,yahoo
2022-05-10,22.520000457763672,23.280000686645508,22.260000228881836,22.65999984741211,22.65999984741211,384255,yahoo
2022-05-11,22.799999237060547,23.139999389648438,22.020000457763672,22.200000762939453,22.200000762939453,466556,yahoo
2022-05-12,22.1200008392334,22.1200008392334,21.059999465942383,21.739999771118164,21.739999771118164,701562,yahoo
2022-05-13,21.739999771118164,22.579999923706055,21.5,22.280000686645508,22.280000686645508,459308,yahoo
2022-05-16,22.280000686645508,22.520000457763672,21.860000610351562,22.059999465942383,22.059999465942383,410523,yahoo
2022-05-17,22.059999465942383,22.920000076293945,21.860000610351562,22.639999389648438,22.639999389648438,498087,yahoo
2022-05-18,23.0,23.020000457763672,21.5,21.579999923706055,21.579999923706055,382015,yahoo
2022-05-19,21.399999618530273,21.68000030517578,20.899999618530273,21.579999923706055,21.579999923706055,394729,yahoo
2022-05-20,21.959999084472656,22.1200008392334,21.31999969482422,21.459999084472656,21.459999084472656,427044,yahoo
2022-05-23,22.0,22.079999923706055,20.979999542236328,21.260000228881836,21.260000228881836,382680,yahoo
2022-05-24,21.0,21.100000381469727,20.200000762939453,20.31999969482422,20.31999969482422,342960,yahoo
2022-05-25,20.15999984741211,20.399999618530273,19.81999969482422,19.81999969482422,19.81999969482422,237171,yahoo
2022-05-27,19.950000762939453,22.239999771118164,19.950000762939453,22.239999771118164,22.239999771118164,841684,yahoo
2022-05-30,22.299999237060547,23.31999969482422,22.299999237060547,22.8799991607666,22.8799991607666,348889,yahoo
2022-05-31,23.360000610351562,24.260000228881836,22.68000030517578,23.700000762939453,23.700000762939453,4351198,yahoo
2022-06-01,24.31999969482422,24.31999969482422,22.81999969482422,23.18000030517578,23.18000030517578,325550,yahoo
2022-06-02,23.18000030517578,23.719999313354492,22.799999237060547,23.5,23.5,218308,yahoo
2022-06-03,23.600000381469727,23.940000534057617,22.360000610351562,22.360000610351562,22.360000610351562,264496,yahoo
2022-06-07,22.399999618530273,22.700000762939453,21.34000015258789,21.760000228881836,21.760000228881836,342716,yahoo
2022-06-08,21.760000228881836,22.540000915527344,21.719999313354492,22.5,22.5,277673,yahoo
2022-06-09,22.399999618530273,22.420000076293945,21.31999969482422,21.479999542236328,21.479999542236328,334343,yahoo
2022-06-10,21.239999771118164,21.479999542236328,20.68000030517578,21.360000610351562,21.360000610351562,529653,yahoo
2022-06-13,21.0,21.0,20.18000030517578,20.899999618530273,20.899999618530273,406223,yahoo
2022-06-14,20.899999618530273,21.0,19.329999923706055,19.389999389648438,19.389999389648438,502765,yahoo
2022-06-15,19.389999389648438,19.780000686645508,18.829999923706055,19.639999389648438,19.639999389648438,390952,yahoo
2022-06-16,19.799999237060547,19.799999237060547,18.6200008392334,18.770000457763672,18.770000457763672,297766,yahoo
2022-06-17,18.770000457763672,19.440000534057617,18.579999923706055,19.079999923706055,19.079999923706055,565462,yahoo
2022-06-20,19.079999923706055,19.799999237060547,19.079999923706055,19.479999542236328,19.479999542236328,195065,yahoo
2022-06-21,19.479999542236328,19.600000381469727,18.770000457763672,18.860000610351562,18.860000610351562,236007,yahoo
2022-06-22,18.850000381469727,18.93000030517578,17.709999084472656,18.43000030517578,18.43000030517578,435663,yahoo
2022-06-23,18.520000457763672,18.93000030517578,18.110000610351562,18.610000610351562,18.610000610351562,307214,yahoo
2022-06-27,18.920000076293945,19.600000381469727,18.790000915527344,18.920000076293945,18.920000076293945,336590,yahoo
2022-06-28,18.920000076293945,19.559999465942383,18.799999237060547,18.829999923706055,18.829999923706055,282632,yahoo
2022-06-29,19.0,19.0,18.020000457763672,18.139999389648438,18.139999389648438,189883,yahoo
2022-06-30,18.139999389648438,18.139999389648438,17.209999084472656,17.65999984741211,17.65999984741211,490165,yahoo
2022-07-01,21.719999313354492,23.5,21.18000030517578,21.3799991607666,21.3799991607666,2808455,yahoo
2022-07-04,22.479999542236328,22.479999542236328,18.360000610351562,19.920000076293945,19.920000076293945,2320051,yahoo
2022-07-05,20.0,21.440000534057617,19.770000457763672,21.260000228881836,21.260000228881836,824752,yahoo
2022-07-06,21.639999389648438,22.6200008392334,21.31999969482422,22.459999084472656,22.459999084472656,484352,yahoo
2022-07-07,22.5,22.559999465942383,21.920000076293945,22.5,22.5,980636,yahoo
2022-07-08,22.5,24.600000381469727,22.299999237060547,24.600000381469727,24.600000381469727,650247,yahoo
2022-07-11,24.780000686645508,24.920000076293945,23.6200008392334,24.219999313354492,24.219999313354492,370358,yahoo
2022-07-12,24.219999313354492,25.239999771118164,23.719999313354492,24.979999542236328,24.979999542236328,293028,yahoo
2022-07-13,25.0,25.15999984741211,23.559999465942383,23.979999542236328,23.979999542236328,270890,yahoo
2022-07-14,23.979999542236328,24.299999237060547,22.719999313354492,22.940000534057617,22.940000534057617,184670,yahoo
2022-07-15,23.200000762939453,23.420000076293945,22.34000015258789,23.200000762939453,23.200000762939453,205653,yahoo
2022-07-18,23.200000762939453,24.040000915527344,23.200000762939453,24.0,24.0,149723,yahoo
2022-07-19,24.100000381469727,24.1200008392334,23.18000030517578,23.459999084472656,23.459999084472656,180806,yahoo
2022-07-20,23.600000381469727,24.639999389648438,23.600000381469727,24.459999084472656,24.459999084472656,614805,yahoo
2022-07-21,24.940000534057617,25.200000762939453,24.200000762939453,24.979999542236328,24.979999542236328,234250,yahoo
2022-07-22,25.020000457763672,26.360000610351562,24.860000610351562,25.219999313354492,25.219999313354492,313918,yahoo
2022-07-25,25.420000076293945,25.5,24.18000030517578,24.18000030517578,24.18000030517578,245085,yahoo
2022-07-26,24.15999984741211,24.959999084472656,24.0,24.799999237060547,24.799999237060547,205332,yahoo
2022-07-27,24.799999237060547,25.899999618530273,24.5,25.6200008392334,25.6200008392334,191772,yahoo
2022-07-28,25.6200008392334,26.299999237060547,25.440000534057617,25.8799991607666,25.8799991607666,262988,yahoo
2022-07-29,25.8799991607666,26.68000030517578,25.8799991607666,26.3799991607666,26.3799991607666,518695,yahoo
2022-08-01,26.34000015258789,26.65999984741211,25.700000762939453,26.420000076293945,26.420000076293945,165885,yahoo
2022-08-02,26.440000534057617,26.520000457763672,25.479999542236328,25.899999618530273,25.899999618530273,136826,yahoo
2022-08-03,25.799999237060547,27.18000030517578,25.739999771118164,27.059999465942383,27.059999465942383,187890,yahoo
2022-08-04,27.200000762939453,27.65999984741211,27.0,27.600000381469727,27.600000381469727,234569,yahoo
2022-08-05,27.600000381469727,27.799999237060547,26.3799991607666,26.399999618530273,26.399999618530273,159561,yahoo
2022-08-08,26.420000076293945,26.81999969482422,25.899999618530273,26.100000381469727,26.100000381469727,142808,yahoo
2022-08-09,26.1200008392334,26.280000686645508,24.84000015258789,25.100000381469727,25.100000381469727,163417,yahoo
2022-08-10,24.979999542236328,25.959999084472656,24.5,25.899999618530273,25.899999618530273,188802,yahoo
2022-08-11,26.479999542236328,27.020000457763672,25.860000610351562,26.760000228881836,26.760000228881836,411262,yahoo
2022-08-12,26.5,27.299999237060547,26.360000610351562,27.280000686645508,27.280000686645508,123256,yahoo
2022-08-15,27.280000686645508,27.3799991607666,26.559999465942383,26.68000030517578,26.68000030517578,126299,yahoo
2022-08-16,27.139999389648438,27.139999389648438,25.299999237060547,25.540000915527344,25.540000915527344,264298,yahoo
2022-08-17,25.540000915527344,25.579999923706055,24.059999465942383,24.15999984741211,24.15999984741211,300291,yahoo
2022-08-18,24.200000762939453,24.719999313354492,24.0,24.299999237060547,24.299999237060547,145521,yahoo
2022-08-19,24.399999618530273,24.399999618530273,23.299999237060547,23.34000015258789,23.34000015258789,242474,yahoo
2022-08-22,23.459999084472656,23.639999389648438,22.540000915527344,22.799999237060547,22.799999237060547,256531,yahoo
2022-08-23,24.200000762939453,25.040000915527344,22.719999313354492,23.18000030517578,23.18000030517578,371907,yahoo
2022-08-24,24.280000686645508,24.399999618530273,21.739999771118164,24.040000915527344,24.040000915527344,583295,yahoo
2022-08-25,24.040000915527344,24.579999923706055,23.600000381469727,24.139999389648438,24.139999389648438,578542,yahoo
2022-08-26,24.579999923706055,25.559999465942383,23.940000534057617,23.959999084472656,23.959999084472656,699606,yahoo
2022-08-29,23.959999084472656,24.1200008392334,23.34000015258789,23.479999542236328,23.479999542236328,370908,yahoo
2022-08-30,23.520000457763672,24.520000457763672,23.520000457763672,23.780000686645508,23.780000686645508,202602,yahoo
2022-08-31,24.260000228881836,24.459999084472656,23.760000228881836,23.899999618530273,23.899999618530273,164625,yahoo
2022-09-01,23.899999618530273,24.0,23.31999969482422,23.31999969482422,23.31999969482422,274711,yahoo
2022-09-02,23.34000015258789,23.68000030517578,22.920000076293945,23.399999618530273,23.399999618530273,205670,yahoo
2022-09-05,22.100000381469727,22.899999618530273,22.100000381469727,22.520000457763672,22.520000457763672,166386,yahoo
2022-09-06,22.200000762939453,23.200000762939453,22.200000762939453,22.760000228881836,22.760000228881836,172893,yahoo
2022-09-07,22.8799991607666,22.8799991607666,22.079999923706055,22.360000610351562,22.360000610351562,121734,yahoo
2022-09-08,22.360000610351562,22.899999618530273,21.760000228881836,22.84000015258789,22.84000015258789,245802,yahoo
2022-09-09,23.0,23.459999084472656,22.860000610351562,23.459999084472656,23.459999084472656,336507,yahoo
2022-09-12,23.899999618530273,23.899999618530273,23.260000228881836,23.579999923706055,23.579999923706055,159003,yahoo
2022-09-13,23.579999923706055,23.940000534057617,22.6200008392334,22.700000762939453,22.700000762939453,440219,yahoo
2022-09-14,22.600000381469727,23.040000915527344,21.760000228881836,21.940000534057617,21.940000534057617,228363,yahoo
2022-09-15,21.940000534057617,22.440000534057617,21.799999237060547,22.040000915527344,22.040000915527344,145709,yahoo
2022-09-16,22.040000915527344,22.040000915527344,21.420000076293945,21.559999465942383,21.559999465942383,174044,yahoo
2022-09-19,21.559999465942383,21.920000076293945,21.100000381469727,21.719999313354492,21.719999313354492,252621,yahoo
2022-09-20,21.719999313354492,21.780000686645508,20.739999771118164,20.899999618530273,20.899999618530273,330182,yahoo
2022-09-21,20.65999984741211,21.139999389648438,20.18000030517578,20.979999542236328,20.979999542236328,215701,yahoo
2022-09-22,20.940000534057617,20.940000534057617,20.0,20.0,20.0,137704,yahoo
2022-09-23,20.0,20.860000610351562,19.989999771118164,20.639999389648438,20.639999389648438,480780,yahoo
2022-09-26,20.280000686645508,21.059999465942383,20.200000762939453,20.200000762939453,20.200000762939453,141143,yahoo
2022-09-27,20.0,20.600000381469727,19.8700008392334,20.3799991607666,20.3799991607666,201798,yahoo
2022-09-28,20.5,20.579999923706055,19.459999084472656,20.520000457763672,20.520000457763672,308426,yahoo
2022-09-29,20.540000915527344,20.600000381469727,19.579999923706055,19.649999618530273,19.649999618530273,125484,yahoo
2022-09-30,19.65999984741211,19.989999771118164,19.239999771118164,19.790000915527344,19.790000915527344,194064,yahoo
2022-10-03,19.780000686645508,19.780000686645508,18.850000381469727,19.559999465942383,19.559999465942383,234296,yahoo
2022-10-04,19.850000381469727,20.0,19.229999542236328,19.3700008392334,19.3700008392334,550034,yahoo
2022-10-05,19.350000381469727,19.350000381469727,18.399999618530273,18.530000686645508,18.530000686645508,204050,yahoo
2022-10-06,19.0,19.729999542236328,18.799999237060547,19.729999542236328,19.729999542236328,341668,yahoo
2022-10-07,19.65999984741211,19.920000076293945,18.969999313354492,19.139999389648438,19.139999389648438,195599,yahoo
2022-10-10,18.790000915527344,19.100000381469727,18.34000015258789,18.6200008392334,18.6200008392334,204556,yahoo
2022-10-11,18.5,18.559999465942383,17.979999542236328,18.229999542236328,18.229999542236328,249601,yahoo
2022-10-12,18.219999313354492,18.450000762939453,18.0,18.15999984741211,18.15999984741211,116720,yahoo
2022-10-13,18.309999465942383,18.579999923706055,17.6200008392334,18.5,18.5,170411,yahoo
2022-10-14,18.5,19.25,17.889999389648438,18.100000381469727,18.100000381469727,572229,yahoo
2022-10-17,17.90999984741211,18.59000015258789,17.600000381469727,18.399999618530273,18.399999618530273,223599,yahoo
2022-10-18,18.850000381469727,18.90999984741211,18.190000534057617,18.540000915527344,18.540000915527344,184649,yahoo
2022-10-19,18.600000381469727,18.670000076293945,17.31999969482422,17.31999969482422,17.31999969482422,255392,yahoo
2022-10-20,17.440000534057617,17.440000534057617,16.719999313354492,16.899999618530273,16.899999618530273,317857,yahoo
2022-10-21,16.899999618530273,17.200000762939453,16.600000381469727,16.8799991607666,16.8799991607666,308862,yahoo
2022-10-24,16.8799991607666,17.520000457763672,16.700000762939453,17.170000076293945,17.170000076293945,325715,yahoo
2022-10-25,17.110000610351562,18.34000015258789,17.110000610351562,18.34000015258789,18.34000015258789,140675,yahoo
2022-10-26,18.34000015258789,18.5,17.729999542236328,18.190000534057617,18.190000534057617,288406,yahoo
2022-10-27,18.1299991607666,18.3799991607666,17.809999465942383,18.0,18.0,187027,yahoo
2022-10-28,18.290000915527344,18.290000915527344,17.510000228881836,18.059999465942383,18.059999465942383,120371,yahoo
2022-10-31,18.059999465942383,18.350000381469727,17.8799991607666,18.280000686645508,18.280000686645508,236480,yahoo
2022-11-01,18.5,18.889999389648438,18.350000381469727,18.600000381469727,18.600000381469727,223059,yahoo
2022-11-02,18.600000381469727,18.6200008392334,18.170000076293945,18.229999542236328,18.229999542236328,205153,yahoo
2022-11-03,17.81999969482422,18.3700008392334,17.81999969482422,18.309999465942383,18.309999465942383,154499,yahoo
2022-11-04,18.309999465942383,18.600000381469727,18.010000228881836,18.5,18.5,213068,yahoo
2022-11-07,18.5,19.260000228881836,18.100000381469727,19.100000381469727,19.100000381469727,936380,yahoo
2022-11-08,18.600000381469727,18.700000762939453,16.5,17.5,17.5,1189484,yahoo
2022-11-09,17.5,18.31999969482422,16.93000030517578,17.360000610351562,17.360000610351562,424009,yahoo
2022-11-10,17.31999969482422,18.3700008392334,16.84000015258789,18.299999237060547,18.299999237060547,696358,yahoo
2022-11-11,18.719999313354492,18.940000534057617,18.34000015258789,18.940000534057617,18.940000534057617,421996,yahoo
2022-11-14,19.5,19.530000686645508,18.5,18.670000076293945,18.670000076293945,298865,yahoo
2022-11-15,19.200000762939453,19.200000762939453,18.170000076293945,19.0,19.0,306343,yahoo
2022-11-16,19.0,19.0,17.739999771118164,17.84000015258789,17.84000015258789,269981,yahoo
2022-11-17,18.0,18.079999923706055,16.799999237060547,16.969999313354492,16.969999313354492,336227,yahoo
2022-11-18,17.010000228881836,17.200000762939453,16.520000457763672,16.959999084472656,16.959999084472656,601948,yahoo
2022-11-21,17.139999389648438,17.139999389648438,16.520000457763672,16.81999969482422,16.81999969482422,277127,yahoo
2022-11-22,16.81999969482422,16.93000030517578,16.420000076293945,16.860000610351562,16.860000610351562,233654,yahoo
2022-11-23,17.0,17.030000686645508,16.579999923706055,16.850000381469727,16.850000381469727,255509,yahoo
2022-11-24,16.950000762939453,17.43000030517578,16.780000686645508,17.399999618530273,17.399999618530273,1330153,yahoo
2022-11-25,17.450000762939453,17.510000228881836,17.06999969482422,17.290000915527344,17.290000915527344,315666,yahoo
2022-11-28,17.290000915527344,17.420000076293945,16.969999313354492,17.149999618530273,17.149999618530273,187543,yahoo
2022-11-29,17.149999618530273,17.149999618530273,16.639999389648438,16.860000610351562,16.860000610351562,240195,yahoo
2022-11-30,16.860000610351562,17.18000030517578,16.709999084472656,16.709999084472656,16.709999084472656,207055,yahoo
2022-12-01,16.729999542236328,17.600000381469727,16.729999542236328,17.309999465942383,17.309999465942383,764973,yahoo
2022-12-02,17.200000762939453,17.799999237060547,17.190000534057617,17.760000228881836,17.760000228881836,217255,yahoo
2022-12-05,17.760000228881836,18.010000228881836,17.469999313354492,17.899999618530273,17.899999618530273,292311,yahoo
2022-12-06,17.799999237060547,17.799999237060547,16.90999984741211,16.979999542236328,16.979999542236328,223569,yahoo
2022-12-07,17.010000228881836,17.020000457763672,16.549999237060547,16.760000228881836,16.760000228881836,291775,yahoo
2022-12-08,16.799999237060547,17.299999237060547,16.729999542236328,17.200000762939453,17.200000762939453,221257,yahoo
2022-12-09,17.200000762939453,17.440000534057617,17.079999923706055,17.209999084472656,17.209999084472656,86429,yahoo
2022-12-12,17.100000381469727,17.850000381469727,16.93000030517578,17.770000457763672,17.770000457763672,315831,yahoo
2022-12-13,17.770000457763672,18.700000762939453,17.440000534057617,18.43000030517578,18.43000030517578,727506,yahoo
2022-12-14,18.450000762939453,18.799999237060547,18.15999984741211,18.639999389648438,18.639999389648438,213269,yahoo
2022-12-15,18.469999313354492,18.709999084472656,18.010000228881836,18.030000686645508,18.030000686645508,406617,yahoo
2022-12-16,18.0,18.299999237060547,17.450000762939453,17.459999084472656,17.459999084472656,308392,yahoo
2022-12-19,17.459999084472656,17.5,16.610000610351562,16.6200008392334,16.6200008392334,300619,yahoo
2022-12-20,16.469999313354492,16.6200008392334,16.239999771118164,16.3700008392334,16.3700008392334,319538,yahoo
2022-12-21,16.3799991607666,17.0,16.309999465942383,16.700000762939453,16.700000762939453,266096,yahoo
2022-12-22,16.700000762939453,16.959999084472656,16.43000030517578,16.450000762939453,16.450000762939453,148615,yahoo
2022-12-23,16.450000762939453,16.719999313354492,16.450000762939453,16.489999771118164,16.489999771118164,172817,yahoo
2022-12-27,17.0,17.0,16.0,16.0,16.0,198629,yahoo
2022-12-28,16.0,16.5,15.649999618530273,16.049999237060547,16.049999237060547,1556984,yahoo
2022-12-29,15.989999771118164,16.8700008392334,15.829999923706055,16.84000015258789,16.84000015258789,188932,yahoo
2022-12-30,16.989999771118164,17.200000762939453,16.649999618530273,16.719999313354492,16.719999313354492,190462,yahoo
2023-01-02,16.850000381469727,17.600000381469727,16.850000381469727,17.299999237060547,17.299999237060547,185233,yahoo
2023-01-03,17.690000534057617,17.700000762939453,17.270000457763672,17.399999618530273,17.399999618530273,134680,yahoo
2023-01-04,17.520000457763672,18.059999465942383,17.5,17.959999084472656,17.959999084472656,244552,yahoo
2023-01-05,18.100000381469727,18.469999313354492,17.84000015258789,18.399999618530273,18.399999618530273,146408,yahoo
2023-01-09,18.670000076293945,19.010000228881836,18.299999237060547,18.389999389648438,18.389999389648438,211309,yahoo
2023-01-10,18.399999618530273,18.700000762939453,18.25,18.670000076293945,18.670000076293945,142729,yahoo
2023-01-11,18.739999771118164,19.239999771118164,18.739999771118164,19.040000915527344,19.040000915527344,232289,yahoo
2023-01-12,19.059999465942383,19.780000686645508,18.719999313354492,19.59000015258789,19.59000015258789,373201,yahoo
2023-01-13,23.0,24.81999969482422,22.219999313354492,22.65999984741211,22.65999984741211,2004230,yahoo
2023-01-16,23.0,23.079999923706055,20.760000228881836,21.459999084472656,21.459999084472656,1085064,yahoo
2023-01-17,21.5,21.799999237060547,20.799999237060547,21.420000076293945,21.420000076293945,437807,yahoo
2023-01-18,21.719999313354492,23.600000381469727,21.639999389648438,22.399999618530273,22.399999618530273,632956,yahoo
2023-01-19,22.059999465942383,22.059999465942383,21.1200008392334,21.34000015258789,21.34000015258789,468559,yahoo
2023-01-20,21.360000610351562,21.760000228881836,21.100000381469727,21.479999542236328,21.479999542236328,164486,yahoo
2023-01-23,21.579999923706055,22.31999969482422,21.579999923706055,22.31999969482422,22.31999969482422,265832,yahoo
2023-01-24,22.260000228881836,22.260000228881836,21.860000610351562,21.860000610351562,21.860000610351562,222487,yahoo
2023-01-25,21.799999237060547,21.860000610351562,21.020000457763672,21.200000762939453,21.200000762939453,217115,yahoo
2023-01-26,21.219999313354492,21.81999969482422,21.219999313354492,21.639999389648438,21.639999389648438,150390,yahoo
2023-01-27,21.760000228881836,22.420000076293945,21.520000457763672,22.299999237060547,22.299999237060547,415244,yahoo
2023-01-30,22.399999618530273,22.399999618530273,21.700000762939453,21.899999618530273,21.899999618530273,351408,yahoo
2023-01-31,21.68000030517578,21.860000610351562,20.399999618530273,20.81999969482422,20.81999969482422,673667,yahoo
2023-02-01,20.739999771118164,21.799999237060547,20.65999984741211,21.739999771118164,21.739999771118164,336407,yahoo
2023-02-02,21.940000534057617,23.040000915527344,21.940000534057617,23.0,23.0,628140,yahoo
2023-02-03,22.81999969482422,23.34000015258789,22.5,23.239999771118164,23.239999771118164,384425,yahoo
2023-02-06,23.420000076293945,23.5,22.799999237060547,23.239999771118164,23.239999771118164,416843,yahoo
2023-02-07,23.719999313354492,24.100000381469727,22.0,23.5,23.5,1133257,yahoo
2023-02-08,23.100000381469727,23.360000610351562,20.68000030517578,20.780000686645508,20.780000686645508,1475515,yahoo
2023-02-09,20.940000534057617,21.920000076293945,20.780000686645508,21.059999465942383,21.059999465942383,501953,yahoo
2023-02-10,21.0,21.020000457763672,20.31999969482422,20.700000762939453,20.700000762939453,306317,yahoo
2023-02-13,20.700000762939453,21.459999084472656,20.700000762939453,21.18000030517578,21.18000030517578,155125,yahoo
2023-02-14,21.18000030517578,21.5,20.81999969482422,21.3799991607666,21.3799991607666,235068,yahoo
2023-02-15,21.34000015258789,22.479999542236328,21.34000015258789,22.3799991607666,22.3799991607666,356562,yahoo
2023-02-16,22.399999618530273,23.0,22.200000762939453,22.479999542236328,22.479999542236328,259640,yahoo
2023-02-17,22.299999237060547,22.520000457763672,21.84000015258789,21.84000015258789,21.84000015258789,157401,yahoo
2023-02-20,23.920000076293945,24.979999542236328,23.100000381469727,23.280000686645508,23.280000686645508,1268359,yahoo
2023-02-21,23.219999313354492,23.219999313354492,22.100000381469727,22.1200008392334,22.1200008392334,513856,yahoo
2023-02-22,22.1200008392334,22.979999542236328,22.0,22.65999984741211,22.65999984741211,358993,yahoo
2023-02-23,22.65999984741211,24.600000381469727,22.65999984741211,23.979999542236328,23.979999542236328,853544,yahoo
2023-02-24,24.059999465942383,24.65999984741211,23.520000457763672,23.579999923706055,23.579999923706055,448939,yahoo
2023-02-27,23.600000381469727,23.68000030517578,22.719999313354492,23.15999984741211,23.15999984741211,282704,yahoo
2023-02-28,23.15999984741211,23.920000076293945,22.799999237060547,23.920000076293945,23.920000076293945,228289,yahoo
2023-03-01,24.0,24.6200008392334,23.979999542236328,24.15999984741211,24.15999984741211,267696,yahoo
2023-03-02,24.059999465942383,24.059999465942383,23.639999389648438,23.799999237060547,23.799999237060547,168596,yahoo
2023-03-03,23.799999237060547,24.479999542236328,23.739999771118164,24.200000762939453,24.200000762939453,295739,yahoo
2023-03-06,24.420000076293945,24.420000076293945,23.440000534057617,23.899999618530273,23.899999618530273,217889,yahoo
2023-03-07,23.899999618530273,24.0,23.360000610351562,23.65999984741211,23.65999984741211,172053,yahoo
2023-03-08,23.6200008392334,23.6200008392334,23.15999984741211,23.520000457763672,23.520000457763672,137448,yahoo
2023-03-09,23.440000534057617,23.440000534057617,22.68000030517578,23.079999923706055,23.079999923706055,156865,yahoo
2023-03-10,22.600000381469727,22.600000381469727,21.959999084472656,22.260000228881836,22.260000228881836,251806,yahoo
2023-03-13,22.260000228881836,22.31999969482422,21.360000610351562,21.8799991607666,21.8799991607666,243689,yahoo
2023-03-14,21.81999969482422,22.31999969482422,21.579999923706055,22.299999237060547,22.299999237060547,190365,yahoo
2023-03-15,22.5,22.5,21.360000610351562,21.600000381469727,21.600000381469727,159132,yahoo
2023-03-16,21.600000381469727,22.3799991607666,21.420000076293945,22.15999984741211,22.15999984741211,150009,yahoo
2023-03-17,22.15999984741211,22.65999984741211,22.15999984741211,22.440000534057617,22.440000534057617,132893,yahoo
2023-03-20,22.299999237060547,22.299999237060547,21.0,21.579999923706055,21.579999923706055,344593,yahoo
2023-03-21,21.5,21.65999984741211,21.100000381469727,21.1200008392334,21.1200008392334,151048,yahoo
2023-03-22,21.1200008392334,21.520000457763672,21.020000457763672,21.100000381469727,21.100000381469727,250980,yahoo
2023-03-23,21.440000534057617,21.65999984741211,20.84000015258789,21.5,21.5,154904,yahoo
2023-03-24,21.260000228881836,21.600000381469727,21.219999313354492,21.280000686645508,21.280000686645508,141107,yahoo
2023-03-27,21.520000457763672,21.600000381469727,21.100000381469727,21.31999969482422,21.31999969482422,160020,yahoo
2023-03-28,21.600000381469727,21.600000381469727,20.639999389648438,20.739999771118164,20.739999771118164,130561,yahoo
2023-03-29,20.760000228881836,21.219999313354492,20.6200008392334,20.920000076293945,20.920000076293945,145586,yahoo
2023-03-30,20.920000076293945,21.639999389648438,20.739999771118164,21.5,21.5,437813,yahoo
2023-03-31,21.6200008392334,21.700000762939453,21.139999389648438,21.420000076293945,21.420000076293945,116862,yahoo
2023-04-03,21.31999969482422,21.700000762939453,21.079999923706055,21.559999465942383,21.559999465942383,174029,yahoo
2023-04-04,21.559999465942383,22.020000457763672,21.5,21.739999771118164,21.739999771118164,147257,yahoo
2023-04-05,21.739999771118164,21.739999771118164,21.31999969482422,21.399999618530273,21.399999618530273,103934,yahoo
2023-04-06,21.399999618530273,21.84000015258789,21.200000762939453,21.739999771118164,21.739999771118164,75860,yahoo
2023-04-11,21.239999771118164,21.899999618530273,21.020000457763672,21.079999923706055,21.079999923706055,179916,yahoo
2023-04-12,21.079999923706055,21.079999923706055,20.5,20.5,20.5,226791,yahoo
2023-04-13,20.399999618530273,20.68000030517578,20.100000381469727,20.540000915527344,20.540000915527344,218364,yahoo
2023-04-14,20.540000915527344,21.0,20.540000915527344,20.68000030517578,20.68000030517578,77968,yahoo
2023-04-17,20.459999084472656,20.760000228881836,20.079999923706055,20.1200008392334,20.1200008392334,215723,yahoo
2023-04-18,20.1200008392334,20.260000228881836,19.889999389648438,19.950000762939453,19.950000762939453,188379,yahoo
2023-04-19,19.8700008392334,19.8799991607666,19.350000381469727,19.610000610351562,19.610000610351562,151851,yahoo
2023-04-20,19.600000381469727,19.600000381469727,19.0,19.0,19.0,138168,yahoo
2023-04-21,19.0,19.31999969482422,18.8799991607666,19.239999771118164,19.239999771118164,116119,yahoo
2023-04-24,19.190000534057617,19.190000534057617,18.6200008392334,18.709999084472656,18.709999084472656,168193,yahoo
2023-04-25,18.75,18.899999618530273,18.56999969482422,18.75,18.75,124767,yahoo
2023-04-26,18.6299991607666,19.0,18.15999984741211,18.979999542236328,18.979999542236328,167234,yahoo
2023-04-27,18.979999542236328,19.040000915527344,18.56999969482422,18.719999313354492,18.719999313354492,214037,yahoo
2023-04-28,20.0,21.68000030517578,19.59000015258789,21.399999618530273,21.399999618530273,916301,yahoo
2023-05-02,21.959999084472656,21.959999084472656,20.860000610351562,21.260000228881836,21.260000228881836,236703,yahoo
2023-05-03,21.260000228881836,21.559999465942383,20.84000015258789,20.920000076293945,20.920000076293945,174348,yahoo
2023-05-04,19.5,19.690000534057617,18.190000534057617,19.360000610351562,19.360000610351562,634829,yahoo
2023-05-05,19.469999313354492,21.059999465942383,19.309999465942383,20.860000610351562,20.860000610351562,398700,yahoo
2023-05-08,20.860000610351562,21.799999237060547,20.860000610351562,21.799999237060547,21.799999237060547,187681,yahoo
2023-05-09,21.920000076293945,21.940000534057617,21.260000228881836,21.459999084472656,21.459999084472656,194844,yahoo
2023-05-10,21.360000610351562,21.81999969482422,20.81999969482422,20.899999618530273,20.899999618530273,156575,yahoo
2023-05-11,21.0,21.18000030517578,20.5,20.84000015258789,20.84000015258789,74278,yahoo
2023-05-12,20.84000015258789,20.920000076293945,20.280000686645508,20.559999465942383,20.559999465942383,94263,yahoo
2023-05-15,20.520000457763672,20.84000015258789,20.299999237060547,20.84000015258789,20.84000015258789,83678,yahoo
2023-05-16,20.84000015258789,20.920000076293945,20.260000228881836,20.920000076293945,20.920000076293945,113486,yahoo
2023-05-17,20.920000076293945,20.920000076293945,20.559999465942383,20.700000762939453,20.700000762939453,43302,yahoo
2023-05-19,20.700000762939453,21.100000381469727,20.700000762939453,21.0,21.0,73015,yahoo
2023-05-22,21.0,21.260000228881836,20.719999313354492,21.260000228881836,21.260000228881836,106396,yahoo
2023-05-23,21.260000228881836,21.719999313354492,21.200000762939453,21.6200008392334,21.6200008392334,133264,yahoo
2023-05-24,21.6200008392334,21.6200008392334,20.639999389648438,20.940000534057617,20.940000534057617,139283,yahoo
2023-05-25,20.940000534057617,21.799999237060547,20.84000015258789,20.959999084472656,20.959999084472656,486303,yahoo
2023-05-26,20.959999084472656,20.979999542236328,19.950000762939453,20.31999969482422,20.31999969482422,315117,yahoo
2023-05-29,20.34000015258789,20.459999084472656,19.219999313354492,19.760000228881836,19.760000228881836,249833,yahoo
2023-05-30,19.770000457763672,20.0,19.09000015258789,19.139999389648438,19.139999389648438,174554,yahoo
2023-05-31,19.0,19.3799991607666,18.790000915527344,19.280000686645508,19.280000686645508,240684,yahoo
2023-06-01,19.799999237060547,19.799999237060547,19.040000915527344,19.450000762939453,19.450000762939453,163616,yahoo
2023-06-02,19.5,19.81999969482422,19.25,19.809999465942383,19.809999465942383,331885,yahoo
2023-06-05,19.809999465942383,20.020000457763672,19.469999313354492,19.8799991607666,19.8799991607666,145548,yahoo
2023-06-07,20.100000381469727,20.559999465942383,19.799999237060547,19.950000762939453,19.950000762939453,307392,yahoo
2023-06-08,19.950000762939453,20.299999237060547,19.520000457763672,20.040000915527344,20.040000915527344,141841,yahoo
2023-06-09,19.799999237060547,20.0,18.579999923706055,18.969999313354492,18.969999313354492,450335,yahoo
2023-06-12,18.90999984741211,18.969999313354492,18.530000686645508,18.530000686645508,18.530000686645508,439970,yahoo
2023-06-13,18.530000686645508,18.75,18.350000381469727,18.350000381469727,18.350000381469727,126076,yahoo
2023-06-14,18.399999618530273,18.43000030517578,17.979999542236328,18.270000457763672,18.270000457763672,263549,yahoo
2023-06-15,18.190000534057617,18.68000030517578,18.049999237060547,18.68000030517578,18.68000030517578,202672,yahoo
2023-06-16,18.68000030517578,18.770000457763672,17.989999771118164,17.989999771118164,17.989999771118164,205959,yahoo
2023-06-19,17.989999771118164,18.190000534057617,17.799999237060547,17.799999237060547,17.799999237060547,148719,yahoo
2023-06-20,17.760000228881836,17.760000228881836,17.260000228881836,17.309999465942383,17.309999465942383,250248,yahoo
2023-06-21,17.350000381469727,17.489999771118164,16.959999084472656,17.389999389648438,17.389999389648438,284141,yahoo
2023-06-22,17.389999389648438,17.6200008392334,17.06999969482422,17.549999237060547,17.549999237060547,212106,yahoo
2023-06-26,17.549999237060547,17.549999237060547,17.030000686645508,17.139999389648438,17.139999389648438,385439,yahoo
2023-06-27,17.139999389648438,17.219999313354492,16.93000030517578,17.209999084472656,17.209999084472656,105851,yahoo
2023-06-28,17.280000686645508,17.530000686645508,17.010000228881836,17.18000030517578,17.18000030517578,164950,yahoo
2023-06-29,17.200000762939453,17.450000762939453,16.989999771118164,16.989999771118164,16.989999771118164,277422,yahoo
2023-06-30,17.0,17.209999084472656,16.639999389648438,16.700000762939453,16.700000762939453,364144,yahoo
2023-07-03,16.65999984741211,16.940000534057617,16.389999389648438,16.790000915527344,16.790000915527344,208728,yahoo
2023-07-04,16.389999389648438,16.540000915527344,15.899999618530273,16.420000076293945,16.420000076293945,587264,yahoo
2023-07-05,16.3700008392334,16.3700008392334,16.09000015258789,16.1200008392334,16.1200008392334,200829,yahoo
2023-07-06,16.200000762939453,16.229999542236328,15.710000038146973,15.710000038146973,15.710000038146973,300315,yahoo
2023-07-07,15.710000038146973,16.280000686645508,15.619999885559082,16.209999084472656,16.209999084472656,204563,yahoo
2023-07-10,16.209999084472656,16.260000228881836,15.699999809265137,15.800000190734863,15.800000190734863,175075,yahoo
2023-07-11,15.800000190734863,15.949999809265137,15.550000190734863,15.720000267028809,15.720000267028809,182699,yahoo
2023-07-12,15.720000267028809,16.100000381469727,15.609999656677246,16.010000228881836,16.010000228881836,119738,yahoo
2023-07-13,16.010000228881836,16.6200008392334,16.010000228881836,16.6200008392334,16.6200008392334,207745,yahoo
2023-07-14,16.6200008392334,16.950000762939453,16.469999313354492,16.84000015258789,16.84000015258789,175028,yahoo
2023-07-17,16.780000686645508,16.780000686645508,15.979999542236328,16.149999618530273,16.149999618530273,187766,yahoo
2023-07-18,16.139999389648438,16.40999984741211,16.100000381469727,16.299999237060547,16.299999237060547,59186,yahoo
2023-07-19,16.290000915527344,16.329999923706055,16.1200008392334,16.290000915527344,16.290000915527344,89264,yahoo
2023-07-20,16.299999237060547,16.360000610351562,15.729999542236328,16.139999389648438,16.139999389648438,293552,yahoo
2023-07-21,16.899999618530273,17.8700008392334,15.850000381469727,17.079999923706055,17.079999923706055,837297,yahoo
2023-07-24,17.079999923706055,19.100000381469727,17.079999923706055,18.6299991607666,18.6299991607666,622244,yahoo
2023-07-25,18.690000534057617,19.649999618530273,18.5,19.399999618530273,19.399999618530273,326016,yahoo
2023-07-26,19.760000228881836,19.979999542236328,19.290000915527344,19.59000015258789,19.59000015258789,440576,yahoo
2023-07-27,19.59000015258789,19.59000015258789,19.09000015258789,19.09000015258789,19.09000015258789,185471,yahoo
2023-07-28,19.040000915527344,19.649999618530273,18.93000030517578,19.579999923706055,19.579999923706055,136313,yahoo
2023-07-31,19.309999465942383,19.540000915527344,18.809999465942383,19.350000381469727,19.350000381469727,130131,yahoo
2023-08-01,19.350000381469727,19.670000076293945,18.899999618530273,18.989999771118164,18.989999771118164,70316,yahoo
2023-08-02,18.989999771118164,18.989999771118164,18.270000457763672,18.270000457763672,18.270000457763672,75196,yahoo
2023-08-03,18.200000762939453,18.510000228881836,18.049999237060547,18.260000228881836,18.260000228881836,84978,yahoo
2023-08-04,18.5,18.690000534057617,18.059999465942383,18.649999618530273,18.649999618530273,63169,yahoo
2023-08-07,18.649999618530273,18.649999618530273,18.010000228881836,18.200000762939453,18.200000762939453,48610,yahoo
2023-08-08,18.190000534057617,18.270000457763672,17.520000457763672,17.600000381469727,17.600000381469727,121942,yahoo
2023-08-09,17.600000381469727,18.110000610351562,17.450000762939453,17.540000915527344,17.540000915527344,175263,yahoo
2023-08-10,17.5,17.540000915527344,17.1299991607666,17.200000762939453,17.200000762939453,106797,yahoo
2023-08-11,17.15999984741211,17.329999923706055,17.049999237060547,17.239999771118164,17.239999771118164,83918,yahoo
2023-08-14,17.200000762939453,17.520000457763672,17.010000228881836,17.389999389648438,17.389999389648438,101294,yahoo
2023-08-15,17.389999389648438,17.40999984741211,16.90999984741211,16.90999984741211,16.90999984741211,102928,yahoo
2023-08-16,16.860000610351562,16.959999084472656,16.549999237060547,16.84000015258789,16.84000015258789,132687,yahoo
2023-08-17,16.700000762939453,16.700000762939453,16.110000610351562,16.149999618530273,16.149999618530273,214251,yahoo
2023-08-18,16.100000381469727,16.520000457763672,15.930000305175781,16.420000076293945,16.420000076293945,206352,yahoo
2023-08-21,16.420000076293945,16.450000762939453,16.200000762939453,16.200000762939453,16.200000762939453,96008,yahoo
2023-08-22,16.200000762939453,16.690000534057617,16.09000015258789,16.6200008392334,16.6200008392334,95550,yahoo
2023-08-23,16.6299991607666,16.799999237060547,15.979999542236328,15.979999542236328,15.979999542236328,87530,yahoo
2023-08-24,15.979999542236328,16.190000534057617,15.600000381469727,15.600000381469727,15.600000381469727,84934,yahoo
2023-08-25,15.600000381469727,15.989999771118164,15.489999771118164,15.779999732971191,15.779999732971191,121904,yahoo
2023-08-28,15.819999694824219,16.1299991607666,15.819999694824219,15.989999771118164,15.989999771118164,45465,yahoo
2023-08-29,16.040000915527344,16.700000762939453,15.960000038146973,16.459999084472656,16.459999084472656,101941,yahoo
2023-08-30,16.459999084472656,16.700000762939453,15.949999809265137,16.260000228881836,16.260000228881836,264114,yahoo
2023-08-31,16.260000228881836,16.56999969482422,16.040000915527344,16.56999969482422,16.56999969482422,111180,yahoo
2023-09-01,16.56999969482422,16.809999465942383,16.270000457763672,16.549999237060547,16.549999237060547,68489,yahoo
2023-09-04,16.600000381469727,16.790000915527344,16.219999313354492,16.5,16.5,83371,yahoo
2023-09-05,16.5,16.540000915527344,16.209999084472656,16.40999984741211,16.40999984741211,98875,yahoo
2023-09-06,16.5,16.559999465942383,16.079999923706055,16.100000381469727,16.100000381469727,112130,yahoo
2023-09-07,15.90999984741211,16.010000228881836,15.550000190734863,15.680000305175781,15.680000305175781,242326,yahoo
2023-09-08,15.600000381469727,15.899999618530273,15.550000190734863,15.550000190734863,15.550000190734863,99408,yahoo
2023-09-11,15.550000190734863,15.609999656677246,15.180000305175781,15.239999771118164,15.239999771118164,190862,yahoo
2023-09-12,15.239999771118164,15.239999771118164,14.800000190734863,14.800000190734863,14.800000190734863,152786,yahoo
2023-09-13,14.800000190734863,14.960000038146973,14.640000343322754,14.960000038146973,14.960000038146973,93880,yahoo
2023-09-14,14.899999618530273,15.119999885559082,14.739999771118164,15.010000228881836,15.010000228881836,148967,yahoo
2023-09-15,15.399999618530273,15.420000076293945,14.609999656677246,14.65999984741211,14.65999984741211,136646,yahoo
2023-09-18,14.609999656677246,14.609999656677246,14.260000228881836,14.270000457763672,14.270000457763672,248035,yahoo
2023-09-19,14.270000457763672,14.350000381469727,13.859999656677246,13.859999656677246,13.859999656677246,296016,yahoo
2023-09-20,13.829999923706055,14.430000305175781,13.800000190734863,14.329999923706055,14.329999923706055,157553,yahoo
2023-09-21,14.0,14.25,14.0,14.109999656677246,14.109999656677246,91707,yahoo
2023-09-22,14.0,14.25,13.90999984741211,14.0,14.0,181043,yahoo
2023-09-25,13.970000267028809,13.989999771118164,13.329999923706055,13.479999542236328,13.479999542236328,174352,yahoo
2023-09-26,13.420000076293945,13.420000076293945,12.9399995803833,13.100000381469727,13.100000381469727,261472,yahoo
2023-09-27,13.09000015258789,13.300000190734863,12.960000038146973,13.109999656677246,13.109999656677246,196493,yahoo
2023-09-28,13.109999656677246,13.5,13.020000457763672,13.449999809265137,13.449999809265137,110871,yahoo
2023-09-29,13.449999809265137,13.649999618530273,13.260000228881836,13.579999923706055,13.579999923706055,199513,yahoo
2023-10-02,13.600000381469727,13.899999618530273,13.529999732971191,13.59000015258789,13.59000015258789,311323,yahoo
2023-10-03,13.5,13.59000015258789,12.850000381469727,12.850000381469727,12.850000381469727,179402,yahoo
2023-10-04,12.850000381469727,13.020000457763672,12.699999809265137,12.84000015258789,12.84000015258789,193508,yahoo
2023-10-05,12.84000015258789,13.0,12.75,12.949999809265137,12.949999809265137,155441,yahoo
2023-10-06,12.949999809265137,13.130000114440918,12.630000114440918,12.989999771118164,12.989999771118164,244034,yahoo
2023-10-09,12.90999984741211,13.0600004196167,12.649999618530273,12.649999618530273,12.649999618530273,115786,yahoo
2023-10-10,12.829999923706055,13.670000076293945,12.829999923706055,13.579999923706055,13.579999923706055,301315,yahoo
2023-10-11,13.579999923706055,13.699999809265137,13.109999656677246,13.149999618530273,13.149999618530273,138103,yahoo
2023-10-12,13.149999618530273,13.399999618530273,12.869999885559082,12.869999885559082,12.869999885559082,117296,yahoo
2023-10-13,12.869999885559082,12.869999885559082,12.5,12.550000190734863,12.550000190734863,117444,yahoo
2023-10-16,12.59000015258789,12.59000015258789,12.170000076293945,12.210000038146973,12.210000038146973,205698,yahoo
2023-10-17,12.050000190734863,12.15999984741211,11.399999618530273,11.770000457763672,11.770000457763672,511276,yahoo
2023-10-18,11.9399995803833,11.9399995803833,11.25,11.25,11.25,235250,yahoo
2023-10-19,11.140000343322754,11.289999961853027,10.770000457763672,10.979999542236328,10.979999542236328,226875,yahoo
2023-10-20,10.819999694824219,10.819999694824219,10.25,10.390000343322754,10.390000343322754,379018,yahoo
2023-10-23,10.380000114440918,10.470000267028809,9.854999542236328,9.899999618530273,9.899999618530273,294312,yahoo
2023-10-24,9.899999618530273,10.350000381469727,9.6899995803833,10.3100004196167,10.3100004196167,301100,yahoo
2023-10-25,10.3100004196167,10.3100004196167,9.630000114440918,9.84000015258789,9.84000015258789,284103,yahoo
2023-10-26,9.84000015258789,10.399999618530273,9.65999984741211,10.260000228881836,10.260000228881836,322792,yahoo
2023-10-27,10.260000228881836,10.3100004196167,9.664999961853027,9.795000076293945,9.795000076293945,295143,yahoo
2023-10-30,9.795000076293945,10.119999885559082,9.795000076293945,9.949999809265137,9.949999809265137,114697,yahoo
2023-10-31,9.949999809265137,10.329999923706055,9.920000076293945,10.279999732971191,10.279999732971191,189104,yahoo
2023-11-01,10.890000343322754,10.890000343322754,9.949999809265137,10.350000381469727,10.350000381469727,332944,yahoo
2023-11-02,10.399999618530273,10.75,10.210000038146973,10.210000038146973,10.210000038146973,434404,yahoo
2023-11-03,10.029999732971191,10.649999618530273,10.029999732971191,10.380000114440918,10.380000114440918,358320,yahoo
2023-11-06,10.449999809265137,10.729999542236328,10.350000381469727,10.510000228881836,10.510000228881836,383609,yahoo
2023-11-07,9.020000457763672,9.020000457763672,7.699999809265137,7.744999885559082,7.744999885559082,2630466,yahoo
2023-11-08,7.755000114440918,7.994999885559082,7.309999942779541,7.309999942779541,7.309999942779541,1665407,yahoo
2023-11-09,7.315000057220459,7.635000228881836,7.300000190734863,7.514999866485596,7.514999866485596,799887,yahoo
2023-11-10,7.514999866485596,7.65500020980835,7.300000190734863,7.635000228881836,7.635000228881836,397247,yahoo
2023-11-13,7.635000228881836,7.715000152587891,7.360000133514404,7.53000020980835,7.53000020980835,497132,yahoo
2023-11-14,7.53000020980835,7.820000171661377,7.53000020980835,7.800000190734863,7.800000190734863,548602,yahoo
2023-11-15,7.900000095367432,8.0,7.695000171661377,7.784999847412109,7.784999847412109,352993,yahoo
2023-11-16,7.784999847412109,7.784999847412109,7.5,7.5,7.5,222444,yahoo
2023-11-17,7.5,7.619999885559082,7.489999771118164,7.614999771118164,7.614999771118164,287176,yahoo
2023-11-20,7.614999771118164,7.909999847412109,7.565000057220459,7.710000038146973,7.710000038146973,191494,yahoo
2023-11-21,7.710000038146973,7.710000038146973,7.400000095367432,7.400000095367432,7.400000095367432,405986,yahoo
2023-11-22,7.409999847412109,7.769999980926514,7.400000095367432,7.769999980926514,7.769999980926514,244463,yahoo
2023-11-23,7.769999980926514,7.824999809265137,7.489999771118164,7.554999828338623,7.554999828338623,299353,yahoo
2023-11-24,7.554999828338623,7.769999980926514,7.554999828338623,7.769999980926514,7.769999980926514,131533,yahoo
2023-11-27,7.744999885559082,7.744999885559082,7.559999942779541,7.574999809265137,7.574999809265137,234898,yahoo
2023-11-28,7.574999809265137,7.605000019073486,7.445000171661377,7.460000038146973,7.460000038146973,253666,yahoo
2023-11-29,7.460000038146973,7.59499979019165,7.105000019073486,7.260000228881836,7.260000228881836,551220,yahoo
2023-11-30,7.119999885559082,7.375,7.119999885559082,7.195000171661377,7.195000171661377,596603,yahoo
2023-12-01,7.195000171661377,7.34499979019165,7.114999771118164,7.315000057220459,7.315000057220459,381022,yahoo
2023-12-04,7.400000095367432,7.5,6.994999885559082,7.025000095367432,7.025000095367432,669224,yahoo
2023-12-05,6.989999771118164,7.0,6.75,6.804999828338623,6.804999828338623,1125431,yahoo
2023-12-06,6.804999828338623,7.15500020980835,6.804999828338623,6.960000038146973,6.960000038146973,725972,yahoo
2023-12-07,7.0,7.465000152587891,6.710000038146973,6.954999923706055,6.954999923706055,1646403,yahoo
2023-12-08,6.989999771118164,7.445000171661377,6.940000057220459,7.364999771118164,7.364999771118164,960381,yahoo
2023-12-11,7.400000095367432,7.900000095367432,7.210000038146973,7.804999828338623,7.804999828338623,721108,yahoo
2023-12-12,7.804999828338623,7.885000228881836,7.329999923706055,7.599999904632568,7.599999904632568,676634,yahoo
2023-12-13,7.739999771118164,7.739999771118164,5.525000095367432,5.539999961853027,5.539999961853027,10986135,yahoo
2023-12-14,5.730000019073486,5.929999828338623,4.835999965667725,4.998000144958496,4.998000144958496,7859857,yahoo
2023-12-15,5.144999980926514,5.295000076293945,4.934000015258789,4.934000015258789,4.934000015258789,3690050,yahoo
2023-12-18,4.984000205993652,5.25,4.877999782562256,5.050000190734863,5.050000190734863,2931451,yahoo
2023-12-19,5.090000152587891,5.635000228881836,5.090000152587891,5.635000228881836,5.635000228881836,3752040,yahoo
2023-12-20,5.809999942779541,6.75,5.789999961853027,6.670000076293945,6.670000076293945,5523926,yahoo
2023-12-21,6.550000190734863,6.71999979019165,6.199999809265137,6.340000152587891,6.340000152587891,2695711,yahoo
2023-12-22,6.340000152587891,6.46999979019165,6.034999847412109,6.289999961853027,6.289999961853027,1833165,yahoo
2023-12-27,6.340000152587891,6.534999847412109,6.099999904632568,6.150000095367432,6.150000095367432,2255617,yahoo
2023-12-28,6.164999961853027,6.224999904632568,5.925000190734863,5.96999979019165,5.96999979019165,1089838,yahoo
2023-12-29,6.0,6.074999809265137,5.860000133514404,5.889999866485596,5.889999866485596,935585,yahoo
2024-01-02,5.889999866485596,6.179999828338623,5.889999866485596,5.900000095367432,5.900000095367432,731958,yahoo
2024-01-03,6.0,6.0,5.599999904632568,5.840000152587891,5.840000152587891,1486645,yahoo
2024-01-04,5.840000152587891,6.03000020980835,5.800000190734863,5.974999904632568,5.974999904632568,686725,yahoo
2024-01-05,5.974999904632568,6.025000095367432,5.775000095367432,5.800000190734863,5.800000190734863,258811,yahoo
2024-01-08,5.800000190734863,5.800000190734863,5.355000019073486,5.574999809265137,5.574999809265137,2240099,yahoo
2024-01-09,5.65500020980835,5.860000133514404,5.425000190734863,5.699999809265137,5.699999809265137,1344424,yahoo
2024-01-10,5.710000038146973,6.09499979019165,5.710000038146973,5.804999828338623,5.804999828338623,1594044,yahoo
2024-01-11,6.0,6.039999961853027,5.454999923706055,5.465000152587891,5.465000152587891,1388290,yahoo
2024-01-12,5.465000152587891,5.699999809265137,5.380000114440918,5.5,5.5,1729620,yahoo
2024-01-15,5.335000038146973,5.369999885559082,5.210000038146973,5.210000038146973,5.210000038146973,402052,yahoo
2024-01-16,5.215000152587891,5.355000019073486,5.130000114440918,5.135000228881836,5.135000228881836,545228,yahoo
2024-01-17,5.139999866485596,5.239999771118164,4.989999771118164,5.130000114440918,5.130000114440918,790790,yahoo
2024-01-18,5.130000114440918,5.150000095367432,4.943999767303467,5.085000038146973,5.085000038146973,614807,yahoo
2024-01-19,5.090000152587891,5.090000152587891,4.800000190734863,4.923999786376953,4.923999786376953,1077667,yahoo
2024-01-22,4.900000095367432,5.099999904632568,4.860000133514404,5.03000020980835,5.03000020980835,636152,yahoo
2024-01-23,5.03000020980835,5.110000133514404,4.9079999923706055,4.980000019073486,4.980000019073486,344423,yahoo
2024-01-24,4.800000190734863,4.900000095367432,4.688000202178955,4.829999923706055,4.829999923706055,768349,yahoo
2024-01-25,4.829999923706055,5.085000038146973,4.785999774932861,4.785999774932861,4.785999774932861,294430,yahoo
2024-01-26,4.699999809265137,4.75,4.581999778747559,4.613999843597412,4.613999843597412,1061718,yahoo
2024-01-29,4.613999843597412,4.849999904632568,4.50600004196167,4.849999904632568,4.849999904632568,1209756,yahoo
2024-01-30,4.8520002365112305,4.964000225067139,4.685999870300293,4.796000003814697,4.796000003814697,377855,yahoo
2024-01-31,4.796000003814697,5.034999847412109,4.751999855041504,4.9079999923706055,4.9079999923706055,689290,yahoo
2024-02-01,5.135000228881836,5.150000095367432,4.314000129699707,4.4019999504089355,4.4019999504089355,2871696,yahoo
2024-02-02,4.5,4.71999979019165,4.27400016784668,4.27400016784668,4.27400016784668,1538608,yahoo
2024-02-05,4.311999797821045,4.455999851226807,4.2220001220703125,4.306000232696533,4.306000232696533,662766,yahoo
2024-02-06,4.309999942779541,4.550000190734863,4.306000232696533,4.550000190734863,4.550000190734863,628725,yahoo
2024-02-07,4.656000137329102,4.75,4.22599983215332,4.22599983215332,4.22599983215332,975142,yahoo
2024-02-08,4.394000053405762,4.5879998207092285,4.297999858856201,4.504000186920166,4.504000186920166,1144248,yahoo
2024-02-09,4.6539998054504395,4.73799991607666,4.4720001220703125,4.52400016784668,4.52400016784668,798061,yahoo
2024-02-12,4.696000099182129,4.800000190734863,4.552000045776367,4.670000076293945,4.670000076293945,665818,yahoo
2024-02-13,4.670000076293945,4.921999931335449,4.642000198364258,4.684000015258789,4.684000015258789,849082,yahoo
2024-02-14,4.684000015258789,5.045000076293945,4.650000095367432,4.9720001220703125,4.9720001220703125,815874,yahoo
2024-02-15,4.980000019073486,4.980000019073486,4.610000133514404,4.610000133514404,4.610000133514404,536639,yahoo
2024-02-16,4.619999885559082,4.915999889373779,4.619999885559082,4.736000061035156,4.736000061035156,778649,yahoo
2024-02-19,4.736000061035156,4.929999828338623,4.50600004196167,4.823999881744385,4.823999881744385,1065861,yahoo
2024-02-20,4.815999984741211,4.855999946594238,4.5879998207092285,4.682000160217285,4.682000160217285,469610,yahoo
2024-02-21,4.670000076293945,4.75,4.519999980926514,4.572000026702881,4.572000026702881,300318,yahoo
2024-02-22,4.670000076293945,4.710000038146973,4.460000038146973,4.526000022888184,4.526000022888184,472140,yahoo
2024-02-23,4.5320000648498535,4.714000225067139,4.409999847412109,4.507999897003174,4.507999897003174,559435,yahoo
2024-02-26,4.507999897003174,4.51200008392334,4.23799991607666,4.23799991607666,4.23799991607666,662871,yahoo
2024-02-27,4.291999816894531,4.453999996185303,4.188000202178955,4.334000110626221,4.334000110626221,627370,yahoo
2024-02-28,4.334000110626221,4.335999965667725,4.211999893188477,4.26200008392334,4.26200008392334,460100,yahoo
2024-02-29,4.263999938964844,4.52400016784668,4.210000038146973,4.519999980926514,4.519999980926514,306883,yahoo
2024-03-01,4.53000020980835,4.840000152587891,4.455999851226807,4.802000045776367,4.802000045776367,733453,yahoo
2024-03-04,3.517534017562866,3.6025540828704834,3.3460519313812256,3.360461950302124,3.360461950302124,541646,yahoo
2024-03-05,3.350374937057495,3.477185010910034,3.207714080810547,3.390723943710327,3.390723943710327,541107,yahoo
2024-03-06,3.390723943710327,3.508888006210327,3.2783238887786865,3.459892988204956,3.459892988204956,385440,yahoo
2024-03-07,3.459892988204956,3.7034249305725098,3.1313400268554688,3.566528081893921,3.566528081893921,3310006,yahoo
2024-03-08,3.566528081893921,3.7286429405212402,3.418102979660034,3.6673998832702637,3.6673998832702637,1927569,yahoo
2024-03-11,3.6890149116516113,3.7106308937072754,3.410897970199585,3.4267489910125732,3.4267489910125732,1826592,yahoo
2024-03-12,3.458451986312866,3.6025540828704834,3.399369955062866,3.487272024154663,3.487272024154663,1723779,yahoo
2024-03-13,3.4560000896453857,3.5840001106262207,3.2760000228881836,3.3420000076293945,3.3420000076293945,2042740,yahoo
2024-03-14,3.368000030517578,3.368000030517578,2.990000009536743,3.0339999198913574,3.0339999198913574,1570189,yahoo
2024-03-15,3.0299999713897705,3.069999933242798,2.861999988555908,2.9719998836517334,2.9719998836517334,1639505,yahoo
2024-03-18,2.927999973297119,2.9800000190734863,2.611999988555908,2.618000030517578,2.618000030517578,3150863,yahoo
2024-03-19,2.6059999465942383,2.815999984741211,2.553999900817871,2.6679999828338623,2.6679999828338623,2328798,yahoo
2024-03-20,2.6040000915527344,2.7119998931884766,2.5759999752044678,2.628000020980835,2.628000020980835,1894058,yahoo
2024-03-21,2.638000011444092,2.8499999046325684,2.565999984741211,2.746000051498413,2.746000051498413,2798099,yahoo
2024-03-22,2.746000051498413,2.9619998931884766,2.6419999599456787,2.9619998931884766,2.9619998931884766,2813798,yahoo
2024-03-25,2.9539999961853027,3.0999999046325684,2.805999994277954,2.8499999046325684,2.8499999046325684,2658927,yahoo
2024-03-26,2.8499999046325684,2.9739999771118164,2.7939999103546143,2.947999954223633,2.947999954223633,3694047,yahoo
2024-03-27,2.9600000381469727,3.2320001125335693,2.9539999961853027,3.190000057220459,3.190000057220459,2251901,yahoo
2024-03-28,3.2639999389648438,3.2679998874664307,3.0940001010894775,3.0999999046325684,3.0999999046325684,861153,yahoo
2024-04-02,3.0940001010894775,3.2799999713897705,2.9700000286102295,2.9739999771118164,2.9739999771118164,2443616,yahoo
2024-04-03,3.0,3.2920000553131104,2.9739999771118164,3.2739999294281006,3.2739999294281006,1944828,yahoo
2024-04-04,3.431999921798706,3.677999973297119,3.3399999141693115,3.5360000133514404,3.5360000133514404,4197593,yahoo
2024-04-05,3.4760000705718994,3.4760000705718994,3.299999952316284,3.3299999237060547,3.3299999237060547,2246001,yahoo
2024-04-08,3.4200000762939453,3.9679999351501465,3.4200000762939453,3.7760000228881836,3.7760000228881836,4137394,yahoo
2024-04-09,3.8519999980926514,4.179999828338623,3.635999917984009,3.819999933242798,3.819999933242798,8335696,yahoo
2024-04-10,3.890000104904175,3.9240000247955322,3.549999952316284,3.6440000534057617,3.6440000534057617,2426879,yahoo
2024-04-11,3.686000108718872,3.700000047683716,3.369999885559082,3.5880000591278076,3.5880000591278076,3087163,yahoo
2024-04-12,3.609999895095825,3.7699999809265137,3.572000026702881,3.635999917984009,3.635999917984009,2314144,yahoo
2024-04-15,3.638000011444092,3.747999906539917,3.4579999446868896,3.697999954223633,3.697999954223633,2114568,yahoo
2024-04-16,3.697999954223633,3.9079999923706055,3.568000078201294,3.8540000915527344,3.8540000915527344,2153728,yahoo
2024-04-17,3.8320000171661377,4.079999923706055,3.752000093460083,3.812000036239624,3.812000036239624,3167138,yahoo
2024-04-18,3.9519999027252197,3.9519999027252197,3.552000045776367,3.5820000171661377,3.5820000171661377,2456214,yahoo
2024-04-19,3.5820000171661377,3.700000047683716,3.5,3.700000047683716,3.700000047683716,941943,yahoo
2024-04-22,3.700000047683716,3.9119999408721924,3.621999979019165,3.7320001125335693,3.7320001125335693,1387351,yahoo
2024-04-23,3.7660000324249268,3.9000000953674316,3.691999912261963,3.8980000019073486,3.8980000019073486,1353029,yahoo
2024-04-24,3.8980000019073486,3.9000000953674316,3.7200000286102295,3.9000000953674316,3.9000000953674316,1394872,yahoo
2024-04-25,3.859999895095825,3.888000011444092,3.559999942779541,3.5859999656677246,3.5859999656677246,3717149,yahoo
2024-04-26,3.609999895095825,3.937999963760376,3.5820000171661377,3.864000082015991,3.864000082015991,2072173,yahoo
2024-04-29,3.937999963760376,4.079999923706055,3.7839999198913574,4.079999923706055,4.079999923706055,1456615,yahoo
2024-04-30,4.079999923706055,4.165999889373779,3.927999973297119,3.927999973297119,3.927999973297119,1520726,yahoo
2024-05-02,3.927999973297119,4.038000106811523,3.828000068664551,3.921999931335449,3.921999931335449,1024259,yahoo
2024-05-03,3.871999979019165,4.059999942779541,3.76200008392334,4.046000003814697,4.046000003814697,1272513,yahoo
2024-05-06,4.0960001945495605,4.2220001220703125,4.0320000648498535,4.072000026702881,4.072000026702881,1513320,yahoo
2024-05-07,4.072000026702881,4.25,3.9539999961853027,4.059999942779541,4.059999942779541,1380984,yahoo
2024-05-08,4.059999942779541,4.302000045776367,3.9820001125335693,4.202000141143799,4.202000141143799,2306099,yahoo
2024-05-10,4.27400016784668,4.400000095367432,4.251999855041504,4.331999778747559,4.331999778747559,1579276,yahoo
2024-05-13,4.409999847412109,4.438000202178955,4.159999847412109,4.193999767303467,4.193999767303467,1160332,yahoo
2024-05-14,4.294000148773193,4.409999847412109,4.133999824523926,4.400000095367432,4.400000095367432,1256635,yahoo
2024-05-15,4.427999973297119,4.480000019073486,4.184000015258789,4.23199987411499,4.23199987411499,1237798,yahoo
2024-05-16,3.609999895095825,3.609999895095825,3.0199999809265137,3.0280001163482666,3.0280001163482666,20587807,yahoo
2024-05-17,2.936000108718872,3.0299999713897705,2.759999990463257,3.002000093460083,3.002000093460083,11202914,yahoo
2024-05-20,3.049999952316284,3.049999952316284,2.759999990463257,2.7720000743865967,2.7720000743865967,6189665,yahoo
2024-05-21,2.7720000743865967,2.812000036239624,2.6700000762939453,2.805999994277954,2.805999994277954,3405420,yahoo
2024-05-22,2.874000072479248,3.0480000972747803,2.7660000324249268,2.8959999084472656,2.8959999084472656,3096974,yahoo
2024-05-23,2.8959999084472656,3.0,2.805999994277954,2.805999994277954,2.805999994277954,2887309,yahoo
2024-05-24,2.812000036239624,2.869999885559082,2.799999952316284,2.8440001010894775,2.8440001010894775,867734,yahoo
2024-05-27,2.8440001010894775,2.950000047683716,2.812000036239624,2.931999921798706,2.931999921798706,1423953,yahoo
2024-05-28,2.9860000610351562,3.0239999294281006,2.9000000953674316,2.9719998836517334,2.9719998836517334,2075286,yahoo
2024-05-29,3.00600004196167,3.119999885559082,2.950000047683716,2.9800000190734863,2.9800000190734863,1910133,yahoo
2024-05-30,2.9820001125335693,3.118000030517578,2.950000047683716,3.114000082015991,3.114000082015991,1600426,yahoo
2024-05-31,3.114000082015991,3.2079999446868896,3.0420000553131104,3.1019999980926514,3.1019999980926514,1355014,yahoo
2024-06-03,3.140000104904175,3.140000104904175,3.009999990463257,3.0380001068115234,3.0380001068115234,1178198,yahoo
2024-06-04,3.059999942779541,3.109999895095825,3.0399999618530273,3.0899999141693115,3.0899999141693115,568754,yahoo
2024-06-05,3.0899999141693115,3.194000005722046,3.059999942779541,3.194000005722046,3.194000005722046,1255042,yahoo
2024-06-07,3.194000005722046,3.444000005722046,3.194000005722046,3.4200000762939453,3.4200000762939453,2184298,yahoo
2024-06-10,3.4000000953674316,3.4000000953674316,3.2860000133514404,3.309999942779541,3.309999942779541,1044830,yahoo
2024-06-11,3.309999942779541,3.3320000171661377,3.124000072479248,3.180000066757202,3.180000066757202,1805563,yahoo
2024-06-12,3.180000066757202,3.3380000591278076,3.063999891281128,3.2899999618530273,3.2899999618530273,909260,yahoo
2024-06-13,3.2899999618530273,3.2899999618530273,3.1600000858306885,3.171999931335449,3.171999931335449,515380,yahoo
2024-06-14,3.1679999828338623,3.1760001182556152,3.0,3.0759999752044678,3.0759999752044678,1001718,yahoo
2024-06-17,3.0759999752044678,3.2239999771118164,3.072000026702881,3.194000005722046,3.194000005722046,539937,yahoo
2024-06-18,3.25,3.2799999713897705,3.1500000953674316,3.194000005722046,3.194000005722046,450331,yahoo
2024-06-19,3.200000047683716,3.240000009536743,3.119999885559082,3.119999885559082,3.119999885559082,364074,yahoo
2024-06-20,3.119999885559082,3.2899999618530273,3.1080000400543213,3.2720000743865967,3.2720000743865967,560728,yahoo
2024-06-24,3.2720000743865967,3.2720000743865967,3.130000114440918,3.1600000858306885,3.1600000858306885,681445,yahoo
2024-06-25,3.1600000858306885,3.1600000858306885,2.6059999465942383,2.76200008392334,2.76200008392334,4323149,yahoo
2024-06-26,2.7639999389648438,2.9000000953674316,2.7200000286102295,2.822000026702881,2.822000026702881,1181810,yahoo
2024-06-27,2.819999933242798,2.868000030517578,2.7219998836517334,2.7219998836517334,2.7219998836517334,558211,yahoo
2024-06-28,2.7799999713897705,2.7799999713897705,2.696000099182129,2.7200000286102295,2.7200000286102295,690481,yahoo
2024-07-01,2.7179999351501465,2.9000000953674316,2.635999917984009,2.799999952316284,2.799999952316284,1087204,yahoo
2024-07-02,2.799999952316284,2.819999933242798,2.7019999027252197,2.7100000381469727,2.7100000381469727,568208,yahoo
2024-07-03,2.7200000286102295,2.75600004196167,2.640000104904175,2.7200000286102295,2.7200000286102295,1099765,yahoo
2024-07-04,2.700000047683716,2.7320001125335693,2.671999931335449,2.690000057220459,2.690000057220459,463132,yahoo
2024-07-05,2.700000047683716,2.8299999237060547,2.700000047683716,2.747999906539917,2.747999906539917,889318,yahoo
2024-07-08,2.746000051498413,2.7760000228881836,2.5980000495910645,2.619999885559082,2.619999885559082,1162974,yahoo
2024-07-09,2.6019999980926514,2.6559998989105225,2.549999952316284,2.5980000495910645,2.5980000495910645,1332303,yahoo
2024-07-10,2.7300000190734863,2.7300000190734863,2.5859999656677246,2.5859999656677246,2.5859999656677246,515054,yahoo
2024-07-11,2.5859999656677246,2.6080000400543213,2.507999897003174,2.5739998817443848,2.5739998817443848,868300,yahoo
2024-07-12,2.5899999141693115,2.696000099182129,2.552000045776367,2.687999963760376,2.687999963760376,764296,yahoo
2024-07-15,2.6740000247955322,2.6740000247955322,2.5759999752044678,2.5840001106262207,2.5840001106262207,691538,yahoo
2024-07-16,2.5840001106262207,2.631999969482422,2.5179998874664307,2.555999994277954,2.555999994277954,558258,yahoo
2024-07-17,2.552000045776367,2.680000066757202,2.552000045776367,2.615999937057495,2.615999937057495,332781,yahoo
2024-07-18,2.618000030517578,2.7060000896453857,2.5220000743865967,2.614000082015991,2.614000082015991,749151,yahoo
2024-07-19,2.359999895095825,2.75,2.2660000324249268,2.5840001106262207,2.5840001106262207,2837458,yahoo
2024-07-22,2.385999917984009,2.4760000705718994,2.2899999618530273,2.309999942779541,2.309999942779541,4173790,yahoo
2024-07-23,2.309999942779541,2.446000099182129,2.299999952316284,2.3499999046325684,2.3499999046325684,1710501,yahoo
2024-07-24,2.359999895095825,2.359999895095825,2.200000047683716,2.2179999351501465,2.2179999351501465,2313160,yahoo
2024-07-25,2.2079999446868896,2.380000114440918,2.2019999027252197,2.380000114440918,2.380000114440918,1118165,yahoo
2024-07-26,2.378000020980835,2.4700000286102295,2.3399999141693115,2.4639999866485596,2.4639999866485596,924194,yahoo
2024-07-29,2.4800000190734863,2.8480000495910645,2.4660000801086426,2.7100000381469727,2.7100000381469727,2230388,yahoo
2024-07-30,2.619999885559082,2.746000051498413,2.563999891281128,2.569999933242798,2.569999933242798,801250,yahoo
2024-07-31,2.569999933242798,2.631999969482422,2.4600000381469727,2.51200008392334,2.51200008392334,807376,yahoo
2024-08-01,2.5,2.549999952316284,2.430000066757202,2.4579999446868896,2.4579999446868896,402208,yahoo
2024-08-02,2.450000047683716,2.450000047683716,2.359999895095825,2.4200000762939453,2.4200000762939453,519721,yahoo
2024-08-05,2.2899999618530273,2.313999891281128,2.1540000438690186,2.2960000038146973,2.2960000038146973,825189,yahoo
2024-08-06,2.2860000133514404,2.4240000247955322,2.2699999809265137,2.3239998817443848,2.3239998817443848,499416,yahoo
2024-08-07,2.3239998817443848,2.4000000953674316,2.3239998817443848,2.369999885559082,2.369999885559082,208238,yahoo
2024-08-08,2.369999885559082,2.3919999599456787,2.2760000228881836,2.2820000648498535,2.2820000648498535,697026,yahoo
2024-08-09,2.2939999103546143,2.3459999561309814,2.2699999809265137,2.308000087738037,2.308000087738037,754057,yahoo
2024-08-12,2.2799999713897705,2.309999942779541,2.2100000381469727,2.2320001125335693,2.2320001125335693,927375,yahoo
2024-08-13,2.2300000190734863,2.25,2.1679999828338623,2.25,2.25,928661,yahoo
2024-08-14,2.25,2.3359999656677246,2.25,2.2639999389648438,2.2639999389648438,488152,yahoo
2024-08-15,2.2639999389648438,2.2960000038146973,2.2100000381469727,2.2679998874664307,2.2679998874664307,479528,yahoo
2024-08-16,2.246000051498413,2.2839999198913574,2.2200000286102295,2.2239999771118164,2.2239999771118164,384860,yahoo
2024-08-19,2.2320001125335693,2.2739999294281006,2.180000066757202,2.186000108718872,2.186000108718872,1488083,yahoo
2024-08-20,2.190000057220459,2.23799991607666,2.186000108718872,2.200000047683716,2.200000047683716,371053,yahoo
2024-08-21,2.200000047683716,2.240000009536743,2.111999988555908,2.111999988555908,2.111999988555908,951386,yahoo
2024-08-22,2.134000062942505,2.200000047683716,2.134000062942505,2.1640000343322754,2.1640000343322754,548218,yahoo
2024-08-23,2.1640000343322754,2.240000009536743,2.135999917984009,2.197999954223633,2.197999954223633,524621,yahoo
2024-08-26,2.197999954223633,2.242000102996826,2.114000082015991,2.128000020980835,2.128000020980835,701429,yahoo
2024-08-27,2.130000114440918,2.240000009536743,2.0220000743865967,2.186000108718872,2.186000108718872,7757234,yahoo
2024-08-28,2.200000047683716,2.259999990463257,2.1540000438690186,2.2260000705718994,2.2260000705718994,1399433,yahoo
2024-08-29,2.25,2.309999942779541,1.9819999933242798,2.072000026702881,2.072000026702881,4098690,yahoo
2024-08-30,2.111999988555908,2.111999988555908,2.0239999294281006,2.0799999237060547,2.0799999237060547,1121328,yahoo
2024-09-02,2.119999885559082,2.181999921798706,2.052000045776367,2.069999933242798,2.069999933242798,1114517,yahoo
2024-09-03,2.0799999237060547,2.0820000171661377,2.0239999294281006,2.053999900817871,2.053999900817871,623749,yahoo
2024-09-04,2.0480000972747803,2.0880000591278076,2.0260000228881836,2.0380001068115234,2.0380001068115234,510259,yahoo
2024-09-05,2.0380001068115234,2.0899999141693115,2.0339999198913574,2.062000036239624,2.062000036239624,471208,yahoo
2024-09-06,2.062000036239624,2.1700000762939453,2.0420000553131104,2.0999999046325684,2.0999999046325684,902663,yahoo
2024-09-09,2.115999937057495,2.1679999828338623,2.068000078201294,2.138000011444092,2.138000011444092,1719303,yahoo
2024-09-10,2.1600000858306885,2.247999906539917,2.1080000400543213,2.2300000190734863,2.2300000190734863,1370519,yahoo
2024-09-11,2.2300000190734863,2.5380001068115234,2.2260000705718994,2.502000093460083,2.502000093460083,3514098,yahoo
2024-09-12,2.502000093460083,2.5239999294281006,2.365999937057495,2.4639999866485596,2.4639999866485596,1475295,yahoo
2024-09-13,2.4779999256134033,2.578000068664551,2.446000099182129,2.5480000972747803,2.5480000972747803,751542,yahoo
2024-09-16,2.578000068664551,2.5799999237060547,2.4600000381469727,2.4800000190734863,2.4800000190734863,1242534,yahoo
2024-09-17,2.4800000190734863,2.5739998817443848,2.4579999446868896,2.5420000553131104,2.5420000553131104,547084,yahoo
2024-09-18,2.5420000553131104,2.6619999408721924,2.4679999351501465,2.5339999198913574,2.5339999198913574,935519,yahoo
2024-09-19,2.5360000133514404,2.6500000953674316,2.509999990463257,2.630000114440918,2.630000114440918,599820,yahoo
2024-09-20,2.630000114440918,2.635999917984009,2.5239999294281006,2.5820000171661377,2.5820000171661377,494124,yahoo
2024-09-23,2.5820000171661377,2.5820000171661377,2.502000093460083,2.502000093460083,2.502000093460083,315647,yahoo
2024-09-24,2.492000102996826,2.502000093460083,2.299999952316284,2.299999952316284,2.299999952316284,1254391,yahoo
2024-09-25,2.299999952316284,2.322000026702881,2.2639999389648438,2.2860000133514404,2.2860000133514404,323909,yahoo
2024-09-26,2.2920000553131104,2.361999988555908,2.2699999809265137,2.2839999198913574,2.2839999198913574,273216,yahoo
2024-09-27,2.2839999198913574,2.361999988555908,2.246000051498413,2.3359999656677246,2.3359999656677246,2111370,yahoo
2024-09-30,2.3359999656677246,2.361999988555908,2.259999990463257,2.319999933242798,2.319999933242798,197574,yahoo
2024-10-01,2.359999895095825,2.359999895095825,2.186000108718872,2.2239999771118164,2.2239999771118164,843641,yahoo
2024-10-02,2.2260000705718994,2.308000087738037,2.200000047683716,2.2639999389648438,2.2639999389648438,549100,yahoo
2024-10-03,2.2699999809265137,2.303999900817871,2.24399995803833,2.2679998874664307,2.2679998874664307,264759,yahoo
2024-10-04,2.2679998874664307,2.385999917984009,2.25,2.361999988555908,2.361999988555908,491553,yahoo
2024-10-07,2.361999988555908,2.3980000019073486,2.25,2.2820000648498535,2.2820000648498535,330862,yahoo
2024-10-08,2.2799999713897705,2.3480000495910645,2.25,2.2860000133514404,2.2860000133514404,306077,yahoo
2024-10-09,2.2860000133514404,2.3320000171661377,2.259999990463257,2.303999900817871,2.303999900817871,338246,yahoo
2024-10-10,2.303999900817871,2.3499999046325684,2.2679998874664307,2.2980000972747803,2.2980000972747803,420050,yahoo
2024-10-11,2.2980000972747803,2.3239998817443848,2.2780001163482666,2.2899999618530273,2.2899999618530273,278352,yahoo
2024-10-14,2.2899999618530273,2.437999963760376,2.2899999618530273,2.4100000858306885,2.4100000858306885,395429,yahoo
2024-10-15,2.4000000953674316,2.4059998989105225,2.3519999980926514,2.374000072479248,2.374000072479248,320268,yahoo
2024-10-16,2.374000072479248,2.430000066757202,2.3380000591278076,2.421999931335449,2.421999931335449,368682,yahoo
2024-10-17,2.380000114440918,2.427999973297119,2.380000114440918,2.390000104904175,2.390000104904175,99662,yahoo
2024-10-18,2.390000104904175,2.444000005722046,2.368000030517578,2.430000066757202,2.430000066757202,273122,yahoo
2024-10-21,2.381999969482422,2.4519999027252197,2.381999969482422,2.440000057220459,2.440000057220459,238227,yahoo
2024-10-22,2.437999963760376,2.48799991607666,2.3940000534057617,2.4660000801086426,2.4660000801086426,534138,yahoo
2024-10-23,2.4660000801086426,2.5339999198913574,2.4200000762939453,2.492000102996826,2.492000102996826,266529,yahoo
2024-10-24,2.450000047683716,2.490000009536743,2.3380000591278076,2.3380000591278076,2.3380000591278076,687404,yahoo
2024-10-25,2.687999963760376,2.7920000553131104,2.128000020980835,2.2219998836517334,2.2219998836517334,8979481,yahoo
2024-10-28,2.299999952316284,2.312000036239624,2.121999979019165,2.134000062942505,2.134000062942505,1852411,yahoo
2024-10-29,2.130000114440918,2.190000057220459,2.009999990463257,2.0220000743865967,2.0220000743865967,3082017,yahoo
2024-10-30,2.0299999713897705,2.0799999237060547,2.0,2.0480000972747803,2.0480000972747803,1210593,yahoo
2024-10-31,2.0360000133514404,2.0420000553131104,1.9989999532699585,2.01200008392334,2.01200008392334,888594,yahoo
2024-11-01,2.002000093460083,2.0439999103546143,1.9819999933242798,2.0439999103546143,2.0439999103546143,606645,yahoo
2024-11-04,2.062000036239624,2.0859999656677246,1.9670000076293945,2.0160000324249268,2.0160000324249268,1755786,yahoo
2024-11-05,2.0160000324249268,2.0799999237060547,1.975000023841858,2.0139999389648438,2.0139999389648438,994081,yahoo
2024-11-06,2.01200008392334,2.055999994277954,1.9609999656677246,1.9789999723434448,1.9789999723434448,1170490,yahoo
2024-11-07,2.0,2.0,1.7319999933242798,1.972000002861023,1.972000002861023,1887771,yahoo
2024-11-08,2.0480000972747803,2.0480000972747803,1.8969999551773071,1.9190000295639038,1.9190000295639038,1204128,yahoo
2024-11-11,1.9170000553131104,1.9880000352859497,1.8380000591278076,1.8380000591278076,1.8380000591278076,1575407,yahoo
2024-11-12,1.840000033378601,1.8519999980926514,1.7899999618530273,1.815999984741211,1.815999984741211,1316429,yahoo
2024-11-13,1.8200000524520874,1.8459999561309814,1.7630000114440918,1.784000039100647,1.784000039100647,1244345,yahoo
2024-11-14,1.7949999570846558,1.8259999752044678,1.7630000114440918,1.7730000019073486,1.7730000019073486,922828,yahoo
2024-11-15,1.7790000438690186,1.840999960899353,1.7790000438690186,1.8179999589920044,1.8179999589920044,1969429,yahoo
2024-11-18,1.812000036239624,2.0,1.812000036239624,2.0,2.0,1722570,yahoo
2024-11-19,2.0399999618530273,2.124000072479248,1.9279999732971191,1.940000057220459,1.940000057220459,1700674,yahoo
2024-11-20,1.9450000524520874,2.121999979019165,1.812000036239624,1.8170000314712524,1.8170000314712524,2604889,yahoo
2024-11-21,1.8600000143051147,1.8600000143051147,1.7799999713897705,1.7960000038146973,1.7960000038146973,1811333,yahoo
2024-11-22,1.7999999523162842,1.871999979019165,1.784000039100647,1.7970000505447388,1.7970000505447388,1498464,yahoo
2024-11-25,1.781999945640564,1.8509999513626099,1.781999945640564,1.843000054359436,1.843000054359436,1087729,yahoo
2024-11-26,1.8459999561309814,1.850000023841858,1.784999966621399,1.7960000038146973,1.7960000038146973,598048,yahoo
2024-11-27,1.7970000505447388,1.8480000495910645,1.7970000505447388,1.812999963760376,1.812999963760376,485577,yahoo
2024-11-28,1.8229999542236328,1.9249999523162842,1.815000057220459,1.8279999494552612,1.8279999494552612,822871,yahoo
2024-11-29,1.8350000381469727,1.8480000495910645,1.7940000295639038,1.8250000476837158,1.8250000476837158,603988,yahoo
2024-12-02,1.7949999570846558,1.840000033378601,1.100000023841858,1.7920000553131104,1.7920000553131104,1025517,yahoo
2024-12-03,1.781999945640564,1.8179999589920044,1.7630000114440918,1.7979999780654907,1.7979999780654907,761165,yahoo
2024-12-04,1.7829999923706055,1.878000020980835,1.7799999713897705,1.840000033378601,1.840000033378601,1030638,yahoo
2024-12-05,1.8639999628067017,1.8980000019073486,1.812000036239624,1.8300000429153442,1.8300000429153442,999685,yahoo
2024-12-06,1.8170000314712524,1.9450000524520874,1.8170000314712524,1.9240000247955322,1.9240000247955322,2454978,yahoo
2024-12-09,1.9140000343322754,1.9140000343322754,1.63100004196167,1.649999976158142,1.649999976158142,6781472,yahoo
2024-12-10,1.656999945640564,1.656999945640564,1.503000020980835,1.5110000371932983,1.5110000371932983,6675720,yahoo
2024-12-11,1.5119999647140503,1.5880000591278076,1.4600000381469727,1.5210000276565552,1.5210000276565552,8100474,yahoo
2024-12-12,1.5490000247955322,1.6419999599456787,1.5399999618530273,1.6119999885559082,1.6119999885559082,2581479,yahoo
2024-12-13,1.6670000553131104,1.6679999828338623,1.5529999732971191,1.5720000267028809,1.5720000267028809,1639385,yahoo
2024-12-16,1.600000023841858,1.6490000486373901,1.5709999799728394,1.5989999771118164,1.5989999771118164,2429221,yahoo
2024-12-17,1.590999960899353,1.6629999876022339,1.5859999656677246,1.6610000133514404,1.6610000133514404,1555021,yahoo
2024-12-18,1.6799999475479126,2.0220000743865967,1.6710000038146973,1.8980000019073486,1.8980000019073486,6056801,yahoo
2024-12-19,1.902999997138977,1.9579999446868896,1.8289999961853027,1.909999966621399,1.909999966621399,1209575,yahoo
2024-12-20,1.9490000009536743,1.9490000009536743,1.7610000371932983,1.8650000095367432,1.8650000095367432,1471288,yahoo
2024-12-23,1.8450000286102295,1.8450000286102295,1.7280000448226929,1.7319999933242798,1.7319999933242798,1374452,yahoo
2024-12-27,1.7999999523162842,2.2739999294281006,1.7699999809265137,2.2279999256134033,2.2279999256134033,5764437,yahoo
2024-12-30,2.2260000705718994,2.2260000705718994,2.0380001068115234,2.138000011444092,2.138000011444092,2549783,yahoo
2025-01-02,2.118000030517578,2.181999921798706,2.052000045776367,2.140000104904175,2.140000104904175,1241580,yahoo
2025-01-03,2.2019999027252197,2.390000104904175,2.196000099182129,2.3380000591278076,2.3380000591278076,3004478,yahoo
2025-01-07,2.359999895095825,2.378000020980835,2.130000114440918,2.138000011444092,2.138000011444092,2416475,yahoo
2025-01-08,2.247999906539917,2.328000068664551,2.058000087738037,2.2300000190734863,2.2300000190734863,4893094,yahoo
2025-01-09,2.200000047683716,2.200000047683716,2.0799999237060547,2.0899999141693115,2.0899999141693115,1992706,yahoo
2025-01-10,2.1080000400543213,2.2179999351501465,2.0739998817443848,2.1540000438690186,2.1540000438690186,1718429,yahoo
2025-01-13,2.1679999828338623,2.1679999828338623,2.062000036239624,2.063999891281128,2.063999891281128,1260445,yahoo
2025-01-14,2.0880000591278076,2.180000066757202,2.062000036239624,2.1040000915527344,2.1040000915527344,1143279,yahoo
2025-01-15,2.115999937057495,2.385999917984009,2.0999999046325684,2.359999895095825,2.359999895095825,3712890,yahoo
2025-01-16,2.371999979019165,2.4119999408721924,2.2899999618530273,2.380000114440918,2.380000114440918,1347059,yahoo
2025-01-17,2.427999973297119,2.427999973297119,2.3259999752044678,2.369999885559082,2.369999885559082,1035715,yahoo
2025-01-20,2.380000114440918,2.4100000858306885,2.3320000171661377,2.384000062942505,2.384000062942505,476075,yahoo
2025-01-21,2.384000062942505,2.5360000133514404,2.361999988555908,2.5179998874664307,2.5179998874664307,2193333,yahoo
2025-01-22,2.5480000972747803,2.6640000343322754,2.490000009536743,2.5199999809265137,2.5199999809265137,2950581,yahoo
2025-01-23,2.497999906539917,2.5739998817443848,2.4000000953674316,2.569999933242798,2.569999933242798,1842073,yahoo
2025-01-24,2.611999988555908,2.6659998893737793,2.5199999809265137,2.558000087738037,2.558000087738037,1237663,yahoo
2025-01-27,2.558000087738037,2.558000087738037,2.390000104904175,2.4040000438690186,2.4040000438690186,1929794,yahoo
2025-01-28,2.4079999923706055,2.5,2.4079999923706055,2.48799991607666,2.48799991607666,1009559,yahoo
2025-01-29,2.5480000972747803,2.5799999237060547,2.3980000019073486,2.4079999923706055,2.4079999923706055,875691,yahoo
2025-01-30,2.4200000762939453,2.4200000762939453,2.3420000076293945,2.375999927520752,2.375999927520752,1128359,yahoo
2025-01-31,2.4000000953674316,2.640000104904175,2.4000000953674316,2.634000062942505,2.634000062942505,2126096,yahoo
2025-02-03,2.5980000495910645,2.640000104904175,2.369999885559082,2.5799999237060547,2.5799999237060547,2360062,yahoo
2025-02-04,2.75,2.818000078201294,2.2300000190734863,2.2880001068115234,2.2880001068115234,7004015,yahoo
2025-02-05,2.200000047683716,2.2079999446868896,1.9809999465942383,2.0239999294281006,2.0239999294281006,5261044,yahoo
2025-02-06,2.0320000648498535,2.068000078201294,1.996000051498413,2.049999952316284,2.049999952316284,1337618,yahoo
2025-02-07,2.0399999618530273,2.1619999408721924,2.0399999618530273,2.1040000915527344,2.1040000915527344,1190709,yahoo
2025-02-10,2.109999895095825,2.1619999408721924,2.049999952316284,2.0820000171661377,2.0820000171661377,1269216,yahoo
2025-02-11,2.0739998817443848,2.118000030517578,2.0360000133514404,2.069999933242798,2.069999933242798,1009914,yahoo
2025-02-12,2.063999891281128,2.140000104904175,2.062000036239624,2.0880000591278076,2.0880000591278076,685772,yahoo
2025-02-13,2.0899999141693115,2.1419999599456787,2.049999952316284,2.0880000591278076,2.0880000591278076,1325471,yahoo
2025-02-14,2.068000078201294,2.138000011444092,2.062000036239624,2.0899999141693115,2.0899999141693115,1118534,yahoo
2025-02-17,2.0759999752044678,2.138000011444092,1.9900000095367432,2.0199999809265137,2.0199999809265137,1828170,yahoo
2025-02-18,2.0179998874664307,2.065999984741211,1.930999994277954,2.01200008392334,2.01200008392334,2253032,yahoo
2025-02-19,1.9950000047683716,2.052000045776367,1.9329999685287476,1.975000023841858,1.975000023841858,2315011,yahoo
2025-02-20,1.9700000286102295,2.0220000743865967,1.9529999494552612,1.9620000123977661,1.9620000123977661,772334,yahoo
2025-02-21,1.9620000123977661,1.9989999532699585,1.8940000534057617,1.9259999990463257,1.9259999990463257,1956598,yahoo
2025-02-24,1.9019999504089355,1.937999963760376,1.8769999742507935,1.8980000019073486,1.8980000019073486,953013,yahoo
2025-02-25,1.8830000162124634,1.9270000457763672,1.8650000095367432,1.8760000467300415,1.8760000467300415,1062286,yahoo
2025-02-26,1.871000051498413,1.9329999685287476,1.86899995803833,1.9110000133514404,1.9110000133514404,421054,yahoo
2025-02-27,1.9199999570846558,1.9570000171661377,1.8940000534057617,1.9190000295639038,1.9190000295639038,617643,yahoo
2025-02-28,1.934000015258789,1.940999984741211,1.8980000019073486,1.9190000295639038,1.9190000295639038,792812,yahoo
2025-03-03,1.9279999732971191,1.9520000219345093,1.8899999856948853,1.9160000085830688,1.9160000085830688,841430,yahoo
2025-03-04,1.909000039100647,1.9129999876022339,1.7769999504089355,1.7799999713897705,1.7799999713897705,1484761,yahoo
2025-03-05,1.7740000486373901,1.8650000095367432,1.7740000486373901,1.8329999446868896,1.8329999446868896,1298260,yahoo
2025-03-06,1.937000036239624,1.972000002861023,1.8329999446868896,1.8480000495910645,1.8480000495910645,893993,yahoo
2025-03-07,1.8389999866485596,1.8389999866485596,1.7799999713897705,1.8220000267028809,1.8220000267028809,716510,yahoo
2025-03-10,1.809999942779541,1.8680000305175781,1.7910000085830688,1.8309999704360962,1.8309999704360962,668318,yahoo
2025-03-11,1.8309999704360962,1.8739999532699585,1.8009999990463257,1.812000036239624,1.812000036239624,399971,yahoo
2025-03-12,1.8389999866485596,1.8589999675750732,1.7990000247955322,1.8179999589920044,1.8179999589920044,528402,yahoo
2025-03-13,1.8179999589920044,1.8669999837875366,1.7999999523162842,1.8209999799728394,1.8209999799728394,269517,yahoo
2025-03-14,1.8220000267028809,1.9049999713897705,1.8209999799728394,1.9049999713897705,1.9049999713897705,483612,yahoo
2025-03-17,1.9450000524520874,1.9500000476837158,1.875,1.9160000085830688,1.9160000085830688,511255,yahoo
2025-03-18,1.899999976158142,1.9589999914169312,1.88100004196167,1.9459999799728394,1.9459999799728394,636848,yahoo
2025-03-19,1.9500000476837158,1.9600000381469727,1.909999966621399,1.9570000171661377,1.9570000171661377,340770,yahoo
2025-03-20,1.9600000381469727,2.125999927520752,1.944000005722046,2.124000072479248,2.124000072479248,2807975,yahoo
2025-03-21,2.140000104904175,2.1600000858306885,2.0739998817443848,2.1559998989105225,2.1559998989105225,1082944,yahoo
2025-03-24,2.1619999408721924,2.171999931335449,2.0920000076293945,2.1040000915527344,2.1040000915527344,698242,yahoo
2025-03-25,2.0880000591278076,2.130000114440918,2.0299999713897705,2.118000030517578,2.118000030517578,954960,yahoo
2025-03-26,2.2139999866485596,2.3459999561309814,2.0840001106262207,2.1459999084472656,2.1459999084472656,2788214,yahoo
2025-03-27,2.119999885559082,2.25,2.062000036239624,2.2019999027252197,2.2019999027252197,699413,yahoo
2025-03-28,2.2019999027252197,2.2139999866485596,2.130000114440918,2.177999973297119,2.177999973297119,387875,yahoo
2025-03-31,2.1579999923706055,2.1579999923706055,2.0840001106262207,2.1019999980926514,2.1019999980926514,321274,yahoo
2025-04-01,2.1019999980926514,2.1579999923706055,2.055999994277954,2.0899999141693115,2.0899999141693115,588977,yahoo
2025-04-02,2.069999933242798,2.131999969482422,1.9459999799728394,1.9859999418258667,1.9859999418258667,1050414,yahoo
2025-04-03,1.9700000286102295,1.9700000286102295,1.8799999952316284,1.8799999952316284,1.8799999952316284,834794,yahoo
2025-04-04,1.8819999694824219,1.937999963760376,1.7699999809265137,1.8009999990463257,1.8009999990463257,1437858,yahoo
2025-04-07,1.6410000324249268,1.7769999504089355,1.6399999856948853,1.690000057220459,1.690000057220459,1962950,yahoo
2025-04-08,1.7139999866485596,1.7999999523162842,1.690000057220459,1.7380000352859497,1.7380000352859497,621499,yahoo
2025-04-09,1.6790000200271606,1.7269999980926514,1.6360000371932983,1.6859999895095825,1.6859999895095825,761478,yahoo
2025-04-10,1.8799999952316284,1.8899999856948853,1.7610000371932983,1.7990000247955322,1.7990000247955322,1047132,yahoo
2025-04-11,1.809999942779541,1.8270000219345093,1.7430000305175781,1.8270000219345093,1.8270000219345093,529335,yahoo
2025-04-14,1.840999960899353,1.9989999532699585,1.840999960899353,1.9759999513626099,1.9759999513626099,832391,yahoo
2025-04-15,1.9900000095367432,2.0199999809265137,1.9709999561309814,2.0139999389648438,2.0139999389648438,445682,yahoo
2025-04-16,2.00600004196167,2.00600004196167,1.940000057220459,1.9600000381469727,1.9600000381469727,262757,yahoo
2025-04-17,1.9709999561309814,2.007999897003174,1.9539999961853027,2.0,2.0,163498,yahoo
2025-04-22,2.0199999809265137,2.0380001068115234,1.9839999675750732,2.0299999713897705,2.0299999713897705,345160,yahoo
2025-04-23,2.049999952316284,2.1080000400543213,2.0160000324249268,2.1040000915527344,2.1040000915527344,748783,yahoo
2025-04-24,2.0999999046325684,2.1500000953674316,2.068000078201294,2.140000104904175,2.140000104904175,495439,yahoo
2025-04-25,2.140000104904175,2.2160000801086426,2.140000104904175,2.2060000896453857,2.2060000896453857,562735,yahoo
2025-04-28,2.2079999446868896,2.25,2.1519999504089355,2.1659998893737793,2.1659998893737793,891852,yahoo
2025-04-29,2.1659998893737793,2.200000047683716,2.1080000400543213,2.1500000953674316,2.1500000953674316,731058,yahoo
2025-04-30,2.124000072479248,2.240000009536743,2.121999979019165,2.2060000896453857,2.2060000896453857,593110,yahoo
2025-05-02,2.2200000286102295,2.2260000705718994,2.1059999465942383,2.190000057220459,2.190000057220459,691185,yahoo
2025-05-05,2.190000057220459,2.190000057220459,2.0299999713897705,2.0399999618530273,2.0399999618530273,969778,yahoo
2025-05-06,2.049999952316284,2.2720000743865967,2.0299999713897705,2.200000047683716,2.200000047683716,1753980,yahoo
2025-05-07,2.802000045776367,3.009999990463257,2.553999900817871,2.697999954223633,2.697999954223633,12091116,yahoo
2025-05-08,2.697999954223633,2.7899999618530273,2.4839999675750732,2.6540000438690186,2.6540000438690186,5022321,yahoo
2025-05-09,2.6600000858306885,2.878000020980835,2.555999994277954,2.812000036239624,2.812000036239624,2807736,yahoo
2025-05-12,2.822000026702881,3.181999921798706,2.822000026702881,3.1059999465942383,3.1059999465942383,4051293,yahoo
2025-05-13,3.140000104904175,3.253999948501587,3.0220000743865967,3.171999931335449,3.171999931335449,2486181,yahoo
2025-05-14,3.1740000247955322,3.328000068664551,3.0999999046325684,3.253999948501587,3.253999948501587,1399115,yahoo
2025-05-15,3.247999906539917,3.4000000953674316,2.9700000286102295,3.115999937057495,3.115999937057495,3753233,yahoo
2025-05-16,3.1440000534057617,3.48799991607666,3.124000072479248,3.4539999961853027,3.4539999961853027,4988921,yahoo
2025-05-19,3.4719998836517334,3.5859999656677246,3.2720000743865967,3.375999927520752,3.375999927520752,3162204,yahoo
2025-05-20,3.4019999504089355,3.4679999351501465,3.299999952316284,3.3340001106262207,3.3340001106262207,1022085,yahoo
2025-05-21,3.364000082015991,3.4000000953674316,3.200000047683716,3.3399999141693115,3.3399999141693115,1770395,yahoo
2025-05-22,3.322000026702881,3.359999895095825,3.119999885559082,3.171999931335449,3.171999931335449,1509209,yahoo
2025-05-23,3.1679999828338623,3.319999933242798,3.0439999103546143,3.1080000400543213,3.1080000400543213,1417663,yahoo
2025-05-26,3.114000082015991,3.246000051498413,3.0,3.0959999561309814,3.0959999561309814,1128300,yahoo
2025-05-27,3.0980000495910645,3.3399999141693115,3.049999952316284,3.319999933242798,3.319999933242798,1363702,yahoo
2025-05-28,3.3380000591278076,3.5299999713897705,3.302000045776367,3.3299999237060547,3.3299999237060547,1399584,yahoo
2025-05-30,3.3239998817443848,3.444000005722046,3.1700000762939453,3.4159998893737793,3.4159998893737793,1599446,yahoo
2025-06-02,3.4140000343322754,3.5179998874664307,3.253999948501587,3.302000045776367,3.302000045776367,1483505,yahoo
2025-06-03,3.3480000495910645,4.0,3.315999984741211,3.930000066757202,3.930000066757202,6506461,yahoo
2025-06-04,3.9240000247955322,3.947999954223633,3.7780001163482666,3.8259999752044678,3.8259999752044678,3061694,yahoo
2025-06-05,3.8499999046325684,4.150000095367432,3.8499999046325684,4.078000068664551,4.078000068664551,3059543,yahoo
2025-06-09,4.107999801635742,4.228000164031982,3.868000030517578,3.9519999027252197,3.9519999027252197,2420051,yahoo
2025-06-10,3.9639999866485596,4.679999828338623,3.9240000247955322,4.423999786376953,4.423999786376953,7471352,yahoo
2025-06-11,4.440000057220459,4.46999979019165,4.165999889373779,4.190000057220459,4.190000057220459,2698447,yahoo
2025-06-12,4.177999973297119,4.234000205993652,4.064000129699707,4.150000095367432,4.150000095367432,1124436,yahoo
2025-06-13,4.0,4.130000114440918,3.950000047683716,4.118000030517578,4.118000030517578,2314146,yahoo
2025-06-16,4.093999862670898,4.271999835968018,4.0,4.118000030517578,4.118000030517578,1228715,yahoo
2025-06-17,4.110000133514404,4.165999889373779,3.9619998931884766,4.026000022888184,4.026000022888184,1309459,yahoo
2025-06-18,4.0279998779296875,4.078000068664551,3.869999885559082,3.9579999446868896,3.9579999446868896,2050561,yahoo
2025-06-19,3.934000015258789,3.996000051498413,3.8459999561309814,3.930000066757202,3.930000066757202,1307312,yahoo
2025-06-23,3.927999973297119,3.927999973297119,3.7320001125335693,3.8440001010894775,3.8440001010894775,1655485,yahoo
2025-06-24,3.9200000762939453,4.257999897003174,3.9200000762939453,4.065999984741211,4.065999984741211,2151811,yahoo
2025-06-25,4.076000213623047,4.372000217437744,4.076000213623047,4.357999801635742,4.357999801635742,1766987,yahoo
2025-06-26,4.360000133514404,4.388000011444092,4.23199987411499,4.296000003814697,4.296000003814697,1214620,yahoo
2025-06-27,4.300000190734863,4.665999889373779,4.254000186920166,4.611999988555908,4.611999988555908,2855250,yahoo
2025-06-30,4.673999786376953,4.849999904632568,4.599999904632568,4.811999797821045,4.811999797821045,2703654,yahoo
2025-07-01,4.8979997634887695,5.0,4.690000057220459,4.986000061035156,4.986000061035156,1834640,yahoo
2025-07-02,4.986000061035156,4.995999813079834,4.714000225067139,4.875999927520752,4.875999927520752,1486001,yahoo
2025-07-03,4.875999927520752,5.385000228881836,4.869999885559082,5.34499979019165,5.34499979019165,3684006,yahoo
2025-07-04,5.349999904632568,5.400000095367432,5.159999847412109,5.34499979019165,5.34499979019165,1968626,yahoo
2025-07-07,5.34499979019165,5.5,4.938000202178955,5.420000076293945,5.420000076293945,2959114,yahoo
2025-07-08,5.420000076293945,5.929999828338623,5.420000076293945,5.800000190734863,5.800000190734863,3050981,yahoo
2025-07-09,5.824999809265137,6.0,5.670000076293945,5.795000076293945,5.795000076293945,2998758,yahoo
2025-07-10,5.824999809265137,5.829999923706055,5.5,5.75,5.75,2166305,yahoo
2025-07-11,5.75,6.135000228881836,5.605000019073486,5.945000171661377,5.945000171661377,3414676,yahoo
2025-07-14,6.050000190734863,6.085000038146973,5.639999866485596,5.864999771118164,5.864999771118164,2091378,yahoo
2025-07-15,5.900000095367432,5.914999961853027,5.675000190734863,5.769999980926514,5.769999980926514,1341165,yahoo
2025-07-16,5.775000095367432,5.894999980926514,5.539999961853027,5.820000171661377,5.820000171661377,2039409,yahoo
2025-07-17,5.815000057220459,5.920000076293945,5.625,5.860000133514404,5.860000133514404,1845951,yahoo
2025-07-18,5.909999847412109,6.315000057220459,5.795000076293945,6.309999942779541,6.309999942779541,3572563,yahoo
2025-07-21,6.309999942779541,7.059999942779541,6.150000095367432,6.860000133514404,6.860000133514404,4251201,yahoo
2025-07-22,6.949999809265137,7.099999904632568,6.375,6.789999961853027,6.789999961853027,4649420,yahoo
2025-07-23,6.820000171661377,6.980000019073486,6.519999980926514,6.75,6.75,2342090,yahoo
2025-07-24,6.760000228881836,7.420000076293945,6.760000228881836,7.025000095367432,7.025000095367432,6845088,yahoo
2025-07-25,7.034999847412109,7.230000019073486,6.840000152587891,7.130000114440918,7.130000114440918,3525322,yahoo
2025-07-28,7.179999828338623,7.179999828338623,5.945000171661377,5.985000133514404,5.985000133514404,9051575,yahoo
2025-07-29,6.300000190734863,6.349999904632568,4.650000095367432,4.699999809265137,4.699999809265137,27327837,yahoo
2025-07-30,4.260000228881836,4.260000228881836,3.3580000400543213,3.4119999408721924,3.4119999408721924,47433909,yahoo
2025-07-31,3.5,3.8239998817443848,3.4719998836517334,3.624000072479248,3.624000072479248,20576174,yahoo
2025-08-01,3.6600000858306885,3.7360000610351562,3.440000057220459,3.4719998836517334,3.4719998836517334,8136782,yahoo
2025-08-04,3.0199999809265137,3.200000047683716,2.9040000438690186,3.0859999656677246,3.0859999656677246,19830249,yahoo
2025-08-05,3.078000068664551,3.2839999198913574,3.0759999752044678,3.190000057220459,3.190000057220459,10542703,yahoo
2025-08-06,3.2019999027252197,3.3499999046325684,3.111999988555908,3.1500000953674316,3.1500000953674316,6800649,yahoo
2025-08-07,3.1579999923706055,3.252000093460083,3.1500000953674316,3.200000047683716,3.200000047683716,2781361,yahoo
2025-08-08,3.196000099182129,3.252000093460083,2.997999906539917,3.01200008392334,3.01200008392334,6012813,yahoo
2025-08-11,3.0260000228881836,3.109999895095825,3.009999990463257,3.0460000038146973,3.0460000038146973,2529168,yahoo
2025-08-12,3.0439999103546143,3.0940001010894775,2.992000102996826,3.0139999389648438,3.0139999389648438,1356193,yahoo
2025-08-13,3.01200008392334,3.1600000858306885,3.0,3.062000036239624,3.062000036239624,1857562,yahoo
2025-08-14,3.068000078201294,3.2339999675750732,3.0299999713897705,3.115999937057495,3.115999937057495,2095398,yahoo
2025-08-15,3.140000104904175,3.1500000953674316,3.003999948501587,3.0199999809265137,3.0199999809265137,2180294,yahoo
2025-08-18,3.0299999713897705,3.1500000953674316,3.0299999713897705,3.1500000953674316,3.1500000953674316,1647918,yahoo
2025-08-19,3.171999931335449,3.440000057220459,3.140000104904175,3.319999933242798,3.319999933242798,3491688,yahoo
2025-08-20,3.3440001010894775,3.381999969482422,3.2339999675750732,3.2920000553131104,3.2920000553131104,2368324,yahoo
2025-08-21,3.2880001068115234,3.565999984741211,3.180000066757202,3.4059998989105225,3.4059998989105225,2679153,yahoo
2025-08-22,3.427999973297119,3.5420000553131104,3.3540000915527344,3.4839999675750732,3.4839999675750732,2747737,yahoo
2025-08-25,3.5280001163482666,3.5380001068115234,3.2239999771118164,3.2639999389648438,3.2639999389648438,2942298,yahoo
2025-08-26,3.2960000038146973,3.369999885559082,3.2279999256134033,3.240000009536743,3.240000009536743,1501278,yahoo
2025-08-27,3.049999952316284,3.171999931335449,2.940000057220459,3.0399999618530273,3.0399999618530273,5550038,yahoo
2025-08-28,3.0360000133514404,3.138000011444092,3.0360000133514404,3.0859999656677246,3.0859999656677246,1378663,yahoo
2025-08-29,3.069999933242798,3.1440000534057617,3.0179998874664307,3.0199999809265137,3.0199999809265137,2300225,yahoo
2025-09-01,3.0439999103546143,3.0480000972747803,2.808000087738037,2.936000108718872,2.936000108718872,4561713,yahoo
2025-09-02,2.936000108718872,3.0,2.869999885559082,2.9159998893737793,2.9159998893737793,1705500,yahoo
2025-09-03,2.944000005722046,3.0179998874664307,2.936000108718872,2.936000108718872,2.936000108718872,838824,yahoo
2025-09-04,2.9719998836517334,3.0,2.921999931335449,2.9539999961853027,2.9539999961853027,948173,yahoo
2025-09-05,2.9660000801086426,3.118000030517578,2.9660000801086426,3.058000087738037,3.058000087738037,1228827,yahoo
2025-09-08,3.059999942779541,3.1740000247955322,3.01200008392334,3.0920000076293945,3.0920000076293945,1562947,yahoo
2025-09-09,3.0899999141693115,3.196000099182129,3.0840001106262207,3.121999979019165,3.121999979019165,1748915,yahoo
2025-09-10,3.125999927520752,3.181999921798706,3.068000078201294,3.0980000495910645,3.0980000495910645,1886624,yahoo
2025-09-11,3.111999988555908,3.197999954223633,3.052000045776367,3.072000026702881,3.072000026702881,1803177,yahoo
2025-09-12,3.072000026702881,3.134000062942505,3.0299999713897705,3.053999900817871,3.053999900817871,1251795,yahoo
2025-09-15,3.059999942779541,3.063999891281128,2.9779999256134033,3.0,3.0,1319234,yahoo
2025-09-16,3.0,3.0460000038146973,2.9800000190734863,2.9800000190734863,2.9800000190734863,803248,yahoo
2025-09-17,2.9719998836517334,3.880000114440918,2.9519999027252197,3.572000026702881,3.572000026702881,17934261,yahoo
2025-09-18,3.5899999141693115,3.614000082015991,3.319999933242798,3.568000078201294,3.568000078201294,5172592,yahoo
2025-09-19,3.568000078201294,3.8259999752044678,3.563999891281128,3.759999990463257,3.759999990463257,2436450,yahoo
2025-09-22,3.759999990463257,3.759999990463257,3.5799999237060547,3.619999885559082,3.619999885559082,1470990,yahoo
2025-09-23,3.5999999046325684,3.75,3.562000036239624,3.6540000438690186,3.6540000438690186,1138795,yahoo
2025-09-24,3.630000114440918,3.7200000286102295,3.553999900817871,3.611999988555908,3.611999988555908,1083336,yahoo
2025-09-25,3.565999984741211,3.7360000610351562,3.5320000648498535,3.5880000591278076,3.5880000591278076,1477341,yahoo
2025-09-26,3.5,3.619999885559082,3.4800000190734863,3.5260000228881836,3.5260000228881836,1421381,yahoo
2025-09-29,3.5260000228881836,3.5880000591278076,3.3440001010894775,3.369999885559082,3.369999885559082,1350801,yahoo
2025-09-30,3.3559999465942383,3.490000009536743,3.3359999656677246,3.4000000953674316,3.4000000953674316,1105806,yahoo
2025-10-01,3.4000000953674316,3.5380001068115234,3.319999933242798,3.380000114440918,3.380000114440918,1211574,yahoo
2025-10-02,3.361999988555908,3.700000047683716,3.309999942779541,3.319999933242798,3.319999933242798,3487457,yahoo
2025-10-03,3.3440001010894775,3.5439999103546143,3.3420000076293945,3.4860000610351562,3.4860000610351562,2005827,yahoo
2025-10-06,3.49399995803833,3.686000108718872,3.446000099182129,3.6040000915527344,3.6040000915527344,1844161,yahoo
2025-10-07,3.628000020980835,3.635999917984009,3.4579999446868896,3.5380001068115234,3.5380001068115234,813286,yahoo
2025-10-08,3.5399999618530273,3.5859999656677246,3.450000047683716,3.503999948501587,3.503999948501587,843317,yahoo
2025-10-09,3.503999948501587,3.5439999103546143,3.359999895095825,3.381999969482422,3.381999969482422,1203032,yahoo
2025-10-10,3.381999969482422,3.496000051498413,3.3499999046325684,3.4159998893737793,3.4159998893737793,1066344,yahoo
2025-10-13,3.390000104904175,3.390000104904175,3.2219998836517334,3.259999990463257,3.259999990463257,1082824,yahoo
2025-10-14,3.2679998874664307,3.3440001010894775,3.181999921798706,3.2820000648498535,3.2820000648498535,939320,yahoo
2025-10-15,3.25,3.328000068664551,3.240000009536743,3.240000009536743,3.240000009536743,508883,yahoo
2025-10-16,3.259999990463257,3.318000078201294,3.2300000190734863,3.247999906539917,3.247999906539917,542633,yahoo
2025-10-17,3.247999906539917,3.247999906539917,3.0999999046325684,3.130000114440918,3.130000114440918,968806,yahoo
2025-10-20,3.1480000019073486,3.2200000286102295,3.1480000019073486,3.184000015258789,3.184000015258789,529661,yahoo
2025-10-21,3.177999973297119,3.4100000858306885,3.177999973297119,3.365999937057495,3.365999937057495,1422991,yahoo
2025-10-22,3.375999927520752,3.5160000324249268,3.3299999237060547,3.388000011444092,3.388000011444092,1815280,yahoo
2025-10-23,3.446000099182129,3.5,3.240000009536743,3.240000009536743,3.240000009536743,1407800,yahoo
2025-10-24,2.299999952316284,2.5,1.7000000476837158,1.7450000047683716,1.7450000047683716,29629913,yahoo
2025-10-27,1.746999979019165,1.7899999618530273,1.5829999446868896,1.6119999885559082,1.6119999885559082,8151549,yahoo
2025-10-28,1.6549999713897705,1.7699999809265137,1.652999997138977,1.7000000476837158,1.7000000476837158,3268931,yahoo
2025-10-29,1.7009999752044678,1.8309999704360962,1.649999976158142,1.7799999713897705,1.7799999713897705,3949086,yahoo
2025-10-30,1.8020000457763672,1.850000023841858,1.690999984741211,1.694000005722046,1.694000005722046,1879250,yahoo
2025-10-31,1.7070000171661377,1.7580000162124634,1.6950000524520874,1.7569999694824219,1.7569999694824219,961487,yahoo
2025-11-03,1.7400000095367432,1.850000023841858,1.7009999752044678,1.7109999656677246,1.7109999656677246,1552612,yahoo
2025-11-04,1.7120000123977661,1.722000002861023,1.6579999923706055,1.6749999523162842,1.6749999523162842,1244251,yahoo
2025-11-05,1.6720000505447388,1.850000023841858,1.6510000228881836,1.680999994277954,1.680999994277954,2299556,yahoo
2025-11-06,1.694000005722046,1.75,1.5700000524520874,1.600000023841858,1.600000023841858,2279940,yahoo
2025-11-07,1.5809999704360962,1.6160000562667847,1.534999966621399,1.5399999618530273,1.5399999618530273,1598162,yahoo
2025-11-10,1.5449999570846558,1.649999976158142,1.5449999570846558,1.5880000591278076,1.5880000591278076,1769735,yahoo
2025-11-11,1.5859999656677246,1.61899995803833,1.5379999876022339,1.565999984741211,1.565999984741211,1636717,yahoo
2025-11-12,1.5779999494552612,1.5980000495910645,1.5379999876022339,1.5759999752044678,1.5759999752044678,694578,yahoo
2025-11-13,1.5729999542236328,1.5959999561309814,1.5099999904632568,1.5110000371932983,1.5110000371932983,944818,yahoo
2025-11-14,1.5130000114440918,1.5470000505447388,1.465999960899353,1.4670000076293945,1.4670000076293945,1099740,yahoo
2025-11-17,1.4700000286102295,1.534999966621399,1.4600000381469727,1.4850000143051147,1.4850000143051147,1143301,yahoo
2025-11-18,1.4850000143051147,1.4850000143051147,1.406000018119812,1.4210000038146973,1.4210000038146973,1163881,yahoo
2025-11-19,1.430999994277954,1.475000023841858,1.4079999923706055,1.4220000505447388,1.4220000505447388,530162,yahoo
2025-11-20,1.4290000200271606,1.5190000534057617,1.4290000200271606,1.468000054359436,1.468000054359436,945924,yahoo
2025-11-21,1.4709999561309814,1.5,1.4190000295639038,1.4329999685287476,1.4329999685287476,656610,yahoo
2025-11-24,1.4539999961853027,1.5099999904632568,1.4199999570846558,1.5019999742507935,1.5019999742507935,632655,yahoo
2025-11-25,1.5010000467300415,1.559999942779541,1.4800000190734863,1.50600004196167,1.50600004196167,951546,yahoo
2025-11-26,1.5199999809265137,1.6200000047683716,1.5199999809265137,1.5839999914169312,1.5839999914169312,764789,yahoo
2025-11-27,1.600000023841858,1.75,1.600000023841858,1.6740000247955322,1.6740000247955322,2019608,yahoo
2025-11-28,1.690999984741211,1.7209999561309814,1.6330000162124634,1.7120000123977661,1.7120000123977661,1308489,yahoo
2025-12-01,1.7200000286102295,1.7200000286102295,1.5679999589920044,1.5679999589920044,1.5679999589920044,1899374,yahoo
2025-12-02,1.5980000495910645,1.5980000495910645,1.5379999876022339,1.5759999752044678,1.5759999752044678,517670,yahoo
2025-12-03,1.5700000524520874,1.5920000076293945,1.5099999904632568,1.5099999904632568,1.5099999904632568,1049562,yahoo
2025-12-04,1.5160000324249268,1.5219999551773071,1.4500000476837158,1.4900000095367432,1.4900000095367432,1586989,yahoo
2025-12-05,1.4910000562667847,1.6399999856948853,1.4769999980926514,1.555999994277954,1.555999994277954,2544783,yahoo
2025-12-08,1.559999942779541,1.6269999742507935,1.50600004196167,1.524999976158142,1.524999976158142,2014753,yahoo
2025-12-09,1.5399999618530273,1.565000057220459,1.5,1.5329999923706055,1.5329999923706055,535734,yahoo
2025-12-10,1.565000057220459,1.6200000047683716,1.5140000581741333,1.6100000143051147,1.6100000143051147,2146504,yahoo
2025-12-11,1.6100000143051147,1.649999976158142,1.5829999446868896,1.6019999980926514,1.6019999980926514,1408992,yahoo
2025-12-12,1.6139999628067017,1.6440000534057617,1.5410000085830688,1.5410000085830688,1.5410000085830688,1017269,yahoo
2025-12-15,1.8220000267028809,2.078000068664551,1.7920000553131104,1.9040000438690186,1.9040000438690186,12646136,yahoo
2025-12-16,2.0739998817443848,2.25,1.8700000047683716,2.2200000286102295,2.2200000286102295,8657118,yahoo
2025-12-17,2.247999906539917,2.558000087738037,2.186000108718872,2.25600004196167,2.25600004196167,12691424,yahoo
2025-12-18,2.25,2.3380000591278076,2.0899999141693115,2.187999963760376,2.187999963760376,7502591,yahoo
2025-12-19,2.200000047683716,2.2899999618530273,2.1040000915527344,2.130000114440918,2.130000114440918,4042119,yahoo
2025-12-22,2.140000104904175,2.2939999103546143,2.0999999046325684,2.259999990463257,2.259999990463257,2716013,yahoo
2025-12-23,2.299999952316284,2.4200000762939453,2.1760001182556152,2.299999952316284,2.299999952316284,4005104,yahoo
2025-12-29,2.3499999046325684,2.390000104904175,2.1419999599456787,2.1419999599456787,2.1419999599456787,3430288,yahoo
2025-12-30,2.1480000019073486,2.181999921798706,2.111999988555908,2.1600000858306885,2.1600000858306885,2479406,yahoo
2026-01-02,2.190000057220459,2.2920000553131104,2.1700000762939453,2.2660000324249268,2.2660000324249268,1652802,yahoo
2026-01-05,2.2880001068115234,2.384000062942505,2.194000005722046,2.200000047683716,2.200000047683716,1227783,yahoo
2026-01-07,2.200000047683716,2.2260000705718994,2.0360000133514404,2.0360000133514404,2.0360000133514404,3286653,yahoo
2026-01-08,2.0339999198913574,2.0360000133514404,1.8630000352859497,2.003999948501587,2.003999948501587,4596375,yahoo
2026-01-09,2.0,2.0260000228881836,1.9110000133514404,1.9900000095367432,1.9900000095367432,1530661,yahoo
2026-01-12,1.9880000352859497,2.007999897003174,1.909999966621399,1.9220000505447388,1.9220000505447388,1115702,yahoo
2026-01-13,1.9210000038146973,1.9809999465942383,1.8799999952316284,1.9570000171661377,1.9570000171661377,1050925,yahoo
2026-01-14,1.9700000286102295,2.0299999713897705,1.9329999685287476,1.9789999723434448,1.9789999723434448,788189,yahoo
2026-01-15,1.975000023841858,2.003999948501587,1.930999994277954,1.9500000476837158,1.9500000476837158,786988,yahoo
2026-01-16,1.9520000219345093,2.058000087738037,1.937999963760376,2.055999994277954,2.055999994277954,1834850,yahoo
2026-01-19,1.9980000257492065,2.0239999294281006,1.899999976158142,1.9600000381469727,1.9600000381469727,923280,yahoo
2026-01-20,1.9500000476837158,1.9800000190734863,1.899999976158142,1.9780000448226929,1.9780000448226929,834515,yahoo
2026-01-21,1.9780000448226929,1.9780000448226929,1.871999979019165,1.8880000114440918,1.8880000114440918,1109534,yahoo
2026-01-22,1.9010000228881836,2.0380001068115234,1.9010000228881836,2.0220000743865967,2.0220000743865967,2000548,yahoo
2026-01-23,2.01200008392334,2.063999891281128,1.9709999561309814,2.009999990463257,2.009999990463257,1547044,yahoo
2026-01-26,2.0199999809265137,2.0959999561309814,1.9919999837875366,2.0820000171661377,2.0820000171661377,1008291,yahoo
2026-01-27,2.0859999656677246,2.1500000953674316,2.068000078201294,2.068000078201294,2.068000078201294,1096431,yahoo
2026-01-28,2.0799999237060547,2.111999988555908,2.0320000648498535,2.111999988555908,2.111999988555908,936588,yahoo
2026-01-29,2.111999988555908,2.130000114440918,2.0280001163482666,2.1019999980926514,2.1019999980926514,1147903,yahoo
2026-01-30,2.0899999141693115,2.1419999599456787,1.9980000257492065,1.9980000257492065,1.9980000257492065,1220675,yahoo
2026-02-02,1.9889999628067017,2.0799999237060547,1.9639999866485596,2.052000045776367,2.052000045776367,740288,yahoo
2026-02-03,2.055999994277954,2.1500000953674316,1.9600000381469727,2.072000026702881,2.072000026702881,1738056,yahoo
2026-02-04,1.5,1.5490000247955322,1.2999999523162842,1.4500000476837158,1.4500000476837158,11918255,yahoo
2026-02-05,1.4850000143051147,1.4900000095367432,1.3899999856948853,1.406000018119812,1.406000018119812,2898664,yahoo
2026-02-06,1.4149999618530273,1.5260000228881836,1.4149999618530273,1.4700000286102295,1.4700000286102295,1873541,yahoo
2026-02-09,1.4839999675750732,1.5290000438690186,1.4520000219345093,1.468999981880188,1.468999981880188,1013922,yahoo
2026-02-10,1.465000033378601,1.5299999713897705,1.4620000123977661,1.4989999532699585,1.4989999532699585,1005839,yahoo
2026-02-11,1.5,1.7879999876022339,1.4759999513626099,1.6059999465942383,1.6059999465942383,4291693,yahoo
2026-02-12,1.5980000495910645,1.6109999418258667,1.5010000467300415,1.5010000467300415,1.5010000467300415,1676000,yahoo
2026-02-13,1.5010000467300415,1.5750000476837158,1.5010000467300415,1.5369999408721924,1.5369999408721924,1097437,yahoo
2026-02-16,1.531999945640564,1.5549999475479126,1.5010000467300415,1.5110000371932983,1.5110000371932983,648355,yahoo
2026-02-17,1.5149999856948853,1.5440000295639038,1.4859999418258667,1.4880000352859497,1.4880000352859497,841839,yahoo
2026-02-18,1.5199999809265137,1.5390000343322754,1.4819999933242798,1.5160000324249268,1.5160000324249268,734518,yahoo
2026-02-19,1.5199999809265137,1.5479999780654907,1.4700000286102295,1.4700000286102295,1.4700000286102295,741101,yahoo
2026-02-20,1.4600000381469727,1.5329999923706055,1.4600000381469727,1.496999979019165,1.496999979019165,674581,yahoo
2026-02-23,1.531000018119812,1.6089999675750732,1.5010000467300415,1.5549999475479126,1.5549999475479126,1464411,yahoo
2026-02-24,1.559999942779541,1.559999942779541,1.4830000400543213,1.5099999904632568,1.5099999904632568,1320460,yahoo
2026-02-25,1.5199999809265137,1.600000023841858,1.5199999809265137,1.5800000429153442,1.5800000429153442,1357872,yahoo
2026-02-26,1.600000023841858,1.6449999809265137,1.5429999828338623,1.6299999952316284,1.6299999952316284,701448,yahoo
2026-02-27,1.6390000581741333,1.7109999656677246,1.6160000562667847,1.6749999523162842,1.6749999523162842,933057,yahoo
2026-03-02,1.6299999952316284,1.6339999437332153,1.562999963760376,1.6030000448226929,1.6030000448226929,1162625,yahoo
2026-03-03,1.562999963760376,1.562999963760376,1.496999979019165,1.5069999694824219,1.5069999694824219,973366,yahoo
2026-03-04,1.4900000095367432,1.5460000038146973,1.4900000095367432,1.5160000324249268,1.5160000324249268,1521959,yahoo
2026-03-05,1.534999966621399,1.5920000076293945,1.5099999904632568,1.5670000314712524,1.5670000314712524,910812,yahoo
2026-03-06,1.569000005722046,1.746000051498413,1.562999963760376,1.6679999828338623,1.6679999828338623,2806401,yahoo
2026-03-09,1.649999976158142,1.659999966621399,1.5880000591278076,1.6160000562667847,1.6160000562667847,1079182,yahoo
2026-03-10,1.659999966621399,1.690000057220459,1.5889999866485596,1.5889999866485596,1.5889999866485596,1083785,yahoo
2026-03-11,1.6050000190734863,1.6160000562667847,1.5570000410079956,1.5829999446868896,1.5829999446868896,604238,yahoo
2026-03-12,1.5850000381469727,1.5859999656677246,1.5390000343322754,1.5750000476837158,1.5750000476837158,395836,yahoo
2026-03-13,1.600000023841858,1.8960000276565552,1.5859999656677246,1.8359999656677246,1.8359999656677246,3577957,yahoo
2026-03-16,1.840000033378601,2.0899999141693115,1.840000033378601,2.0299999713897705,2.0299999713897705,2652874,yahoo
2026-03-17,2.059999942779541,2.257999897003174,1.9500000476837158,1.9759999513626099,1.9759999513626099,2964038,yahoo
2026-03-18,1.9500000476837158,1.9500000476837158,1.805999994277954,1.9040000438690186,1.9040000438690186,2105535,yahoo
2026-03-19,1.8630000352859497,1.899999976158142,1.7339999675750732,1.75600004196167,1.75600004196167,2356417,yahoo
2026-03-20,1.7649999856948853,1.809000015258789,1.6950000524520874,1.6959999799728394,1.6959999799728394,930754,yahoo
2026-03-23,1.649999976158142,1.7970000505447388,1.6239999532699585,1.75600004196167,1.75600004196167,1360499,yahoo
2026-03-24,1.75600004196167,1.8220000267028809,1.7239999771118164,1.7619999647140503,1.7619999647140503,1295954,yahoo
2026-03-25,1.8049999475479126,1.9359999895095825,1.7999999523162842,1.8700000047683716,1.8700000047683716,1251528,yahoo
2026-03-26,1.878999948501587,1.9249999523162842,1.7999999523162842,1.8209999799728394,1.8209999799728394,1147298,yahoo
2026-03-27,1.8489999771118164,1.8569999933242798,1.7660000324249268,1.7860000133514404,1.7860000133514404,739884,yahoo
2026-03-30,1.781999945640564,1.781999945640564,1.7100000381469727,1.7610000371932983,1.7610000371932983,934048,yahoo
2026-03-31,1.746000051498413,1.8600000143051147,1.7359999418258667,1.8380000591278076,1.8380000591278076,647320,yahoo
2026-04-01,1.8600000143051147,1.9500000476837158,1.8530000448226929,1.9359999895095825,1.9359999895095825,1286482,yahoo
2026-04-02,1.9229999780654907,1.9229999780654907,1.878000020980835,1.9079999923706055,1.9079999923706055,244971,yahoo
2026-04-07,1.9079999923706055,1.9429999589920044,1.7999999523162842,1.8040000200271606,1.8040000200271606,1342312,yahoo
2026-04-08,1.840000033378601,2.0,1.840000033378601,1.8919999599456787,1.8919999599456787,2126190,yahoo
2026-04-09,1.9149999618530273,1.9989999532699585,1.850000023841858,1.850000023841858,1.850000023841858,950958,yahoo
2026-04-10,1.8769999742507935,1.9140000343322754,1.8040000200271606,1.8040000200271606,1.8040000200271606,764099,yahoo
2026-04-13,1.8250000476837158,1.8830000162124634,1.7760000228881836,1.8680000305175781,1.8680000305175781,423229,yahoo
2026-04-14,1.8680000305175781,1.9299999475479126,1.8459999561309814,1.8910000324249268,1.8910000324249268,964269,yahoo
2026-04-15,1.9010000228881836,1.9889999628067017,1.8969999551773071,1.9079999923706055,1.9079999923706055,1902389,yahoo
2026-04-16,1.9019999504089355,2.1480000019073486,1.9019999504089355,2.140000104904175,2.140000104904175,2685377,yahoo
2026-04-17,2.131999969482422,2.309999942779541,2.1059999465942383,2.2820000648498535,2.2820000648498535,3570846,yahoo
2026-04-20,2.2639999389648438,2.319999933242798,2.1419999599456787,2.1500000953674316,2.1500000953674316,2334417,yahoo
2026-04-21,2.1679999828338623,2.2339999675750732,2.118000030517578,2.128000020980835,2.128000020980835,939839,yahoo
2026-04-22,2.1640000343322754,2.240000009536743,2.1519999504089355,2.180000066757202,2.180000066757202,907549,yahoo
2026-04-23,2.200000047683716,2.2179999351501465,2.115999937057495,2.138000011444092,2.138000011444092,693064,yahoo
2026-04-24,2.140000104904175,2.1600000858306885,2.0799999237060547,2.109999895095825,2.109999895095825,746877,yahoo
2026-04-27,2.0999999046325684,2.2360000610351562,2.0920000076293945,2.187999963760376,2.187999963760376,925600,yahoo
2026-04-28,2.200000047683716,2.2219998836517334,2.1500000953674316,2.184000015258789,2.184000015258789,601642,yahoo
2026-04-29,2.196000099182129,2.2039999961853027,2.1080000400543213,2.1080000400543213,2.1080000400543213,439547,yahoo
2026-04-30,2.121999979019165,2.1659998893737793,2.0799999237060547,2.0799999237060547,2.0799999237060547,393248,yahoo
2026-05-04,2.0799999237060547,2.1640000343322754,1.937000036239624,1.9500000476837158,1.9500000476837158,1514420,yahoo
2026-05-05,1.9520000219345093,2.059999942779541,1.940000057220459,1.996000051498413,1.996000051498413,1034600,yahoo
2026-05-06,1.934999942779541,2.444000005722046,1.8329999446868896,2.421999931335449,2.421999931335449,7906281,yahoo
2026-05-07,2.421999931335449,2.7260000705718994,2.4159998893737793,2.6080000400543213,2.6080000400543213,5512848,yahoo
2026-05-08,2.6640000343322754,2.9600000381469727,2.5260000228881836,2.568000078201294,2.568000078201294,5589553,yahoo
2026-05-11,2.572000026702881,2.7300000190734863,2.509999990463257,2.5339999198913574,2.5339999198913574,1894298,yahoo
2026-05-12,2.5199999809265137,2.5999999046325684,2.4019999504089355,2.4240000247955322,2.4240000247955322,1618832,yahoo
2026-05-13,2.436000108718872,2.559999942779541,2.4260001182556152,2.5220000743865967,2.5220000743865967,1007907,yahoo
2026-05-15,2.5360000133514404,2.680000066757202,2.446000099182129,2.4560000896453857,2.4560000896453857,959558,yahoo
2026-05-18,2.450000047683716,2.8340001106262207,2.4260001182556152,2.6540000438690186,2.6540000438690186,3170419,yahoo
2026-05-19,2.6540000438690186,2.740000009536743,2.552000045776367,2.552000045776367,2.552000045776367,1815609,yahoo
2026-05-20,2.6019999980926514,2.7339999675750732,2.50600004196167,2.5799999237060547,2.5799999237060547,967179,yahoo
2026-05-21,2.5940001010894775,2.73799991607666,2.5799999237060547,2.618000030517578,2.618000030517578,1027555,yahoo
2026-05-22,2.625999927520752,2.921999931335449,2.625999927520752,2.740000009536743,2.740000009536743,2529778,yahoo
2026-05-25,2.757999897003174,2.878000020980835,2.624000072479248,2.691999912261963,2.691999912261963,1703073,yahoo
2026-05-26,2.690000057220459,3.0999999046325684,2.640000104904175,2.946000099182129,2.946000099182129,5083100,yahoo
2026-05-27,2.9860000610351562,3.135999917984009,2.950000047683716,2.950000047683716,2.950000047683716,3471374,yahoo
2026-05-28,3.007999897003174,3.1500000953674316,2.9240000247955322,3.0999999046325684,3.0999999046325684,1289991,yahoo
2026-05-29,3.0999999046325684,3.2100000381469727,2.9860000610351562,3.0799999237060547,3.0799999237060547,4530062,yahoo
2026-06-01,3.119999885559082,3.184000015258789,2.9000000953674316,2.9539999961853027,2.9539999961853027,2125978,yahoo
2026-06-02,2.936000108718872,3.4000000953674316,2.8559999465942383,3.2160000801086426,3.2160000801086426,3727976,yahoo
2026-06-03,3.259999990463257,3.3499999046325684,2.799999952316284,2.881999969482422,2.881999969482422,4782135,yahoo
2026-06-04,2.859999895095825,3.055999994277954,2.7200000286102295,2.9820001125335693,2.9820001125335693,3129138,yahoo
2026-06-05,3.0399999618530273,3.065999984741211,2.7880001068115234,2.803999900817871,2.803999900817871,1459216,yahoo
2026-06-08,2.7799999713897705,2.880000114440918,2.5840001106262207,2.865999937057495,2.865999937057495,3269649,yahoo
2026-06-09,2.9200000762939453,2.9200000762939453,2.4619998931884766,2.4619998931884766,2.4619998931884766,3117951,yahoo
2026-06-10,2.4820001125335693,2.5260000228881836,2.2860000133514404,2.302000045776367,2.302000045776367,1938310,yahoo
2026-06-11,2.302000045776367,2.3299999237060547,2.2200000286102295,2.247999906539917,2.247999906539917,950701,yahoo
2026-06-12,2.359999895095825,2.374000072479248,2.2260000705718994,2.308000087738037,2.308000087738037,1446525,yahoo
2026-06-15,2.309999942779541,2.4700000286102295,2.25600004196167,2.25600004196167,2.25600004196167,1000335,yahoo
2026-06-16,2.257999897003174,2.318000078201294,2.0959999561309814,2.0959999561309814,2.0959999561309814,1504703,yahoo
2026-06-17,2.125999927520752,2.1619999408721924,1.902999997138977,1.9600000381469727,1.9600000381469727,3772484,yahoo
2026-06-18,1.9800000190734863,2.115999937057495,1.9529999494552612,1.968999981880188,1.968999981880188,2106599,yahoo
2026-06-22,1.9900000095367432,2.009999990463257,1.9279999732971191,1.9759999513626099,1.9759999513626099,1721596,yahoo
2026-06-23,1.9700000286102295,1.975000023841858,1.9010000228881836,1.9210000038146973,1.9210000038146973,1047426,yahoo
2026-06-24,1.9199999570846558,1.937999963760376,1.8630000352859497,1.8769999742507935,1.8769999742507935,1532270,yahoo
2026-06-25,1.9889999628067017,1.9889999628067017,1.8639999628067017,1.9320000410079956,1.9320000410079956,1385428,yahoo
2026-06-26,1.9210000038146973,1.9700000286102295,1.8799999952316284,1.8799999952316284,1.8799999952316284,888636,yahoo
2026-06-29,1.8799999952316284,1.9429999589920044,1.812000036239624,1.8300000429153442,1.8300000429153442,834299,yahoo
2026-06-30,1.8300000429153442,1.8849999904632568,1.8209999799728394,1.8630000352859497,1.8630000352859497,746567,yahoo
2026-07-01,1.8359999656677246,1.878000020980835,1.8079999685287476,1.8270000219345093,1.8270000219345093,876327,yahoo
2026-07-02,1.8200000524520874,1.9589999914169312,1.8049999475479126,1.9210000038146973,1.9210000038146973,1443848,yahoo
2026-07-03,1.9199999570846558,1.9989999532699585,1.9110000133514404,1.9450000524520874,1.9450000524520874,751759,yahoo
2026-07-06,1.9210000038146973,1.944000005722046,1.8600000143051147,1.8760000467300415,1.8760000467300415,515123,yahoo
2026-07-07,1.8730000257492065,1.9259999990463257,1.8530000448226929,1.8639999628067017,1.8639999628067017,565125,yahoo
2026-07-08,1.86899995803833,1.86899995803833,1.75,1.805999994277954,1.805999994277954,1288903,yahoo
2026-07-09,1.8029999732971191,1.8040000200271606,1.628999948501587,1.6759999990463257,1.6759999990463257,3580964,yahoo
2026-07-10,1.6890000104904175,1.74399995803833,1.600000023841858,1.649999976158142,1.649999976158142,1962734,yahoo
2026-07-13,1.684000015258789,1.684000015258789,1.6260000467300415,1.6460000276565552,1.6460000276565552,1366766,yahoo
2026-07-14,1.6399999856948853,1.6779999732971191,1.590999960899353,1.6200000047683716,1.6200000047683716,1325163,yahoo
2026-07-15,1.6299999952316284,1.6480000019073486,1.5820000171661377,1.6069999933242798,1.6069999933242798,939803,yahoo
2026-07-16,1.590000033378601,1.649999976158142,1.5759999752044678,1.6030000448226929,1.6030000448226929,1057642,yahoo
2026-07-17,1.6369999647140503,1.6740000247955322,1.5609999895095825,1.593999981880188,1.593999981880188,1990254,yahoo
2026-07-20,1.600000023841858,1.600000023841858,1.524999976158142,1.5360000133514404,1.5360000133514404,912344,yahoo
2026-07-21,1.5360000133514404,1.628999948501587,1.5360000133514404,1.6169999837875366,1.6169999837875366,1463593,yahoo
2026-07-22,1.600000023841858,1.6979999542236328,1.5800000429153442,1.6699999570846558,1.6699999570846558,1504400,yahoo
2026-07-23,1.6339999437332153,1.6920000314712524,1.6089999675750732,1.6330000162124634,1.6330000162124634,917592,yahoo
2026-07-24,1.6469999551773071,1.6699999570846558,1.5989999771118164,1.649999976158142,1.649999976158142,786539,yahoo
2026-07-27,1.6410000324249268,1.7200000286102295,1.6239999532699585,1.7000000476837158,1.7000000476837158,1093054,yahoo
2026-07-28,1.6820000410079956,1.7079999446868896,1.6339999437332153,1.7079999446868896,1.7079999446868896,794056,yahoo
2026-07-29,1.715000033378601,1.7929999828338623,1.6799999475479126,1.725000023841858,1.725000023841858,1677198,yahoo
2026-07-30,1.7339999675750732,1.7339999675750732,1.6519999504089355,1.7020000219345093,1.7020000219345093,881850,yahoo
2026-07-31,1.7020000219345093,1.7369999885559082,1.6699999570846558,1.6790000200271606,1.6790000200271606,610380,yahoo
2026-08-03,1.7009999752044678,1.7309999465942383,1.652999997138977,1.6579999923706055,1.6579999923706055,636528,yahoo
2026-08-04,1.6579999923706055,1.718999981880188,1.649999976158142,1.6890000104904175,1.6890000104904175,765323,yahoo
2026-08-05,1.6679999828338623,1.7489999532699585,1.6649999618530273,1.7489999532699585,1.7489999532699585,1054598,yahoo
2026-08-06,1.7450000047683716,1.746000051498413,1.6970000267028809,1.718000054359436,1.718000054359436,796881,yahoo
2026-08-07,1.7170000076293945,1.753000020980835,1.687000036239624,1.7100000381469727,1.7100000381469727,648561,yahoo
2026-08-10,1.7000000476837158,1.7860000133514404,1.6740000247955322,1.7569999694824219,1.7569999694824219,833945,yahoo
2026-08-11,1.7829999923706055,1.8619999885559082,1.715999960899353,1.8359999656677246,1.8359999656677246,2537957,yahoo
2026-08-12,1.847000002861023,1.8489999771118164,1.781000018119812,1.7879999876022339,1.7879999876022339,457371,yahoo
2026-08-13,1.7999999523162842,1.940000057220459,1.7899999618530273,1.7990000247955322,1.7990000247955322,1861127,yahoo
2026-08-14,1.7970000505447388,1.8600000143051147,1.753000020980835,1.843999981880188,1.843999981880188,665826,yahoo
2026-08-17,1.843999981880188,1.8890000581741333,1.812000036239624,1.8329999446868896,1.8329999446868896,495705,yahoo
2026-08-18,1.8600000143051147,1.8600000143051147,1.7259999513626099,1.7309999465942383,1.7309999465942383,1787237,yahoo
2026-08-19,1.7599999904632568,1.8200000524520874,1.6549999713897705,1.7949999570846558,1.7949999570846558,1180691,yahoo
2026-08-20,1.7860000133514404,1.8300000429153442,1.7419999837875366,1.8300000429153442,1.8300000429153442,757422,yahoo
2026-08-21,1.8250000476837158,1.840000033378601,1.7699999809265137,1.781999945640564,1.781999945640564,858583,yahoo
2026-08-24,1.7719999551773071,1.7799999713897705,1.6490000486373901,1.6929999589920044,1.6929999589920044,1720651,yahoo
2026-08-25,1.7000000476837158,1.7289999723434448,1.649999976158142,1.6549999713897705,1.6549999713897705,2037551,yahoo
2026-08-26,1.6699999570846558,1.6799999475479126,1.6130000352859497,1.649999976158142,1.649999976158142,1241080,yahoo
2026-08-27,1.6740000247955322,1.6790000200271606,1.590999960899353,1.6100000143051147,1.6100000143051147,1766832,yahoo
2026-08-28,1.4170000553131104,1.4390000104904175,1.2000000476837158,1.2799999713897705,1.2799999713897705,9666647,yahoo
2026-08-31,1.2999999523162842,1.3229999542236328,1.215000033378601,1.215000033378601,1.215000033378601,3059539,yahoo
2026-09-01,1.2109999656677246,1.215000033378601,1.1139999628067017,1.1139999628067017,1.1139999628067017,3674384,yahoo
2026-09-02,1.1139999628067017,1.1399999856948853,1.0809999704360962,1.1019999980926514,1.1019999980926514,1631246,yahoo
2026-09-03,1.1050000190734863,1.149999976158142,1.0499999523162842,1.0800000429153442,1.0800000429153442,2243702,yahoo
2026-09-04,1.0800000429153442,1.1080000400543213,1.0670000314712524,1.0740000009536743,1.0740000009536743,1648481,yahoo
2026-09-07,1.0750000476837158,1.1139999628067017,1.0700000524520874,1.0700000524520874,1.0700000524520874,747725,yahoo
2026-09-08,1.093000054359436,1.100000023841858,1.065000057220459,1.0759999752044678,1.0759999752044678,1094210,yahoo
2026-09-09,1.0829999446868896,1.0989999771118164,1.069000005722046,1.0800000429153442,1.0800000429153442,927359,yahoo
2026-09-10,1.0809999704360962,1.25,1.0809999704360962,1.2070000171661377,1.2070000171661377,3821814,yahoo
2026-09-11,1.2200000286102295,1.2200000286102295,1.0800000429153442,1.0800000429153442,1.0800000429153442,2655355,yahoo
2026-09-14,1.0800000429153442,1.0989999771118164,1.0509999990463257,1.0540000200271606,1.0540000200271606,1806421,yahoo
2026-09-15,1.0540000200271606,1.0889999866485596,1.0499999523162842,1.0499999523162842,1.0499999523162842,427917,yahoo
2026-09-16,1.0529999732971191,1.0759999752044678,1.0449999570846558,1.0490000247955322,1.0490000247955322,610190,yahoo
2026-09-17,1.0499999523162842,1.090000033378601,1.0329999923706055,1.0700000524520874,1.0700000524520874,1067574,yahoo
2026-09-18,1.0709999799728394,1.0759999752044678,1.0360000133514404,1.0360000133514404,1.0360000133514404,786936,yahoo
2026-09-21,1.0410000085830688,1.0800000429153442,1.0399999618530273,1.055999994277954,1.055999994277954,538627,yahoo
2026-09-22,1.059000015258789,1.0700000524520874,1.0449999570846558,1.0490000247955322,1.0490000247955322,389466,yahoo
2026-09-23,1.0520000457763672,1.0679999589920044,1.0329999923706055,1.0329999923706055,1.0329999923706055,731795,yahoo
2026-09-24,1.034999966621399,1.100000023841858,1.0080000162124634,1.0750000476837158,1.0750000476837158,1379199,yahoo
2026-09-25,1.0889999866485596,1.0889999866485596,1.0190000534057617,1.0700000524520874,1.0700000524520874,1132566,yahoo
2026-09-28,1.0880000591278076,1.1440000534057617,1.0579999685287476,1.1050000190734863,1.1050000190734863,822907,yahoo
2026-09-29,1.121000051498413,1.121000051498413,1.0679999589920044,1.0800000429153442,1.0800000429153442,546844,yahoo
2026-09-30,1.0989999771118164,1.149999976158142,1.090000033378601,1.1269999742507935,1.1269999742507935,865243,yahoo
2026-10-01,1.121999979019165,1.159999966621399,1.1009999513626099,1.1180000305175781,1.1180000305175781,772596,yahoo
2026-10-02,1.1349999904632568,1.159999966621399,1.1180000305175781,1.1299999952316284,1.1299999952316284,436208,yahoo
2026-10-05,1.1269999742507935,1.1269999742507935,1.0809999704360962,1.1080000400543213,1.1080000400543213,945286,yahoo
