date,open,high,low,close,adjclose,volume,source
2021-07-07,800.0,880.0,796.0,880.0,880.0,62662462,yahoo
2021-07-08,890.0,971.6699829101562,833.0,965.0,965.0,5881359,yahoo
2021-07-09,987.0,1029.800048828125,960.7000122070312,965.0,965.0,9504096,yahoo
2021-07-12,970.0,1010.0,939.7999877929688,952.2000122070312,952.2000122070312,4851719,yahoo
2021-07-13,961.5999755859375,994.0,942.2000122070312,965.0,965.0,3031882,yahoo
2021-07-14,970.0,982.0,960.0,969.4000244140625,969.4000244140625,2413904,yahoo
2021-07-15,978.0,980.0,960.0,975.0,975.0,2550687,yahoo
2021-07-16,980.7999877929688,990.0,901.0,934.0,934.0,1364181,yahoo
2021-07-19,952.0,955.7999877929688,906.2000122070312,939.0,939.0,2172031,yahoo
2021-07-20,930.0,966.5999755859375,910.0,953.0,953.0,3278932,yahoo
2021-07-21,910.0,961.0,910.0,960.0,960.0,2429005,yahoo
2021-07-22,962.4000244140625,965.0,945.0,962.0,962.0,1527143,yahoo
2021-07-23,955.0,966.7999877929688,948.4000244140625,961.2000122070312,961.2000122070312,1041688,yahoo
2021-07-26,961.2000122070312,974.93798828125,950.4000244140625,950.4000244140625,950.4000244140625,1169450,yahoo
2021-07-27,963.5999755859375,971.7999877929688,960.0,971.0,971.0,1320689,yahoo
2021-07-28,969.0,974.4000244140625,950.0,962.2000122070312,962.2000122070312,2504125,yahoo
2021-07-29,960.0,972.2000122070312,959.0,970.0,970.0,1280714,yahoo
2021-07-30,936.4000244140625,999.0,936.4000244140625,981.0,981.0,4323428,yahoo
2021-08-02,990.0,991.4000244140625,975.0,980.5999755859375,980.5999755859375,1273110,yahoo
2021-08-03,980.0,985.0,975.5999755859375,978.0,978.0,372207,yahoo
2021-08-04,977.2000122070312,980.4000244140625,958.0349731445312,969.0,969.0,507763,yahoo
2021-08-05,972.2000122070312,979.39501953125,960.2000122070312,970.0,970.0,757532,yahoo
2021-08-06,970.0,978.7999877929688,969.8809814453125,975.4000244140625,975.4000244140625,699014,yahoo
2021-08-09,965.0,1002.5,965.0,995.0,995.0,1636307,yahoo
2021-08-10,992.4000244140625,1048.281005859375,982.2000122070312,982.2000122070312,982.2000122070312,1821421,yahoo
2021-08-11,985.2000122070312,1007.5,981.0,1000.0,1000.0,1175688,yahoo
2021-08-12,1000.0,1009.0,989.7949829101562,1000.0,1000.0,914100,yahoo
2021-08-13,998.0,1001.0,982.4000244140625,983.5999755859375,983.5999755859375,952766,yahoo
2021-08-16,990.0,998.7999877929688,983.0,986.5999755859375,986.5999755859375,639592,yahoo
2021-08-17,980.0,1018.5,980.0,990.0,990.0,2051578,yahoo
2021-08-18,995.2000122070312,1009.0,992.2000122070312,1008.0,1008.0,1082646,yahoo
2021-08-19,997.0,1010.5,985.0,994.5999755859375,994.5999755859375,1627342,yahoo
2021-08-20,995.4000244140625,1003.0,987.0,995.0,995.0,786586,yahoo
2021-08-23,998.7999877929688,1007.5,998.0,1000.5,1000.5,987867,yahoo
2021-08-24,996.2000122070312,1005.4229736328125,995.0,999.2000122070312,999.2000122070312,1315435,yahoo
2021-08-25,996.4000244140625,1002.5,993.1300048828125,994.5999755859375,994.5999755859375,442252,yahoo
2021-08-26,998.0,1001.0,980.0,992.2000122070312,992.2000122070312,717164,yahoo
2021-08-27,994.0,1000.6099853515625,990.2000122070312,995.0,995.0,955709,yahoo
2021-08-31,999.0,1002.5,794.6519775390625,999.0,999.0,1615178,yahoo
2021-09-01,1000.0,1010.9299926757812,990.2000122070312,1000.0,1000.0,1875430,yahoo
2021-09-02,1005.0,1015.0,995.0,1012.5,1012.5,1576560,yahoo
2021-09-03,1014.0,1050.0,1012.5,1020.0,1020.0,3351506,yahoo
2021-09-06,1040.0,1048.5,1016.5,1021.5,1021.5,910394,yahoo
2021-09-07,1040.0,1040.0,1012.5,1013.0,1013.0,757040,yahoo
2021-09-08,1012.5,1022.5,995.5999755859375,1014.5,1014.5,1439942,yahoo
2021-09-09,993.7999877929688,1021.0,993.5999755859375,1012.5,1012.5,727018,yahoo
2021-09-10,1015.5,1030.0,1013.5,1021.5,1021.5,749010,yahoo
2021-09-13,1017.0,1031.5,1013.5,1025.5,1025.5,788605,yahoo
2021-09-14,1028.0,1045.5,1015.0,1045.5,1045.5,1274853,yahoo
2021-09-15,1042.0,1051.135986328125,1036.0,1042.5,1042.5,1416153,yahoo
2021-09-16,1052.0,1106.0,1042.0,1094.0,1094.0,2718652,yahoo
2021-09-17,1105.0,1108.0,1087.0,1088.0,1088.0,5522491,yahoo
2021-09-20,1090.5,1098.0679931640625,1066.0,1076.5,1076.5,747409,yahoo
2021-09-21,1076.5,1130.5,1072.416015625,1120.0,1120.0,2047842,yahoo
2021-09-22,1122.0,1157.5,1119.0,1150.0,1150.0,1524602,yahoo
2021-09-23,1150.0,1176.5,1122.25,1130.5,1130.5,1206326,yahoo
2021-09-24,1136.5,1148.0,1130.0,1140.0,1140.0,667794,yahoo
2021-09-27,1150.0,1161.0,1135.5,1140.5,1140.5,906970,yahoo
2021-09-28,1140.0,1141.5,1088.7440185546875,1094.0,1094.0,1683921,yahoo
2021-09-29,1092.0,1118.5,1092.0,1096.0,1096.0,2520906,yahoo
2021-09-30,1100.0,1114.9639892578125,1084.5,1087.0,1087.0,864214,yahoo
2021-10-01,1081.5,1087.0,1054.5,1057.5,1057.5,1033394,yahoo
2021-10-04,1053.0,1071.5,1037.5,1037.5,1037.5,1508579,yahoo
2021-10-05,1038.5,1059.5,1038.0,1052.0,1052.0,1085146,yahoo
2021-10-06,1043.5,1083.0,1034.760009765625,1074.5,1074.5,2189904,yahoo
2021-10-07,1080.5,1106.0,1070.0,1099.5,1099.5,1478381,yahoo
2021-10-08,1104.0,1111.5,1083.0,1098.5,1098.5,996376,yahoo
2021-10-11,1085.0,1086.5,1008.5,1012.5,1012.5,2782285,yahoo
2021-10-12,1000.5,1010.0,922.2000122070312,928.7999877929688,928.7999877929688,6639998,yahoo
2021-10-13,928.0,934.4000244140625,890.0,910.7999877929688,910.7999877929688,3219444,yahoo
2021-10-14,932.7999877929688,954.7999877929688,919.7999877929688,941.4000244140625,941.4000244140625,1996036,yahoo
2021-10-15,950.5999755859375,956.5999755859375,900.0,900.0,900.0,2987745,yahoo
2021-10-18,913.2000122070312,948.0,898.5999755859375,922.0,922.0,2361982,yahoo
2021-10-19,924.0,949.0,857.0,858.2000122070312,858.2000122070312,9488126,yahoo
2021-10-20,862.2000122070312,884.5960083007812,861.0,870.0,870.0,2877465,yahoo
2021-10-21,870.0,870.5999755859375,843.8729858398438,850.0,850.0,3176240,yahoo
2021-10-22,814.0,823.7999877929688,803.7670288085938,808.0,808.0,3425688,yahoo
2021-10-25,805.0,811.5,785.2000122070312,799.4000244140625,799.4000244140625,4115910,yahoo
2021-10-26,798.4000244140625,822.7999877929688,793.0,815.0,815.0,2392882,yahoo
2021-10-27,811.0,817.2000122070312,803.2000122070312,810.0,810.0,2121298,yahoo
2021-10-28,808.0,815.0,801.4000244140625,808.0,808.0,1408866,yahoo
2021-10-29,809.5999755859375,820.2000122070312,805.7999877929688,820.2000122070312,820.2000122070312,2142390,yahoo
2021-11-01,825.0,862.2000122070312,806.2000122070312,851.0,851.0,1844505,yahoo
2021-11-02,862.4000244140625,862.4000244140625,817.4000244140625,832.5999755859375,832.5999755859375,2398793,yahoo
2021-11-03,830.0,841.0,821.5999755859375,832.0,832.0,924101,yahoo
2021-11-04,835.0,865.7999877929688,834.2000122070312,865.0,865.0,1374548,yahoo
2021-11-05,866.4000244140625,875.5999755859375,827.2000122070312,831.5999755859375,831.5999755859375,1662968,yahoo
2021-11-08,833.2000122070312,840.5999755859375,822.7999877929688,838.0,838.0,1969392,yahoo
2021-11-09,840.0,855.4000244140625,837.4000244140625,843.4000244140625,843.4000244140625,1807191,yahoo
2021-11-10,843.4000244140625,848.4000244140625,825.4320068359375,833.0,833.0,1562189,yahoo
2021-11-11,833.0,839.5999755859375,824.2000122070312,827.5999755859375,827.5999755859375,847898,yahoo
2021-11-12,799.0,805.0,755.0,800.0,800.0,7213817,yahoo
2021-11-15,790.0,811.5999755859375,786.4000244140625,799.7999877929688,799.7999877929688,1370758,yahoo
2021-11-16,799.2000122070312,799.4000244140625,764.5999755859375,764.5999755859375,764.5999755859375,1766784,yahoo
2021-11-17,764.0,775.0,744.5999755859375,744.5999755859375,744.5999755859375,2418649,yahoo
2021-11-18,742.2000122070312,745.2000122070312,720.4000244140625,742.7999877929688,742.7999877929688,1925056,yahoo
2021-11-19,740.0,758.5999755859375,739.4000244140625,756.4000244140625,756.4000244140625,1583439,yahoo
2021-11-22,759.4000244140625,780.0,729.4000244140625,733.5999755859375,733.5999755859375,2640393,yahoo
2021-11-23,730.5999755859375,730.5999755859375,706.4450073242188,718.2000122070312,718.2000122070312,3712880,yahoo
2021-11-24,717.2000122070312,730.7999877929688,700.0,729.0,729.0,2735942,yahoo
2021-11-25,739.0,758.2000122070312,735.0,750.5999755859375,750.5999755859375,1480082,yahoo
2021-11-26,741.0,764.0,729.677978515625,741.0,741.0,1529403,yahoo
2021-11-29,752.0,772.4000244140625,747.0,754.5999755859375,754.5999755859375,1441462,yahoo
2021-11-30,782.2000122070312,869.4000244140625,779.7999877929688,812.4000244140625,812.4000244140625,4217186,yahoo
2021-12-01,815.4000244140625,822.8079833984375,745.2000122070312,747.4000244140625,747.4000244140625,3794041,yahoo
2021-12-02,740.5999755859375,768.0,732.5999755859375,732.5999755859375,732.5999755859375,2163275,yahoo
2021-12-03,747.2000122070312,761.7999877929688,739.4000244140625,744.5999755859375,744.5999755859375,1402471,yahoo
2021-12-06,745.0,753.7999877929688,715.7999877929688,727.5999755859375,727.5999755859375,1373736,yahoo
2021-12-07,724.2000122070312,764.5999755859375,724.2000122070312,764.0,764.0,1430615,yahoo
2021-12-08,770.0,779.041015625,761.2000122070312,766.7999877929688,766.7999877929688,1888665,yahoo
2021-12-09,770.0,776.5999755859375,760.7999877929688,768.4000244140625,768.4000244140625,2229679,yahoo
2021-12-10,765.0,766.4000244140625,752.5999755859375,757.4000244140625,757.4000244140625,837864,yahoo
2021-12-13,760.4000244140625,772.5999755859375,754.7999877929688,759.0,759.0,2062505,yahoo
2021-12-14,765.0,794.0,754.6690063476562,757.2000122070312,757.2000122070312,1920659,yahoo
2021-12-15,756.5999755859375,759.4000244140625,744.0969848632812,750.7999877929688,750.7999877929688,937842,yahoo
2021-12-16,765.2000122070312,766.7999877929688,751.0,754.4000244140625,754.4000244140625,805750,yahoo
2021-12-17,753.0,755.0,725.4000244140625,750.2000122070312,750.2000122070312,19126388,yahoo
2021-12-20,738.2000122070312,756.5999755859375,736.7999877929688,750.4000244140625,750.4000244140625,1117241,yahoo
2021-12-21,757.0,762.2000122070312,731.4000244140625,736.0,736.0,817269,yahoo
2021-12-22,739.2000122070312,744.4000244140625,731.4000244140625,738.0,738.0,1176666,yahoo
2021-12-23,736.4000244140625,741.4000244140625,731.0,739.2000122070312,739.2000122070312,725926,yahoo
2021-12-24,733.0,740.2000122070312,733.0,736.4000244140625,736.4000244140625,64213,yahoo
2021-12-29,735.2000122070312,776.5999755859375,732.2620239257812,757.4000244140625,757.4000244140625,3718019,yahoo
2021-12-30,757.0,770.4000244140625,749.7999877929688,768.2000122070312,768.2000122070312,944688,yahoo
2021-12-31,775.0,775.0,756.5999755859375,756.5999755859375,756.5999755859375,1176406,yahoo
2022-01-04,771.2000122070312,784.0,744.5999755859375,744.5999755859375,744.5999755859375,1331039,yahoo
2022-01-05,742.2000122070312,752.7999877929688,740.0,749.2000122070312,749.2000122070312,782310,yahoo
2022-01-06,745.5999755859375,746.2639770507812,690.7999877929688,700.0,700.0,2497273,yahoo
2022-01-07,697.5999755859375,702.7899780273438,663.5999755859375,678.7999877929688,678.7999877929688,1860084,yahoo
2022-01-10,654.0,662.5999755859375,600.0,606.4000244140625,606.4000244140625,3483853,yahoo
2022-01-11,608.4000244140625,630.0,588.5999755859375,628.5999755859375,628.5999755859375,2126044,yahoo
2022-01-12,632.2000122070312,664.4000244140625,630.4000244140625,647.0,647.0,1861590,yahoo
2022-01-13,645.0,645.5999755859375,636.7999877929688,645.0,645.0,1202277,yahoo
2022-01-14,650.0,656.0,632.7999877929688,645.4000244140625,645.4000244140625,3008634,yahoo
2022-01-17,647.4000244140625,677.0,640.2000122070312,677.0,677.0,1591381,yahoo
2022-01-18,676.2000122070312,676.2000122070312,659.2000122070312,672.4000244140625,672.4000244140625,3275817,yahoo
2022-01-19,672.7999877929688,714.5999755859375,670.2000122070312,689.5999755859375,689.5999755859375,2775552,yahoo
2022-01-20,689.7999877929688,700.7169799804688,658.3369750976562,679.0,679.0,1788294,yahoo
2022-01-21,671.7999877929688,671.7999877929688,648.7999877929688,655.0,655.0,1579573,yahoo
2022-01-24,649.5999755859375,650.0,586.9600219726562,605.2000122070312,605.2000122070312,2391671,yahoo
2022-01-25,612.0,622.7999877929688,597.7999877929688,613.7999877929688,613.7999877929688,2249600,yahoo
2022-01-26,619.5999755859375,639.4000244140625,616.2000122070312,628.0,628.0,1127819,yahoo
2022-01-27,616.0,625.5999755859375,606.4000244140625,624.7999877929688,624.7999877929688,1489860,yahoo
2022-01-28,624.2000122070312,624.2000122070312,566.5999755859375,585.4000244140625,585.4000244140625,2322164,yahoo
2022-01-31,592.4000244140625,603.2000122070312,587.5999755859375,603.2000122070312,603.2000122070312,944077,yahoo
2022-02-01,610.0,617.3980102539062,597.4000244140625,610.7999877929688,610.7999877929688,1134682,yahoo
2022-02-02,615.7999877929688,629.4000244140625,599.5999755859375,599.5999755859375,599.5999755859375,1427427,yahoo
2022-02-03,594.7999877929688,599.7999877929688,566.0419921875,578.7999877929688,578.7999877929688,1230794,yahoo
2022-02-04,585.7999877929688,596.2000122070312,572.0,575.0,575.0,1253934,yahoo
2022-02-07,585.0,594.2000122070312,564.5999755859375,588.2000122070312,588.2000122070312,815961,yahoo
2022-02-08,588.0,589.4000244140625,561.7999877929688,574.0,574.0,981311,yahoo
2022-02-09,576.7999877929688,600.0,576.0,586.7999877929688,586.7999877929688,2099211,yahoo
2022-02-10,590.0,590.0,571.5999755859375,581.5999755859375,581.5999755859375,811166,yahoo
2022-02-11,574.7999877929688,579.4000244140625,570.0999755859375,572.0,572.0,630433,yahoo
2022-02-14,568.0,580.4000244140625,555.7999877929688,578.0,578.0,1121344,yahoo
2022-02-15,568.0,587.5999755859375,565.5999755859375,586.0,586.0,705287,yahoo
2022-02-16,583.4000244140625,589.2000122070312,578.2000122070312,581.0,581.0,528977,yahoo
2022-02-17,582.5999755859375,586.4000244140625,567.4000244140625,572.4000244140625,572.4000244140625,779265,yahoo
2022-02-18,573.4000244140625,573.4000244140625,550.7999877929688,558.0,558.0,1261402,yahoo
2022-02-21,559.7999877929688,559.7999877929688,544.7999877929688,547.0,547.0,602594,yahoo
2022-02-22,540.0,563.2000122070312,533.4000244140625,551.5999755859375,551.5999755859375,1177971,yahoo
2022-02-23,553.7999877929688,560.4000244140625,540.7999877929688,541.7999877929688,541.7999877929688,1308922,yahoo
2022-02-24,521.7999877929688,528.0850219726562,500.0,525.7999877929688,525.7999877929688,2278025,yahoo
2022-02-25,531.2000122070312,545.5900268554688,526.5999755859375,529.5999755859375,529.5999755859375,1026791,yahoo
2022-02-28,520.0,541.4000244140625,519.0,536.0,536.0,1596207,yahoo
2022-03-01,538.5999755859375,540.2000122070312,506.3999938964844,516.4000244140625,516.4000244140625,966121,yahoo
2022-03-02,509.79998779296875,539.0,509.6000061035156,527.2000122070312,527.2000122070312,1857153,yahoo
2022-03-03,528.2000122070312,533.5999755859375,502.3999938964844,502.3999938964844,502.3999938964844,558796,yahoo
2022-03-04,500.0,503.0119934082031,445.79998779296875,445.79998779296875,445.79998779296875,1915389,yahoo
2022-03-07,455.3999938964844,458.5,420.20001220703125,442.5,442.5,2660373,yahoo
2022-03-08,435.0,457.79998779296875,431.1000061035156,444.3999938964844,444.3999938964844,2297047,yahoo
2022-03-09,456.1000061035156,503.0,455.8999938964844,499.70001220703125,499.70001220703125,1410319,yahoo
2022-03-10,507.6000061035156,515.0,471.70001220703125,484.70001220703125,484.70001220703125,1115713,yahoo
2022-03-11,487.1000061035156,502.9580078125,476.70001220703125,484.1000061035156,484.1000061035156,1053346,yahoo
2022-03-14,484.3999938964844,506.20001220703125,484.3999938964844,503.3999938964844,503.3999938964844,1136253,yahoo
2022-03-15,499.8999938964844,502.6000061035156,488.3999938964844,488.3999938964844,488.3999938964844,1116869,yahoo
2022-03-16,502.0,524.5999755859375,498.4429931640625,511.0,511.0,1570881,yahoo
2022-03-17,512.7999877929688,533.2000122070312,512.7999877929688,529.0,529.0,940742,yahoo
2022-03-18,536.2000122070312,558.2000122070312,527.7219848632812,558.2000122070312,558.2000122070312,3594440,yahoo
2022-03-21,554.5999755859375,565.9030151367188,547.5999755859375,560.0,560.0,1133595,yahoo
2022-03-22,559.5999755859375,560.7999877929688,547.4000244140625,559.2000122070312,559.2000122070312,621806,yahoo
2022-03-23,566.7999877929688,566.7999877929688,539.2000122070312,541.5999755859375,541.5999755859375,710555,yahoo
2022-03-24,550.0,550.0,523.7999877929688,525.5999755859375,525.5999755859375,961347,yahoo
2022-03-25,530.0,535.2000122070312,498.29998779296875,503.79998779296875,503.79998779296875,476868,yahoo
2022-03-28,513.4000244140625,513.4000244140625,485.70001220703125,487.79998779296875,487.79998779296875,634076,yahoo
2022-03-29,499.5,521.0499877929688,493.8999938964844,515.2000122070312,515.2000122070312,3767179,yahoo
2022-03-30,525.7999877929688,526.2030029296875,504.3999938964844,510.0,510.0,786697,yahoo
2022-03-31,520.0,522.0499877929688,485.0,495.0,495.0,1055963,yahoo
2022-04-01,504.79998779296875,507.3999938964844,491.8999938964844,499.0,499.0,480561,yahoo
2022-04-04,500.79998779296875,515.2000122070312,495.20001220703125,507.20001220703125,507.20001220703125,401252,yahoo
2022-04-05,504.3999938964844,525.5999755859375,497.0,500.0,500.0,683425,yahoo
2022-04-06,496.6000061035156,502.6000061035156,480.0,481.29998779296875,481.29998779296875,1897816,yahoo
2022-04-07,485.0,494.1000061035156,468.5,471.29998779296875,471.29998779296875,481783,yahoo
2022-04-08,476.29998779296875,481.29998779296875,465.20001220703125,467.1000061035156,467.1000061035156,610703,yahoo
2022-04-11,470.79998779296875,473.5,441.79998779296875,443.29998779296875,443.29998779296875,1912364,yahoo
2022-04-12,444.1000061035156,452.5,432.3999938964844,439.79998779296875,439.79998779296875,2093608,yahoo
2022-04-13,442.0,444.5,426.1520080566406,432.3999938964844,432.3999938964844,541830,yahoo
2022-04-14,432.6000061035156,435.760009765625,426.0,430.0,430.0,2655131,yahoo
2022-04-19,439.70001220703125,440.0,420.0,430.0,430.0,1453671,yahoo
2022-04-20,435.3999938964844,447.35699462890625,430.1000061035156,438.5,438.5,635212,yahoo
2022-04-21,438.8999938964844,439.1000061035156,428.20001220703125,433.3999938964844,433.3999938964844,687810,yahoo
2022-04-22,427.70001220703125,430.8999938964844,420.79998779296875,424.3999938964844,424.3999938964844,884726,yahoo
2022-04-25,420.0,423.29998779296875,402.0,412.1000061035156,412.1000061035156,820814,yahoo
2022-04-26,413.5,418.3999938964844,402.5,402.5,402.5,1129611,yahoo
2022-04-27,400.29998779296875,406.54998779296875,383.79998779296875,389.1000061035156,389.1000061035156,1837815,yahoo
2022-04-28,395.0,411.3999938964844,391.79998779296875,407.1000061035156,407.1000061035156,12986199,yahoo
2022-04-29,410.0,414.6000061035156,390.0,395.0,395.0,1634792,yahoo
2022-05-03,391.1000061035156,403.5,386.781005859375,399.0,399.0,1065124,yahoo
2022-05-04,400.0,401.8999938964844,382.79998779296875,383.0,383.0,2252348,yahoo
2022-05-05,392.20001220703125,398.8999938964844,371.20001220703125,371.20001220703125,371.20001220703125,8018348,yahoo
2022-05-06,369.0,371.20001220703125,354.6000061035156,362.20001220703125,362.20001220703125,2642748,yahoo
2022-05-09,359.29998779296875,360.0,328.79998779296875,328.79998779296875,328.79998779296875,3603388,yahoo
2022-05-10,334.0,341.0,327.3999938964844,330.0,330.0,4723869,yahoo
2022-05-11,330.0,334.3999938964844,316.0,319.79998779296875,319.79998779296875,3929330,yahoo
2022-05-12,310.5,333.8999938964844,298.6510009765625,332.70001220703125,332.70001220703125,3685313,yahoo
2022-05-13,337.3999938964844,347.5,328.8999938964844,339.29998779296875,339.29998779296875,1728886,yahoo
2022-05-16,340.0,340.3999938964844,325.20001220703125,326.0,326.0,763167,yahoo
2022-05-17,329.20001220703125,340.0,326.1000061035156,337.6000061035156,337.6000061035156,2217382,yahoo
2022-05-18,337.70001220703125,347.1000061035156,334.29998779296875,345.0,345.0,1341608,yahoo
2022-05-19,339.0,352.8999938964844,328.6000061035156,352.8999938964844,352.8999938964844,1646272,yahoo
2022-05-20,355.70001220703125,380.8999938964844,353.79998779296875,369.0,369.0,2129916,yahoo
2022-05-23,374.3999938964844,374.3999938964844,358.20001220703125,364.20001220703125,364.20001220703125,899002,yahoo
2022-05-24,360.0,360.79998779296875,348.1000061035156,352.0,352.0,1938697,yahoo
2022-05-25,357.0,357.0,343.70001220703125,352.1000061035156,352.1000061035156,743513,yahoo
2022-05-26,354.5,361.5,347.1000061035156,359.79998779296875,359.79998779296875,1549083,yahoo
2022-05-27,364.5,378.5,354.79998779296875,378.5,378.5,970162,yahoo
2022-05-30,381.5,387.5199890136719,376.3999938964844,377.6000061035156,377.6000061035156,765035,yahoo
2022-05-31,373.20001220703125,378.20001220703125,364.6000061035156,367.3999938964844,367.3999938964844,2017099,yahoo
2022-06-01,367.5,369.20001220703125,348.79998779296875,352.5,352.5,1721243,yahoo
2022-06-06,355.0,371.56500244140625,350.8999938964844,370.0,370.0,840147,yahoo
2022-06-07,366.79998779296875,367.70001220703125,354.68499755859375,366.20001220703125,366.20001220703125,493010,yahoo
2022-06-08,364.0,370.5,361.29998779296875,370.5,370.5,879801,yahoo
2022-06-09,372.0,372.0,356.3999938964844,359.1000061035156,359.1000061035156,803428,yahoo
2022-06-10,353.0,357.1000061035156,338.3999938964844,342.0,342.0,1606485,yahoo
2022-06-13,340.6000061035156,340.6000061035156,319.70001220703125,321.0,321.0,873203,yahoo
2022-06-14,325.79998779296875,325.79998779296875,307.6000061035156,319.5,319.5,1204566,yahoo
2022-06-15,324.3999938964844,334.8999938964844,319.29998779296875,330.20001220703125,330.20001220703125,2024610,yahoo
2022-06-16,329.70001220703125,330.5830078125,314.5799865722656,321.6000061035156,321.6000061035156,1139029,yahoo
2022-06-17,319.70001220703125,350.0,319.70001220703125,334.8999938964844,334.8999938964844,3073748,yahoo
2022-06-20,335.0,341.7900085449219,332.29998779296875,338.1000061035156,338.1000061035156,798444,yahoo
2022-06-21,335.0,342.29998779296875,335.0,340.29998779296875,340.29998779296875,1307803,yahoo
2022-06-22,331.0,361.1000061035156,331.0,357.20001220703125,357.20001220703125,2043301,yahoo
2022-06-23,353.0,361.0,345.8999938964844,361.0,361.0,3456184,yahoo
2022-06-24,365.6000061035156,384.5,360.4419860839844,381.5,381.5,2293590,yahoo
2022-06-27,365.70001220703125,384.06500244140625,361.29998779296875,373.1000061035156,373.1000061035156,3543175,yahoo
2022-06-28,380.3999938964844,396.7829895019531,311.1000061035156,316.3999938964844,316.3999938964844,6879134,yahoo
2022-06-29,311.20001220703125,318.5,289.3999938964844,300.0,300.0,6578988,yahoo
2022-06-30,300.0,302.29998779296875,285.0,297.3999938964844,297.3999938964844,7109078,yahoo
2022-07-01,294.1000061035156,317.54998779296875,292.20001220703125,311.70001220703125,311.70001220703125,2646167,yahoo
2022-07-04,316.70001220703125,323.3999938964844,302.0,306.6000061035156,306.6000061035156,1516222,yahoo
2022-07-05,306.0,316.6000061035156,298.70001220703125,314.70001220703125,314.70001220703125,1613141,yahoo
2022-07-06,319.6000061035156,340.5,318.9800109863281,340.5,340.5,2376704,yahoo
2022-07-07,345.6000061035156,355.70001220703125,337.7099914550781,351.20001220703125,351.20001220703125,1753508,yahoo
2022-07-08,351.29998779296875,368.20001220703125,348.70001220703125,353.8999938964844,353.8999938964844,2652858,yahoo
2022-07-11,352.29998779296875,354.0,331.20001220703125,333.8999938964844,333.8999938964844,1404579,yahoo
2022-07-12,339.5,345.29998779296875,320.79998779296875,343.79998779296875,343.79998779296875,1109326,yahoo
2022-07-13,348.29998779296875,348.29998779296875,325.5,334.6000061035156,334.6000061035156,1024788,yahoo
2022-07-14,329.79998779296875,332.6000061035156,320.8999938964844,328.0,328.0,2087983,yahoo
2022-07-15,328.0,342.0,325.29998779296875,341.3999938964844,341.3999938964844,1176732,yahoo
2022-07-18,350.0,361.968994140625,346.70001220703125,348.70001220703125,348.70001220703125,1804132,yahoo
2022-07-19,362.20001220703125,410.20001220703125,350.5150146484375,400.79998779296875,400.79998779296875,4991878,yahoo
2022-07-20,410.0,423.0,407.70001220703125,420.20001220703125,420.20001220703125,3669190,yahoo
2022-07-21,421.29998779296875,434.25,415.70001220703125,426.20001220703125,426.20001220703125,2560780,yahoo
2022-07-22,436.3999938964844,459.79998779296875,426.20001220703125,433.1000061035156,433.1000061035156,2284117,yahoo
2022-07-25,428.8999938964844,433.9200134277344,415.6000061035156,424.29998779296875,424.29998779296875,1043232,yahoo
2022-07-26,421.70001220703125,445.20001220703125,416.1000061035156,417.8999938964844,417.8999938964844,1518740,yahoo
2022-07-27,419.5,439.1000061035156,417.8999938964844,436.70001220703125,436.70001220703125,1812722,yahoo
2022-07-28,441.8999938964844,451.70001220703125,440.0,451.70001220703125,451.70001220703125,1687436,yahoo
2022-07-29,452.1000061035156,478.0,441.4209899902344,471.20001220703125,471.20001220703125,2764625,yahoo
2022-08-01,470.0,472.0,456.29998779296875,470.3999938964844,470.3999938964844,3342729,yahoo
2022-08-02,457.8999938964844,458.8999938964844,428.6000061035156,449.0,449.0,2785638,yahoo
2022-08-03,450.0,480.0,443.5,467.8999938964844,467.8999938964844,1840617,yahoo
2022-08-04,469.29998779296875,475.9599914550781,463.20001220703125,470.0,470.0,1060898,yahoo
2022-08-05,471.5,481.0889892578125,456.39801025390625,463.20001220703125,463.20001220703125,1562074,yahoo
2022-08-08,467.79998779296875,489.5,463.802001953125,486.5,486.5,1312189,yahoo
2022-08-09,485.20001220703125,499.0,479.20001220703125,480.79998779296875,480.79998779296875,2107929,yahoo
2022-08-10,480.29998779296875,511.0,465.6130065917969,511.0,511.0,3171607,yahoo
2022-08-11,513.5999755859375,534.0,509.0,520.4000244140625,520.4000244140625,2803624,yahoo
2022-08-12,525.0,537.4000244140625,515.0,537.4000244140625,537.4000244140625,2072216,yahoo
2022-08-15,532.0,539.5999755859375,520.2000122070312,536.0,536.0,1460112,yahoo
2022-08-16,540.0,549.7999877929688,532.5999755859375,543.0,543.0,1474236,yahoo
2022-08-17,543.0,551.2000122070312,538.0,544.0,544.0,1861165,yahoo
2022-08-18,540.0,549.0,535.7100219726562,541.5999755859375,541.5999755859375,1055010,yahoo
2022-08-19,535.0,535.2000122070312,511.3999938964844,516.4000244140625,516.4000244140625,1577909,yahoo
2022-08-22,514.0,526.0,495.0899963378906,497.1000061035156,497.1000061035156,1212312,yahoo
2022-08-23,492.8999938964844,499.5,472.29998779296875,475.5,475.5,1635289,yahoo
2022-08-24,475.5,486.6000061035156,470.0,483.29998779296875,483.29998779296875,2886734,yahoo
2022-08-25,471.8999938964844,489.5,471.8999938964844,481.70001220703125,481.70001220703125,886638,yahoo
2022-08-26,479.8999938964844,489.8999938964844,478.5,484.1000061035156,484.1000061035156,1565767,yahoo
2022-08-30,473.6000061035156,489.8089904785156,473.6000061035156,485.29998779296875,485.29998779296875,1332619,yahoo
2022-08-31,482.8999938964844,502.5150146484375,481.3999938964844,486.79998779296875,486.79998779296875,1264814,yahoo
2022-09-01,470.70001220703125,483.0,466.8999938964844,473.70001220703125,473.70001220703125,2507856,yahoo
2022-09-02,476.6000061035156,485.5,472.5,479.5,479.5,1019574,yahoo
2022-09-05,470.3999938964844,482.70001220703125,460.90301513671875,480.79998779296875,480.79998779296875,1283993,yahoo
2022-09-06,480.0,489.29998779296875,478.5,488.70001220703125,488.70001220703125,1459090,yahoo
2022-09-07,483.1000061035156,491.29998779296875,481.20001220703125,490.0,490.0,1252717,yahoo
2022-09-08,493.1000061035156,513.8070068359375,491.29998779296875,512.5999755859375,512.5999755859375,1108462,yahoo
2022-09-09,515.2000122070312,535.3200073242188,514.7999877929688,534.5999755859375,534.5999755859375,1481481,yahoo
2022-09-12,530.2150268554688,533.4000244140625,522.7999877929688,532.2000122070312,532.2000122070312,739794,yahoo
2022-09-13,533.0,535.7999877929688,522.5999755859375,531.5999755859375,531.5999755859375,2225623,yahoo
2022-09-14,526.5999755859375,552.7760009765625,520.0,550.2000122070312,550.2000122070312,1832340,yahoo
2022-09-15,549.4000244140625,598.4000244140625,536.89599609375,587.2000122070312,587.2000122070312,3835008,yahoo
2022-09-16,573.7999877929688,600.0,557.0,565.4000244140625,565.4000244140625,4239348,yahoo
2022-09-20,558.7999877929688,579.0,549.2000122070312,571.2000122070312,571.2000122070312,1706887,yahoo
2022-09-21,566.5999755859375,616.0,559.6389770507812,616.0,616.0,2328077,yahoo
2022-09-22,605.5999755859375,648.6900024414062,595.4199829101562,605.7999877929688,605.7999877929688,1450820,yahoo
2022-09-23,601.7999877929688,603.0399780273438,560.5999755859375,580.5999755859375,580.5999755859375,1443440,yahoo
2022-09-26,575.0,605.7999877929688,573.7999877929688,595.3070068359375,595.3070068359375,1535156,yahoo
2022-09-27,592.0,669.7999877929688,587.2000122070312,664.2000122070312,664.2000122070312,3857657,yahoo
2022-09-28,639.7999877929688,679.0,631.4000244140625,660.0,660.0,3318643,yahoo
2022-09-29,659.0,704.5999755859375,616.2000122070312,693.7999877929688,693.7999877929688,6049309,yahoo
2022-09-30,693.5999755859375,693.5999755859375,641.5999755859375,660.5999755859375,660.5999755859375,4719762,yahoo
2022-10-03,649.5999755859375,670.5999755859375,621.2000122070312,654.7999877929688,654.7999877929688,2108511,yahoo
2022-10-04,654.7999877929688,680.0,654.5999755859375,667.0,667.0,1344612,yahoo
2022-10-05,672.4000244140625,690.2000122070312,642.5999755859375,652.0,652.0,1361016,yahoo
2022-10-06,659.7999877929688,670.7999877929688,655.75,666.7999877929688,666.7999877929688,1636105,yahoo
2022-10-07,667.4000244140625,680.0,646.4000244140625,663.4000244140625,663.4000244140625,1634025,yahoo
2022-10-10,657.0,669.0,642.6400146484375,665.4000244140625,665.4000244140625,1055346,yahoo
2022-10-11,666.0,694.4000244140625,656.22998046875,667.0,667.0,1730407,yahoo
2022-10-12,665.0,701.9439697265625,654.5999755859375,692.0,692.0,2778801,yahoo
2022-10-13,690.2000122070312,697.4000244140625,659.0,685.0,685.0,2320992,yahoo
2022-10-14,697.5999755859375,724.9299926757812,684.4000244140625,705.5999755859375,705.5999755859375,2140416,yahoo
2022-10-17,702.4000244140625,722.7999877929688,681.4000244140625,715.0,715.0,2487757,yahoo
2022-10-18,705.0,731.7999877929688,698.4000244140625,708.0,708.0,2554751,yahoo
2022-10-19,704.2000122070312,713.0,685.5999755859375,703.0,703.0,2122222,yahoo
2022-10-20,700.0,700.0,658.989990234375,695.0,695.0,2312376,yahoo
2022-10-21,685.4000244140625,693.614013671875,659.2000122070312,666.0,666.0,1243501,yahoo
2022-10-24,672.2000122070312,693.4769897460938,661.7999877929688,689.4000244140625,689.4000244140625,1432859,yahoo
2022-10-25,690.5999755859375,699.0,671.7999877929688,688.0,688.0,1220443,yahoo
2022-10-26,684.4000244140625,696.2000122070312,676.2000122070312,693.7999877929688,693.7999877929688,1123110,yahoo
2022-10-27,688.2000122070312,694.2000122070312,661.5999755859375,675.2000122070312,675.2000122070312,944795,yahoo
2022-10-28,671.2000122070312,686.7999877929688,646.5999755859375,655.0,655.0,2014939,yahoo
2022-10-31,654.5999755859375,669.25,653.5999755859375,665.0,665.0,1220063,yahoo
2022-11-01,666.4000244140625,695.2000122070312,661.31298828125,678.0,678.0,1097180,yahoo
2022-11-02,677.7999877929688,690.0,674.2000122070312,680.0,680.0,1611862,yahoo
2022-11-03,668.0,684.4000244140625,663.5999755859375,677.7999877929688,677.7999877929688,1277262,yahoo
2022-11-04,680.0,697.5999755859375,670.3770141601562,675.0,675.0,1770876,yahoo
2022-11-07,670.0,697.4000244140625,663.0,680.0,680.0,954220,yahoo
2022-11-08,675.0,684.5999755859375,657.7999877929688,657.7999877929688,657.7999877929688,2335140,yahoo
2022-11-09,647.7999877929688,650.2919921875,632.0,639.0,639.0,2319569,yahoo
2022-11-10,630.2000122070312,650.5009765625,618.0,645.5999755859375,645.5999755859375,2498903,yahoo
2022-11-11,642.0,648.2000122070312,626.4000244140625,642.0,642.0,1975562,yahoo
2022-11-14,645.4000244140625,645.4000244140625,593.4000244140625,614.2000122070312,614.2000122070312,1994429,yahoo
2022-11-15,610.5999755859375,626.3820190429688,595.5999755859375,608.2000122070312,608.2000122070312,1211671,yahoo
2022-11-16,594.4000244140625,605.4000244140625,590.0,591.5999755859375,591.5999755859375,2202408,yahoo
2022-11-17,592.2000122070312,601.4000244140625,583.7999877929688,595.2000122070312,595.2000122070312,1272251,yahoo
2022-11-18,597.2000122070312,603.5999755859375,583.968017578125,592.2000122070312,592.2000122070312,1581767,yahoo
2022-11-21,579.5999755859375,605.7999877929688,575.8159790039062,598.5999755859375,598.5999755859375,1172195,yahoo
2022-11-22,599.0,610.4000244140625,596.5999755859375,607.5999755859375,607.5999755859375,1171185,yahoo
2022-11-23,603.4000244140625,618.7999877929688,601.5999755859375,618.0,618.0,1293497,yahoo
2022-11-24,620.0,626.5999755859375,612.0,620.7999877929688,620.7999877929688,958205,yahoo
2022-11-25,613.2000122070312,630.4000244140625,610.7999877929688,625.5999755859375,625.5999755859375,979877,yahoo
2022-11-28,622.0,634.0,615.2000122070312,631.7999877929688,631.7999877929688,1114318,yahoo
2022-11-29,606.5999755859375,644.0,584.0,611.7999877929688,611.7999877929688,2396195,yahoo
2022-11-30,617.7999877929688,658.2000122070312,614.4000244140625,646.7999877929688,646.7999877929688,2657245,yahoo
2022-12-01,648.2000122070312,665.2000122070312,643.4000244140625,657.7999877929688,657.7999877929688,1233677,yahoo
2022-12-02,645.2000122070312,670.0,645.2000122070312,657.7999877929688,657.7999877929688,2036116,yahoo
2022-12-05,660.0,669.2000122070312,651.5999755859375,651.5999755859375,651.5999755859375,1413287,yahoo
2022-12-06,651.0,665.0,646.9420166015625,659.7999877929688,659.7999877929688,1533847,yahoo
2022-12-07,660.0,668.2000122070312,651.0,654.4000244140625,654.4000244140625,623938,yahoo
2022-12-08,665.4000244140625,678.2000122070312,644.5579833984375,656.0,656.0,856567,yahoo
2022-12-09,656.2000122070312,658.5999755859375,625.5999755859375,632.0,632.0,1287013,yahoo
2022-12-12,629.5999755859375,652.4000244140625,624.5999755859375,650.0,650.0,971147,yahoo
2022-12-13,637.4000244140625,670.2000122070312,637.4000244140625,644.2000122070312,644.2000122070312,1761651,yahoo
2022-12-14,641.0,648.0,628.0,640.5999755859375,640.5999755859375,1463255,yahoo
2022-12-15,626.7999877929688,636.0,609.2000122070312,609.2000122070312,609.2000122070312,2290174,yahoo
2022-12-16,607.0,607.0,586.7999877929688,592.7999877929688,592.7999877929688,14997148,yahoo
2022-12-19,590.0,599.4000244140625,569.7999877929688,569.7999877929688,569.7999877929688,1042249,yahoo
2022-12-20,565.2000122070312,574.7999877929688,557.8619995117188,572.4000244140625,572.4000244140625,940828,yahoo
2022-12-21,572.0,578.7999877929688,559.0,568.2000122070312,568.2000122070312,1439954,yahoo
2022-12-22,565.0,565.0,531.4000244140625,545.0,545.0,2366071,yahoo
2022-12-23,541.5999755859375,548.0,533.5999755859375,535.0,535.0,933559,yahoo
2022-12-28,535.2000122070312,557.2000122070312,530.2000122070312,551.2000122070312,551.2000122070312,2940762,yahoo
2022-12-29,549.4000244140625,571.4000244140625,545.7999877929688,567.5999755859375,567.5999755859375,1510944,yahoo
2022-12-30,568.0,569.0,559.7999877929688,562.7999877929688,562.7999877929688,893847,yahoo
2023-01-03,563.7999877929688,573.0,553.0,554.7999877929688,554.7999877929688,942583,yahoo
2023-01-04,557.5999755859375,560.2000122070312,549.2000122070312,553.4000244140625,553.4000244140625,798048,yahoo
2023-01-05,551.2000122070312,567.7999877929688,541.5999755859375,558.5999755859375,558.5999755859375,1136430,yahoo
2023-01-06,557.4000244140625,573.2000122070312,550.7999877929688,563.2000122070312,563.2000122070312,712130,yahoo
2023-01-09,562.0,580.5999755859375,562.0,576.5999755859375,576.5999755859375,580496,yahoo
2023-01-10,573.4000244140625,608.6719970703125,572.02001953125,591.4000244140625,591.4000244140625,1285250,yahoo
2023-01-11,592.0,615.0,590.5999755859375,611.4000244140625,611.4000244140625,1408622,yahoo
2023-01-12,611.0,634.2000122070312,607.2000122070312,624.2000122070312,624.2000122070312,1548470,yahoo
2023-01-13,623.2000122070312,653.5999755859375,622.5999755859375,639.4000244140625,639.4000244140625,1522784,yahoo
2023-01-16,639.7999877929688,642.5999755859375,625.0,641.2000122070312,641.2000122070312,1619047,yahoo
2023-01-17,613.4000244140625,642.0,567.7979736328125,575.0,575.0,2332188,yahoo
2023-01-18,572.5999755859375,584.4000244140625,546.0,565.4000244140625,565.4000244140625,1471906,yahoo
2023-01-19,562.0,567.7999877929688,549.4000244140625,549.4000244140625,549.4000244140625,733296,yahoo
2023-01-20,549.2000122070312,552.7999877929688,538.4000244140625,547.2000122070312,547.2000122070312,646463,yahoo
2023-01-23,547.0,547.7999877929688,524.4000244140625,527.4000244140625,527.4000244140625,1091018,yahoo
2023-01-24,520.4000244140625,538.0,519.4000244140625,530.0,530.0,1540015,yahoo
2023-01-25,530.7999877929688,535.0,510.3999938964844,514.0,514.0,1748194,yahoo
2023-01-26,518.4000244140625,529.4739990234375,514.0,524.2000122070312,524.2000122070312,916005,yahoo
2023-01-27,526.5999755859375,526.5999755859375,509.79998779296875,521.7999877929688,521.7999877929688,920130,yahoo
2023-01-30,516.5999755859375,544.5999755859375,509.20001220703125,544.2000122070312,544.2000122070312,1218353,yahoo
2023-01-31,540.0,546.0,525.2000122070312,542.0,542.0,1075749,yahoo
2023-02-01,541.2000122070312,568.2000122070312,538.35400390625,565.0,565.0,1333461,yahoo
2023-02-02,567.0,590.0,562.5999755859375,588.0,588.0,1908652,yahoo
2023-02-03,573.7999877929688,598.2000122070312,573.2000122070312,598.2000122070312,598.2000122070312,1245697,yahoo
2023-02-06,586.0,592.5399780273438,575.5999755859375,580.4000244140625,580.4000244140625,1617867,yahoo
2023-02-07,574.4000244140625,583.9199829101562,567.4000244140625,576.2000122070312,576.2000122070312,1039634,yahoo
2023-02-08,581.5999755859375,597.2000122070312,581.4000244140625,590.0,590.0,1546685,yahoo
2023-02-09,592.2000122070312,613.5999755859375,588.68701171875,600.5999755859375,600.5999755859375,1039633,yahoo
2023-02-10,596.2000122070312,601.0,587.7999877929688,589.7999877929688,589.7999877929688,1578641,yahoo
2023-02-13,589.0,606.4000244140625,585.7639770507812,606.4000244140625,606.4000244140625,815187,yahoo
2023-02-14,601.2000122070312,610.0,579.7999877929688,591.0,591.0,1096414,yahoo
2023-02-15,591.5999755859375,603.5999755859375,587.4000244140625,599.0,599.0,636788,yahoo
2023-02-16,601.7999877929688,610.0,588.0,589.5999755859375,589.5999755859375,777352,yahoo
2023-02-17,580.7999877929688,589.4000244140625,562.2000122070312,581.7999877929688,581.7999877929688,714525,yahoo
2023-02-20,585.5999755859375,585.5999755859375,568.4000244140625,570.7999877929688,570.7999877929688,1135710,yahoo
2023-02-21,570.5999755859375,581.5999755859375,564.2000122070312,573.0,573.0,717009,yahoo
2023-02-22,563.5999755859375,574.0,557.0,572.0,572.0,843494,yahoo
2023-02-23,574.7999877929688,589.0,570.7999877929688,581.4000244140625,581.4000244140625,695121,yahoo
2023-02-24,571.5999755859375,585.4000244140625,566.7999877929688,571.4000244140625,571.4000244140625,805476,yahoo
2023-02-27,571.7999877929688,584.4000244140625,571.7999877929688,581.7999877929688,581.7999877929688,1587928,yahoo
2023-02-28,580.5999755859375,590.2000122070312,575.4000244140625,585.7999877929688,585.7999877929688,1033214,yahoo
2023-03-01,587.5999755859375,597.0,576.5999755859375,579.7999877929688,579.7999877929688,885154,yahoo
2023-03-02,568.0,584.7999877929688,565.7999877929688,573.5999755859375,573.5999755859375,570888,yahoo
2023-03-03,572.4000244140625,580.2030029296875,557.0,577.4000244140625,577.4000244140625,603329,yahoo
2023-03-06,572.7999877929688,591.7999877929688,570.0,587.7999877929688,587.7999877929688,879955,yahoo
2023-03-07,584.4000244140625,610.0,584.4000244140625,590.0,590.0,1433773,yahoo
2023-03-08,584.5999755859375,590.5999755859375,573.4000244140625,586.2000122070312,586.2000122070312,616406,yahoo
2023-03-09,582.7999877929688,599.4000244140625,578.0,595.0,595.0,1014873,yahoo
2023-03-10,582.5999755859375,592.5759887695312,574.5999755859375,581.0,581.0,1108920,yahoo
2023-03-13,579.7999877929688,592.4000244140625,488.0,515.0,515.0,5442553,yahoo
2023-03-14,509.3999938964844,568.5999755859375,501.20001220703125,562.7999877929688,562.7999877929688,1861773,yahoo
2023-03-15,555.0,557.7999877929688,521.0,525.0,525.0,1227524,yahoo
2023-03-16,535.2000122070312,543.7999877929688,520.7999877929688,543.7999877929688,543.7999877929688,1268988,yahoo
2023-03-17,545.0,559.5349731445312,543.0079956054688,552.0,552.0,3258950,yahoo
2023-03-20,547.0,550.0,524.2000122070312,539.4000244140625,539.4000244140625,1117709,yahoo
2023-03-21,542.0,565.7999877929688,539.5999755859375,553.2000122070312,553.2000122070312,1563060,yahoo
2023-03-22,550.0,554.7069702148438,538.2000122070312,546.2000122070312,546.2000122070312,1117025,yahoo
2023-03-23,544.5999755859375,560.4000244140625,539.4000244140625,555.0,555.0,2235607,yahoo
2023-03-24,552.0,553.0,524.4000244140625,530.7999877929688,530.7999877929688,1457350,yahoo
2023-03-27,538.5999755859375,542.7999877929688,526.4000244140625,526.7999877929688,526.7999877929688,882513,yahoo
2023-03-28,531.4000244140625,540.7999877929688,515.7999877929688,532.0,532.0,1054319,yahoo
2023-03-29,535.5999755859375,536.0,524.5999755859375,535.0,535.0,741465,yahoo
2023-03-30,538.4000244140625,548.2000122070312,531.7999877929688,548.2000122070312,548.2000122070312,1161801,yahoo
2023-03-31,542.7999877929688,551.4000244140625,539.0999755859375,543.7999877929688,543.7999877929688,1371942,yahoo
2023-04-03,545.0,545.0,535.4000244140625,542.0,542.0,1512134,yahoo
2023-04-04,544.5999755859375,552.7999877929688,533.0,538.5999755859375,538.5999755859375,1338928,yahoo
2023-04-05,535.7999877929688,545.2000122070312,529.0,539.0,539.0,1151304,yahoo
2023-04-06,536.7999877929688,558.7999877929688,534.2000122070312,551.0,551.0,1421696,yahoo
2023-04-11,548.0,559.0,537.4000244140625,555.5999755859375,555.5999755859375,1126282,yahoo
2023-04-12,556.0,565.0,548.2000122070312,550.0,550.0,1300959,yahoo
2023-04-13,550.0,566.5999755859375,545.5999755859375,563.2000122070312,563.2000122070312,2412750,yahoo
2023-04-14,560.5999755859375,593.0,560.5999755859375,582.5999755859375,582.5999755859375,1252270,yahoo
2023-04-17,582.4000244140625,599.0,582.0,585.4000244140625,585.4000244140625,1723495,yahoo
2023-04-18,529.0,543.7999877929688,490.0,540.0,540.0,7484264,yahoo
2023-04-19,530.4000244140625,577.280029296875,530.4000244140625,552.7999877929688,552.7999877929688,2586318,yahoo
2023-04-20,549.7999877929688,562.5999755859375,547.77001953125,560.0,560.0,1581187,yahoo
2023-04-21,555.2000122070312,571.0,551.4000244140625,571.0,571.0,3414280,yahoo
2023-04-24,563.4000244140625,571.7999877929688,560.7999877929688,563.0,563.0,973158,yahoo
2023-04-25,557.5999755859375,567.7999877929688,537.4000244140625,551.5999755859375,551.5999755859375,939645,yahoo
2023-04-26,546.4000244140625,555.0,539.5999755859375,546.5999755859375,546.5999755859375,921687,yahoo
2023-04-27,543.0,560.0,538.8480224609375,558.7999877929688,558.7999877929688,1318508,yahoo
2023-04-28,559.2000122070312,570.7999877929688,544.5999755859375,550.0,550.0,984093,yahoo
2023-05-02,550.7999877929688,560.7999877929688,534.0,534.5999755859375,534.5999755859375,814843,yahoo
2023-05-03,530.0,539.4000244140625,528.7999877929688,535.0,535.0,794492,yahoo
2023-05-04,530.7999877929688,535.4000244140625,515.4000244140625,532.0,532.0,909926,yahoo
2023-05-05,535.4000244140625,545.5999755859375,534.0430297851562,540.4000244140625,540.4000244140625,903275,yahoo
2023-05-09,533.0,543.2000122070312,530.0,541.7999877929688,541.7999877929688,1995209,yahoo
2023-05-10,540.0,569.0,536.0,559.0,559.0,1358056,yahoo
2023-05-11,562.2000122070312,575.5999755859375,560.2000122070312,564.0,564.0,819608,yahoo
2023-05-12,577.0,600.0,567.5999755859375,588.2000122070312,588.2000122070312,4068535,yahoo
2023-05-15,588.2000122070312,597.2000122070312,587.0,587.2000122070312,587.2000122070312,1338327,yahoo
2023-05-16,587.0,595.7999877929688,576.4000244140625,579.2000122070312,579.2000122070312,2397578,yahoo
2023-05-17,578.7999877929688,598.5999755859375,576.4000244140625,594.4000244140625,594.4000244140625,2181941,yahoo
2023-05-18,597.4000244140625,599.0,582.0,595.0,595.0,1761745,yahoo
2023-05-19,595.5999755859375,610.2000122070312,589.0,599.5999755859375,599.5999755859375,1518037,yahoo
2023-05-22,600.0,600.7999877929688,569.2000122070312,577.4000244140625,577.4000244140625,1322372,yahoo
2023-05-23,576.7999877929688,597.4000244140625,572.7999877929688,591.2000122070312,591.2000122070312,1150326,yahoo
2023-05-24,580.5999755859375,580.5999755859375,551.4000244140625,551.4000244140625,551.4000244140625,1992818,yahoo
2023-05-25,554.0,560.2000122070312,546.2000122070312,553.5999755859375,553.5999755859375,1346209,yahoo
2023-05-26,554.7999877929688,555.7999877929688,533.7999877929688,541.0,541.0,1923498,yahoo
2023-05-30,549.4000244140625,558.4000244140625,536.0,536.0,536.0,3485733,yahoo
2023-05-31,529.0,580.4000244140625,513.2000122070312,580.4000244140625,580.4000244140625,67870747,yahoo
2023-06-01,572.0,598.0,571.0,587.5999755859375,587.5999755859375,2779097,yahoo
2023-06-02,590.0,612.4000244140625,586.4000244140625,606.0,606.0,3657578,yahoo
2023-06-05,603.4000244140625,615.9979858398438,595.5999755859375,604.0,604.0,1941069,yahoo
2023-06-06,598.4000244140625,611.4000244140625,590.2000122070312,604.7999877929688,604.7999877929688,2109662,yahoo
2023-06-07,603.0,611.7999877929688,597.5999755859375,605.5999755859375,605.5999755859375,2263080,yahoo
2023-06-08,595.0,607.7999877929688,587.0,604.4000244140625,604.4000244140625,1691962,yahoo
2023-06-09,605.7999877929688,609.4000244140625,601.0,605.0,605.0,1938287,yahoo
2023-06-12,607.5999755859375,613.2000122070312,601.5800170898438,610.0,610.0,959760,yahoo
2023-06-13,614.4000244140625,626.0,608.4000244140625,622.0,622.0,1205743,yahoo
2023-06-14,621.4000244140625,623.2000122070312,615.2000122070312,620.0,620.0,2204438,yahoo
2023-06-15,616.4000244140625,625.2000122070312,614.3280029296875,619.2000122070312,619.2000122070312,813472,yahoo
2023-06-16,617.7999877929688,629.4000244140625,610.2000122070312,618.0,618.0,4250987,yahoo
2023-06-19,612.0,615.5999755859375,593.2000122070312,596.4000244140625,596.4000244140625,1293846,yahoo
2023-06-20,591.4000244140625,600.0,585.5999755859375,586.5999755859375,586.5999755859375,1162301,yahoo
2023-06-21,576.4000244140625,581.0,558.5999755859375,559.4000244140625,559.4000244140625,1756899,yahoo
2023-06-22,552.2000122070312,555.7999877929688,537.5999755859375,537.5999755859375,537.5999755859375,2205222,yahoo
2023-06-23,533.4000244140625,547.5999755859375,526.5999755859375,529.2000122070312,529.2000122070312,2539820,yahoo
2023-06-26,531.4000244140625,536.5999755859375,516.7999877929688,525.4000244140625,525.4000244140625,2211865,yahoo
2023-06-27,580.4000244140625,636.7999877929688,576.4000244140625,611.4000244140625,611.4000244140625,3269041,yahoo
2023-06-28,611.2000122070312,643.5999755859375,607.2000122070312,641.4000244140625,641.4000244140625,4997715,yahoo
2023-06-29,635.0,665.7999877929688,634.0,665.0,665.0,3328673,yahoo
2023-06-30,661.4000244140625,666.4000244140625,641.5999755859375,657.2000122070312,657.2000122070312,2856251,yahoo
2023-07-03,635.4000244140625,652.7999877929688,622.4000244140625,641.0,641.0,1489805,yahoo
2023-07-04,641.7999877929688,649.0,636.9119873046875,641.5999755859375,641.5999755859375,972620,yahoo
2023-07-05,637.2000122070312,648.7999877929688,620.7999877929688,625.0,625.0,886557,yahoo
2023-07-06,620.5999755859375,631.2000122070312,604.7999877929688,606.7999877929688,606.7999877929688,1853290,yahoo
2023-07-07,604.4000244140625,631.0,604.2000122070312,628.7999877929688,628.7999877929688,1127337,yahoo
2023-07-10,620.0,640.0,620.0,634.5999755859375,634.5999755859375,1392123,yahoo
2023-07-11,639.0,654.0,635.0,650.0,650.0,2502339,yahoo
2023-07-12,648.0,663.7999877929688,639.2000122070312,661.5999755859375,661.5999755859375,908548,yahoo
2023-07-13,658.0,670.2000122070312,654.4000244140625,668.5999755859375,668.5999755859375,1778044,yahoo
2023-07-14,665.0,679.2000122070312,656.7999877929688,674.7999877929688,674.7999877929688,4047056,yahoo
2023-07-17,666.7999877929688,678.6019897460938,662.7999877929688,672.2000122070312,672.2000122070312,1131383,yahoo
2023-07-18,655.7999877929688,712.0,655.7999877929688,712.0,712.0,3390787,yahoo
2023-07-19,705.0,756.0,705.0,754.0,754.0,2673387,yahoo
2023-07-20,741.5999755859375,759.7999877929688,741.2000122070312,755.4000244140625,755.4000244140625,2330042,yahoo
2023-07-21,753.5999755859375,759.7999877929688,732.2000122070312,758.2000122070312,758.2000122070312,1393252,yahoo
2023-07-24,744.2000122070312,763.2000122070312,743.4000244140625,762.4000244140625,762.4000244140625,1318610,yahoo
2023-07-25,750.0,770.2000122070312,744.2000122070312,767.2000122070312,767.2000122070312,1469705,yahoo
2023-07-26,760.2000122070312,772.5999755859375,752.4000244140625,762.0,762.0,1051463,yahoo
2023-07-27,761.2000122070312,777.4000244140625,760.2000122070312,767.0,767.0,917369,yahoo
2023-07-28,761.5999755859375,778.0,757.7999877929688,778.0,778.0,735656,yahoo
2023-07-31,774.2000122070312,778.7999877929688,756.0,777.2000122070312,777.2000122070312,1161565,yahoo
2023-08-01,771.4000244140625,777.4000244140625,758.7999877929688,775.0,775.0,1053388,yahoo
2023-08-02,754.2000122070312,774.2000122070312,750.0,774.0,774.0,1679483,yahoo
2023-08-03,769.2000122070312,773.5999755859375,758.5490112304688,761.7999877929688,761.7999877929688,738708,yahoo
2023-08-04,760.0,764.2000122070312,749.0,759.5999755859375,759.5999755859375,931608,yahoo
2023-08-07,748.7999877929688,762.2030029296875,745.7999877929688,753.0,753.0,757751,yahoo
2023-08-08,747.4000244140625,758.4000244140625,740.0,741.0,741.0,1067356,yahoo
2023-08-09,751.7999877929688,757.7999877929688,739.2000122070312,739.2000122070312,739.2000122070312,736488,yahoo
2023-08-10,738.5999755859375,745.0,720.5999755859375,721.7999877929688,721.7999877929688,1453708,yahoo
2023-08-11,715.0,722.0,706.2000122070312,714.7999877929688,714.7999877929688,1253573,yahoo
2023-08-14,708.0,715.7999877929688,701.2000122070312,714.0,714.0,1288415,yahoo
2023-08-15,707.0,713.5999755859375,699.0,707.7999877929688,707.7999877929688,886689,yahoo
2023-08-16,700.0,705.7999877929688,683.2000122070312,702.4000244140625,702.4000244140625,1905872,yahoo
2023-08-17,690.0,697.5999755859375,680.0,682.7999877929688,682.7999877929688,1097305,yahoo
2023-08-18,680.2000122070312,680.2000122070312,649.7999877929688,663.0,663.0,1703848,yahoo
2023-08-21,665.5999755859375,667.7999877929688,648.7999877929688,649.7999877929688,649.7999877929688,1253740,yahoo
2023-08-22,660.0,660.7999877929688,648.2000122070312,653.7999877929688,653.7999877929688,1311488,yahoo
2023-08-23,650.0,657.0,640.0,654.7999877929688,654.7999877929688,562162,yahoo
2023-08-24,658.5999755859375,663.7999877929688,645.2000122070312,649.2000122070312,649.2000122070312,546764,yahoo
2023-08-25,645.5999755859375,652.5999755859375,638.7999877929688,639.5999755859375,639.5999755859375,919554,yahoo
2023-08-29,647.5999755859375,652.2000122070312,638.7999877929688,649.5999755859375,649.5999755859375,2053861,yahoo
2023-08-30,653.2000122070312,656.5999755859375,640.7999877929688,643.2000122070312,643.2000122070312,1042844,yahoo
2023-08-31,649.5999755859375,653.4000244140625,607.0,640.2000122070312,640.2000122070312,5879552,yahoo
2023-09-01,649.0,649.0,625.4000244140625,638.4000244140625,638.4000244140625,3071586,yahoo
2023-09-04,634.5999755859375,650.0,632.0,647.5999755859375,647.5999755859375,642027,yahoo
2023-09-05,646.5999755859375,652.4000244140625,641.5999755859375,650.5999755859375,650.5999755859375,1167441,yahoo
2023-09-06,643.4000244140625,655.4000244140625,641.6630249023438,645.5999755859375,645.5999755859375,1014981,yahoo
2023-09-07,642.4000244140625,647.4000244140625,634.0,640.0,640.0,1571897,yahoo
2023-09-08,641.7999877929688,655.0,628.5999755859375,652.5999755859375,652.5999755859375,945787,yahoo
2023-09-11,653.4000244140625,682.0,651.2000122070312,680.0,680.0,1348146,yahoo
2023-09-12,683.7999877929688,696.4000244140625,673.7999877929688,687.2000122070312,687.2000122070312,1226339,yahoo
2023-09-13,685.0,702.7999877929688,684.2000122070312,693.0,693.0,1795885,yahoo
2023-09-14,691.5999755859375,694.7999877929688,674.0,692.7999877929688,692.7999877929688,1162892,yahoo
2023-09-15,706.2000122070312,718.4000244140625,698.5999755859375,718.4000244140625,718.4000244140625,5194256,yahoo
2023-09-18,712.5999755859375,719.7999877929688,700.5999755859375,702.4000244140625,702.4000244140625,1048652,yahoo
2023-09-19,698.2000122070312,699.5999755859375,661.2999877929688,674.0,674.0,1389886,yahoo
2023-09-20,675.0,690.5999755859375,674.5999755859375,680.0,680.0,1195727,yahoo
2023-09-21,672.7999877929688,679.5999755859375,663.2000122070312,669.5999755859375,669.5999755859375,886792,yahoo
2023-09-22,672.2000122070312,710.0,665.7999877929688,695.5999755859375,695.5999755859375,1441299,yahoo
2023-09-25,692.2000122070312,694.0,656.0,669.0,669.0,916494,yahoo
2023-09-26,663.7999877929688,671.0,656.0,658.4000244140625,658.4000244140625,832725,yahoo
2023-09-27,660.0,673.4000244140625,656.4000244140625,663.2000122070312,663.2000122070312,773928,yahoo
2023-09-28,656.7999877929688,663.7999877929688,641.5999755859375,657.2000122070312,657.2000122070312,669732,yahoo
2023-09-29,660.4000244140625,688.7999877929688,651.5999755859375,685.5999755859375,685.5999755859375,1271756,yahoo
2023-10-02,683.4000244140625,691.4000244140625,659.5999755859375,664.4000244140625,664.4000244140625,1773985,yahoo
2023-10-03,661.4000244140625,671.7999877929688,653.4000244140625,661.0,661.0,1268040,yahoo
2023-10-04,659.0,687.7999877929688,657.2000122070312,685.0,685.0,826392,yahoo
2023-10-05,683.0,689.0,669.0,670.4000244140625,670.4000244140625,1380518,yahoo
2023-10-06,672.5999755859375,699.4000244140625,665.2000122070312,694.7999877929688,694.7999877929688,941673,yahoo
2023-10-09,689.5999755859375,705.5999755859375,683.4000244140625,689.5999755859375,689.5999755859375,1246785,yahoo
2023-10-10,696.5999755859375,717.5999755859375,689.2000122070312,712.0,712.0,992575,yahoo
2023-10-11,700.0,724.5999755859375,700.0,720.2000122070312,720.2000122070312,1283346,yahoo
2023-10-12,742.2000122070312,756.4000244140625,717.7999877929688,724.5999755859375,724.5999755859375,2340640,yahoo
2023-10-13,710.0,728.7999877929688,694.0999755859375,700.0,700.0,1415260,yahoo
2023-10-16,690.2000122070312,696.4000244140625,671.4000244140625,681.4000244140625,681.4000244140625,1037326,yahoo
2023-10-17,679.7999877929688,698.4000244140625,675.0,693.7999877929688,693.7999877929688,1079670,yahoo
2023-10-18,685.5999755859375,700.0,680.7999877929688,695.5999755859375,695.5999755859375,1038160,yahoo
2023-10-19,684.4000244140625,695.4000244140625,680.2000122070312,692.4000244140625,692.4000244140625,168989,yahoo
2023-10-20,681.4000244140625,684.4000244140625,666.0,672.2000122070312,672.2000122070312,845930,yahoo
2023-10-23,670.2000122070312,687.2000122070312,660.5999755859375,684.4000244140625,684.4000244140625,511400,yahoo
2023-10-24,681.2000122070312,689.0,670.4000244140625,675.0,675.0,1552633,yahoo
2023-10-25,673.0,681.5999755859375,662.2000122070312,670.0,670.0,776530,yahoo
2023-10-26,653.2000122070312,659.2000122070312,636.4000244140625,647.2000122070312,647.2000122070312,856691,yahoo
2023-10-27,634.4000244140625,653.4000244140625,633.5999755859375,651.4000244140625,651.4000244140625,754711,yahoo
2023-10-30,652.0,671.4000244140625,648.7999877929688,660.7999877929688,660.7999877929688,2514915,yahoo
2023-10-31,669.4000244140625,680.5999755859375,658.5999755859375,665.5999755859375,665.5999755859375,1574718,yahoo
2023-11-01,671.7999877929688,676.2000122070312,656.4000244140625,670.0,670.0,599765,yahoo
2023-11-02,679.7999877929688,697.4000244140625,666.0,673.0,673.0,1739183,yahoo
2023-11-03,673.0,687.2000122070312,666.5999755859375,678.0,678.0,623906,yahoo
2023-11-06,677.4000244140625,699.2000122070312,669.4000244140625,672.4000244140625,672.4000244140625,1236109,yahoo
2023-11-07,669.7999877929688,698.3920288085938,665.2000122070312,690.2000122070312,690.2000122070312,682896,yahoo
2023-11-08,686.2000122070312,692.5999755859375,679.2000122070312,682.7999877929688,682.7999877929688,1105776,yahoo
2023-11-09,681.4000244140625,696.0,679.2000122070312,691.5999755859375,691.5999755859375,1179419,yahoo
2023-11-10,687.2000122070312,696.4000244140625,672.0,672.5999755859375,672.5999755859375,1351412,yahoo
2023-11-13,682.0,704.5999755859375,668.7999877929688,688.5999755859375,688.5999755859375,2355508,yahoo
2023-11-14,700.0,722.5999755859375,676.2000122070312,722.5999755859375,722.5999755859375,4817589,yahoo
2023-11-15,706.2000122070312,727.2000122070312,685.2000122070312,716.5999755859375,716.5999755859375,2162301,yahoo
2023-11-16,721.2000122070312,721.2000122070312,698.5999755859375,701.2000122070312,701.2000122070312,841274,yahoo
2023-11-17,694.0,718.0,690.0,714.5999755859375,714.5999755859375,1143262,yahoo
2023-11-20,708.5999755859375,725.7999877929688,705.0,725.2000122070312,725.2000122070312,1523139,yahoo
2023-11-21,727.7999877929688,748.4000244140625,720.7999877929688,738.4000244140625,738.4000244140625,1925124,yahoo
2023-11-22,735.0,759.5999755859375,731.4000244140625,755.4000244140625,755.4000244140625,1442483,yahoo
2023-11-23,757.0,768.2000122070312,750.7999877929688,761.5999755859375,761.5999755859375,1033101,yahoo
2023-11-24,756.5999755859375,772.4000244140625,751.0,768.4000244140625,768.4000244140625,800936,yahoo
2023-11-27,768.5999755859375,784.2000122070312,765.4000244140625,770.7999877929688,770.7999877929688,1815423,yahoo
2023-11-28,770.2000122070312,786.2000122070312,765.5999755859375,781.7999877929688,781.7999877929688,1390672,yahoo
2023-11-29,786.4000244140625,796.7999877929688,779.4000244140625,781.2000122070312,781.2000122070312,1674558,yahoo
2023-11-30,779.7999877929688,785.2000122070312,774.2000122070312,780.7999877929688,780.7999877929688,4584041,yahoo
2023-12-01,776.7999877929688,792.5999755859375,766.2000122070312,789.7999877929688,789.7999877929688,1299659,yahoo
2023-12-04,793.0,801.5999755859375,778.5999755859375,783.4000244140625,783.4000244140625,1162982,yahoo
2023-12-05,778.5999755859375,800.5999755859375,776.1699829101562,800.0,800.0,1439779,yahoo
2023-12-06,800.0,814.4000244140625,795.2000122070312,807.4000244140625,807.4000244140625,1523095,yahoo
2023-12-07,804.0,812.4000244140625,800.7999877929688,806.4000244140625,806.4000244140625,904829,yahoo
2023-12-08,808.7999877929688,812.0,801.4000244140625,808.7999877929688,808.7999877929688,760012,yahoo
2023-12-11,809.2000122070312,817.7999877929688,803.7999877929688,817.7999877929688,817.7999877929688,1371798,yahoo
2023-12-12,817.5999755859375,830.2000122070312,796.2000122070312,827.0,827.0,1330807,yahoo
2023-12-13,828.0,838.4600219726562,819.4000244140625,830.0,830.0,1671507,yahoo
2023-12-14,842.0,868.4000244140625,830.0,830.0,830.0,2182099,yahoo
2023-12-15,829.7999877929688,833.5999755859375,793.4000244140625,803.5999755859375,803.5999755859375,7332134,yahoo
2023-12-18,799.0,826.2000122070312,794.2000122070312,825.2000122070312,825.2000122070312,2289692,yahoo
2023-12-19,826.0,862.7999877929688,825.4000244140625,861.2000122070312,861.2000122070312,1375933,yahoo
2023-12-20,863.5999755859375,879.0,856.0,874.2000122070312,874.2000122070312,1045798,yahoo
2023-12-21,869.7999877929688,886.0,864.4000244140625,880.0,880.0,1886421,yahoo
2023-12-22,878.7999877929688,885.8400268554688,871.0,871.7999877929688,871.7999877929688,323694,yahoo
2023-12-27,871.0,885.0,865.5999755859375,878.2000122070312,878.2000122070312,802900,yahoo
2023-12-28,880.2000122070312,890.0,865.5999755859375,882.4000244140625,882.4000244140625,470462,yahoo
2023-12-29,884.5999755859375,887.5999755859375,873.5999755859375,874.0,874.0,851567,yahoo
2024-01-02,856.0,856.0,805.4190063476562,846.4000244140625,846.4000244140625,1425147,yahoo
2024-01-03,839.5999755859375,847.4000244140625,815.5999755859375,826.0,826.0,1297433,yahoo
2024-01-04,826.0,841.7999877929688,821.5999755859375,840.0,840.0,1278210,yahoo
2024-01-05,824.0,835.2000122070312,819.4000244140625,834.5999755859375,834.5999755859375,1041528,yahoo
2024-01-08,834.0,849.5999755859375,831.4000244140625,845.5999755859375,845.5999755859375,649862,yahoo
2024-01-09,850.0,868.5999755859375,861.2000122070312,862.5999755859375,862.5999755859375,1233297,yahoo
2024-01-10,875.0,889.0,870.2000122070312,885.0,885.0,2613178,yahoo
2024-01-11,890.0,905.7999877929688,886.5999755859375,888.4000244140625,888.4000244140625,1253781,yahoo
2024-01-12,890.2000122070312,904.0,877.5999755859375,882.4000244140625,882.4000244140625,955249,yahoo
2024-01-15,874.0,882.4000244140625,868.0,878.5999755859375,878.5999755859375,2628871,yahoo
2024-01-16,860.5999755859375,891.0,848.4000244140625,884.5999755859375,884.5999755859375,2391773,yahoo
2024-01-17,843.2000122070312,862.5999755859375,836.2000122070312,858.2000122070312,858.2000122070312,2158503,yahoo
2024-01-18,858.0,862.7999877929688,844.7999877929688,855.5999755859375,855.5999755859375,1433564,yahoo
2024-01-19,850.5999755859375,857.7999877929688,828.0,831.7999877929688,831.7999877929688,1388880,yahoo
2024-01-22,836.2000122070312,851.4000244140625,828.7999877929688,832.7999877929688,832.7999877929688,1598806,yahoo
2024-01-23,833.7999877929688,846.4000244140625,822.0,843.0,843.0,1407615,yahoo
2024-01-24,850.0,857.7999877929688,838.5999755859375,844.4000244140625,844.4000244140625,2155860,yahoo
2024-01-25,841.7999877929688,846.0,833.0,841.4000244140625,841.4000244140625,2312495,yahoo
2024-01-26,842.0,842.0,827.0,838.2000122070312,838.2000122070312,901494,yahoo
2024-01-29,823.2000122070312,836.5999755859375,819.7999877929688,819.7999877929688,819.7999877929688,1144340,yahoo
2024-01-30,823.0,826.0,809.5999755859375,818.5999755859375,818.5999755859375,1456650,yahoo
2024-01-31,821.5999755859375,825.0,807.0,809.7999877929688,809.7999877929688,1343725,yahoo
2024-02-01,795.0,817.2000122070312,784.4000244140625,807.2000122070312,807.2000122070312,1192099,yahoo
2024-02-02,821.7999877929688,837.2000122070312,818.0,825.0,825.0,2158609,yahoo
2024-02-05,815.0,829.4000244140625,815.0,823.0,823.0,1608067,yahoo
2024-02-06,825.2000122070312,835.0,818.5999755859375,832.7999877929688,832.7999877929688,875494,yahoo
2024-02-07,826.7999877929688,844.2000122070312,823.2000122070312,835.7999877929688,835.7999877929688,1127023,yahoo
2024-02-08,836.7999877929688,867.5999755859375,836.7999877929688,841.4000244140625,841.4000244140625,1306163,yahoo
2024-02-09,841.4000244140625,863.7000122070312,841.4000244140625,857.5999755859375,857.5999755859375,1216207,yahoo
2024-02-12,854.0,860.5999755859375,848.5999755859375,850.0,850.0,961918,yahoo
2024-02-13,845.2000122070312,845.4000244140625,817.0,825.5999755859375,825.5999755859375,1074843,yahoo
2024-02-14,826.5999755859375,843.2000122070312,823.4000244140625,832.4000244140625,832.4000244140625,2275958,yahoo
2024-02-15,846.7999877929688,862.2000122070312,839.7999877929688,842.5999755859375,842.5999755859375,1206363,yahoo
2024-02-16,836.7999877929688,850.0,836.7999877929688,850.0,850.0,1205323,yahoo
2024-02-19,835.7999877929688,850.0,835.2000122070312,846.5999755859375,846.5999755859375,402883,yahoo
2024-02-20,840.2000122070312,850.7999877929688,830.2000122070312,838.2000122070312,838.2000122070312,1350193,yahoo
2024-02-21,836.0,843.7999877929688,830.0,841.0,841.0,758064,yahoo
2024-02-22,848.0,861.4000244140625,846.7999877929688,850.4000244140625,850.4000244140625,938433,yahoo
2024-02-23,850.2000122070312,859.7999877929688,845.5,859.0,859.0,762428,yahoo
2024-02-26,854.5999755859375,876.7999877929688,851.5689697265625,870.0,870.0,858418,yahoo
2024-02-27,867.7999877929688,888.7999877929688,861.5999755859375,885.7999877929688,885.7999877929688,1440618,yahoo
2024-02-28,884.2000122070312,893.7999877929688,879.4000244140625,892.4000244140625,892.4000244140625,888620,yahoo
2024-02-29,891.5999755859375,926.5999755859375,887.0,917.7999877929688,917.7999877929688,2985685,yahoo
2024-03-01,925.7999877929688,930.0,906.7000122070312,924.2000122070312,924.2000122070312,1767517,yahoo
2024-03-04,927.2000122070312,932.7999877929688,916.5999755859375,916.5999755859375,916.5999755859375,1159504,yahoo
2024-03-05,914.5999755859375,923.4000244140625,907.7999877929688,909.0,909.0,673724,yahoo
2024-03-06,908.0,908.0,892.2000122070312,902.5999755859375,902.5999755859375,798014,yahoo
2024-03-07,895.2000122070312,915.0,894.4000244140625,909.5999755859375,909.5999755859375,1326612,yahoo
2024-03-08,908.4000244140625,916.7940063476562,892.2000122070312,895.7999877929688,895.7999877929688,2835546,yahoo
2024-03-11,890.0,902.2000122070312,883.4000244140625,897.5999755859375,897.5999755859375,766578,yahoo
2024-03-12,900.0,912.7999877929688,895.0,908.5999755859375,908.5999755859375,992769,yahoo
2024-03-13,906.4000244140625,921.9000244140625,905.5999755859375,910.7999877929688,910.7999877929688,994127,yahoo
2024-03-14,894.5999755859375,908.4000244140625,859.5999755859375,908.4000244140625,908.4000244140625,1822584,yahoo
2024-03-15,914.0,955.4000244140625,908.5999755859375,922.7999877929688,922.7999877929688,3925646,yahoo
2024-03-18,921.5999755859375,952.5999755859375,917.5999755859375,945.2000122070312,945.2000122070312,1681483,yahoo
2024-03-19,944.4000244140625,954.2000122070312,910.5999755859375,933.7999877929688,933.7999877929688,2036906,yahoo
2024-03-20,932.0,958.7999877929688,929.301025390625,954.0,954.0,1199864,yahoo
2024-03-21,964.2000122070312,978.7999877929688,950.0,978.2000122070312,978.2000122070312,1316426,yahoo
2024-03-22,975.0,981.5999755859375,954.7999877929688,973.2000122070312,973.2000122070312,1465862,yahoo
2024-03-25,970.0,970.0,935.2000122070312,935.2000122070312,935.2000122070312,2126097,yahoo
2024-03-26,927.0,941.5999755859375,914.7999877929688,931.7999877929688,931.7999877929688,1973312,yahoo
2024-03-27,933.7999877929688,940.5999755859375,922.2000122070312,922.2000122070312,922.2000122070312,1034643,yahoo
2024-03-28,932.0,939.5999755859375,912.7999877929688,928.5999755859375,928.5999755859375,1146694,yahoo
2024-04-02,935.5,944.0,919.5,925.5,925.5,1348653,yahoo
2024-04-03,923.0,941.0,922.5,930.0,930.0,2378214,yahoo
2024-04-04,936.0,937.5,929.5,937.5,937.5,2483196,yahoo
2024-04-05,924.5,942.5,923.7509765625,938.0,938.0,720126,yahoo
2024-04-08,939.0,946.5,930.0,946.5,946.5,1535536,yahoo
2024-04-09,947.0,997.5,945.0,979.5,979.5,1457318,yahoo
2024-04-10,980.5,986.5,953.0,963.0,963.0,1188060,yahoo
2024-04-11,962.0,970.5,944.5,957.0,957.0,1017078,yahoo
2024-04-12,965.5,976.5,945.0,946.0,946.0,1145650,yahoo
2024-04-15,939.0,944.5,912.0,913.0,913.0,1758817,yahoo
2024-04-16,820.0,857.0,800.0,822.5,822.5,3218843,yahoo
2024-04-17,816.5,849.5,811.5,828.0,828.0,5119705,yahoo
2024-04-18,828.0,833.0,794.0,810.0,810.0,2079366,yahoo
2024-04-19,789.0,819.0,775.5,808.0,808.0,2120137,yahoo
2024-04-22,810.0,818.0,786.0,801.0,801.0,1488228,yahoo
2024-04-23,803.5,808.0,791.0,804.5,804.5,1336904,yahoo
2024-04-24,801.5,808.5,788.5,793.0,793.0,1438376,yahoo
2024-04-25,789.0,794.0,768.0,780.0,780.0,2085621,yahoo
2024-04-26,785.0,793.0,776.0,789.0,789.0,1173104,yahoo
2024-04-29,789.5,800.0,780.0,785.0,785.0,903748,yahoo
2024-04-30,787.0,791.5,772.0,776.5,776.5,1655372,yahoo
2024-05-01,774.0,784.0,765.5,773.5,773.5,667963,yahoo
2024-05-02,766.0,792.5,761.0,787.5,787.5,855539,yahoo
2024-05-03,788.5,799.5,782.5,787.0,787.0,675275,yahoo
2024-05-07,786.0,804.5,785.0,803.5,803.5,1900346,yahoo
2024-05-08,800.5,807.0,792.0,803.5,803.5,2321442,yahoo
2024-05-09,803.0,812.0,790.5,790.5,790.5,845036,yahoo
2024-05-10,788.5,803.0,782.5,798.5,798.5,826462,yahoo
2024-05-13,797.5,803.5,783.0,791.5,791.5,636532,yahoo
2024-05-14,791.0,800.0,780.5,788.0,788.0,579451,yahoo
2024-05-15,789.5,797.0,783.0,791.5,791.5,717262,yahoo
2024-05-16,790.5,798.5,784.5,787.0,787.0,622533,yahoo
2024-05-17,782.0,798.0,782.0,793.0,793.0,649965,yahoo
2024-05-20,791.5,798.5,785.5,788.0,788.0,923654,yahoo
2024-05-21,793.5,814.5,783.0,794.5,794.5,929250,yahoo
2024-05-22,794.0,814.0,792.5,799.0,799.0,1181583,yahoo
2024-05-23,800.5,811.5,794.0,798.0,798.0,683157,yahoo
2024-05-24,793.0,808.1400146484375,786.0,806.5,806.5,785332,yahoo
2024-05-28,805.5,811.5,794.5,800.5,800.5,1947358,yahoo
2024-05-29,798.5,807.0,786.0,792.0,792.0,1623801,yahoo
2024-05-30,791.5,809.0,787.0,801.0,801.0,834888,yahoo
2024-05-31,804.0,821.0,796.5,814.5,814.5,4865896,yahoo
2024-06-03,816.5,822.0,809.5,815.5,815.5,756103,yahoo
2024-06-04,816.0,824.0,810.5,812.5,812.5,1092220,yahoo
2024-06-05,814.0,841.35400390625,812.5,833.5,833.5,1156533,yahoo
2024-06-06,836.5,860.5,828.0,849.5,849.5,749697,yahoo
2024-06-07,850.0,860.0,844.0,854.0,854.0,3726121,yahoo
2024-06-10,847.5,860.4760131835938,832.7999877929688,833.0,833.0,1609736,yahoo
2024-06-11,837.0,851.0,834.5,840.5,840.5,2600719,yahoo
2024-06-12,846.0,854.3200073242188,831.0,843.5,843.5,2438550,yahoo
2024-06-13,700.0,775.5,646.0,746.5,746.5,8252645,yahoo
2024-06-14,730.0,745.0,708.5,713.5,713.5,4593149,yahoo
2024-06-17,713.5,715.0,682.5,690.0,690.0,2748071,yahoo
2024-06-18,697.0,702.5,687.5,694.5,694.5,1270672,yahoo
2024-06-19,692.5,694.0,674.0,690.0,690.0,1567259,yahoo
2024-06-20,687.0,694.5,674.0,685.5,685.5,1975598,yahoo
2024-06-21,690.0,694.5,678.5,681.0,681.0,4487479,yahoo
2024-06-24,670.0,686.5,661.0,686.5,686.5,1419497,yahoo
2024-06-25,682.0,691.0,677.0,682.5,682.5,2420860,yahoo
2024-06-26,683.5,690.5,681.0,689.5,689.5,1166803,yahoo
2024-06-27,682.5,694.0,676.0,685.0,685.0,2813316,yahoo
2024-06-28,682.0,693.5,664.0,681.5,681.5,2400100,yahoo
2024-07-01,680.0,700.0,675.0,698.5,698.5,1422436,yahoo
2024-07-02,695.0,707.0,691.5,704.0,704.0,1609745,yahoo
2024-07-03,708.0,730.5,699.5,726.0,726.0,1184664,yahoo
2024-07-04,727.0,732.5,721.5,727.0,727.0,886836,yahoo
2024-07-05,732.0,752.0,722.5,742.5,742.5,3190845,yahoo
2024-07-08,740.0,756.5,722.5,744.5,744.5,1402030,yahoo
2024-07-09,743.0,747.0,721.5,721.5,721.5,2012610,yahoo
2024-07-10,720.5,733.0,716.0,729.0,729.0,3574447,yahoo
2024-07-11,739.0,757.0,724.5,757.0,757.0,2017092,yahoo
2024-07-12,760.0,763.5,746.0,761.5,761.5,1298686,yahoo
2024-07-15,756.5,766.5,747.0,747.0,747.0,3198164,yahoo
2024-07-16,771.5,798.5,760.0,796.0,796.0,3797805,yahoo
2024-07-17,786.5,805.0,777.5,787.0,787.0,2287555,yahoo
2024-07-18,776.5,797.0,771.5,792.5,792.5,1840457,yahoo
2024-07-19,788.5,794.0,768.5,786.5,786.5,2006993,yahoo
2024-07-22,786.5,793.0,775.75,783.0,783.0,948677,yahoo
2024-07-23,777.5,788.0,769.5,769.5,769.5,1535216,yahoo
2024-07-24,761.0,768.5,740.0,751.0,751.0,1249943,yahoo
2024-07-25,738.5,741.5,558.0,712.0,712.0,3534948,yahoo
2024-07-26,712.0,733.5,705.5,723.0,723.0,817244,yahoo
2024-07-29,723.5,743.5,716.5,716.5,716.5,869765,yahoo
2024-07-30,718.5,737.0,715.0,720.0,720.0,735034,yahoo
2024-07-31,729.5,737.0,714.5,716.5,716.5,1756797,yahoo
2024-08-02,692.5,699.5,668.0,670.0,670.0,1391015,yahoo
2024-08-05,649.5,657.5,629.0,657.0,657.0,1411126,yahoo
2024-08-06,664.0,672.5,647.5,654.0,654.0,1216236,yahoo
2024-08-07,659.5,683.1849975585938,658.0,674.5,674.5,1746224,yahoo
2024-08-08,669.5,687.0,662.5,671.0,671.0,721819,yahoo
2024-08-09,671.0,685.5,670.5,685.5,685.5,831716,yahoo
2024-08-12,687.5,694.0,679.0,685.0,685.0,1791798,yahoo
2024-08-13,690.0,700.5,686.5,700.0,700.0,691490,yahoo
2024-08-14,703.5,709.5,686.5,693.5,693.5,1273718,yahoo
2024-08-15,700.0,709.0,692.0,708.0,708.0,685322,yahoo
2024-08-16,710.0,724.0,695.5,716.5,716.5,981975,yahoo
2024-08-19,714.5,729.0,714.5,720.0,720.0,598017,yahoo
2024-08-20,719.0,726.5,713.0,713.0,713.0,456712,yahoo
2024-08-21,712.0,722.5,709.0,715.0,715.0,1246879,yahoo
2024-08-22,714.0,723.0,698.0,713.0,713.0,410979,yahoo
2024-08-23,712.5,719.5,706.0,711.0,711.0,511337,yahoo
2024-08-27,713.0,721.0,709.5,711.5,711.5,864804,yahoo
2024-08-28,713.0,713.5,690.0,690.0,690.0,1025590,yahoo
2024-08-29,688.0,702.0,682.0,702.0,702.0,1130379,yahoo
2024-08-30,701.0,710.0,698.0,704.5,704.5,6655075,yahoo
2024-09-02,707.0,710.0,693.0,699.0,699.0,553426,yahoo
2024-09-03,697.0,702.5,688.0,692.5,692.5,956250,yahoo
2024-09-04,685.0,700.5,671.0,679.5,679.5,975467,yahoo
2024-09-05,676.5,679.5,657.0,657.0,657.0,1793467,yahoo
2024-09-06,653.0,655.5,626.0,631.0,631.0,1944768,yahoo
2024-09-09,634.0,647.0,631.0,631.5,631.5,1119857,yahoo
2024-09-10,628.0,650.0,626.0999755859375,630.0,630.0,1129662,yahoo
2024-09-11,634.0,652.5,627.0,631.5,631.5,1087381,yahoo
2024-09-12,639.5,647.5,627.5,635.0,635.0,1275200,yahoo
2024-09-13,635.5,646.0,635.0,646.0,646.0,898614,yahoo
2024-09-16,642.0,645.0,624.5,630.0,630.0,1484020,yahoo
2024-09-17,634.0,640.0,630.0,634.0,634.0,863521,yahoo
2024-09-18,634.5,645.5,628.5,641.0,641.0,1451786,yahoo
2024-09-19,645.5,675.5,645.0,670.5,670.5,1325885,yahoo
2024-09-20,670.0,673.5,635.0,635.0,635.0,2467533,yahoo
2024-09-23,634.0,645.5,629.5,640.0,640.0,1072282,yahoo
2024-09-24,646.0,649.5,641.5,649.5,649.5,568489,yahoo
2024-09-25,647.0,660.5,645.0,649.0,649.0,2033439,yahoo
2024-09-26,658.0,673.0,656.5,667.5,667.5,897927,yahoo
2024-09-27,670.5,675.0,655.0,662.0,662.0,1453962,yahoo
2024-09-30,655.5,677.5,655.5,671.5,671.5,1469469,yahoo
2024-10-01,667.5,672.0,652.0,656.0,656.0,2272277,yahoo
2024-10-02,659.0,663.5,649.5,656.0,656.0,1584998,yahoo
2024-10-03,657.5,660.0,646.0,654.0,654.0,676311,yahoo
2024-10-04,653.0,662.0,649.5,654.0,654.0,758117,yahoo
2024-10-07,658.0,665.5,651.0079956054688,658.0,658.0,1782979,yahoo
2024-10-08,658.5,658.5,642.0,651.0,651.0,1442010,yahoo
2024-10-09,653.5,664.5,651.0,658.5,658.5,903619,yahoo
2024-10-10,651.5,661.0,647.0,656.0,656.0,1211812,yahoo
2024-10-11,661.0,680.0,660.0,663.0,663.0,1055812,yahoo
2024-10-14,656.0,678.5,651.0,678.5,678.5,2769313,yahoo
2024-10-15,692.0,723.0,687.0,693.0,693.0,3072373,yahoo
2024-10-16,696.0,702.0,693.5,693.5,693.5,1434015,yahoo
2024-10-17,691.5,700.0,690.0,698.0,698.0,1753905,yahoo
2024-10-18,694.0,709.0,694.0,709.0,709.0,1801217,yahoo
2024-10-21,709.0,712.5,699.5,704.0,704.0,2784270,yahoo
2024-10-22,702.5,722.0,700.0,721.5,721.5,1684481,yahoo
2024-10-23,719.5,758.0,719.0,752.0,752.0,1752673,yahoo
2024-10-24,750.5,765.0,747.0,753.0,753.0,614971,yahoo
2024-10-25,746.5,750.0,734.5,735.0,735.0,1002600,yahoo
2024-10-28,737.5,739.5,719.0,729.5,729.5,1336353,yahoo
2024-10-29,718.0,732.5,707.5,713.0,713.0,1530059,yahoo
2024-10-30,710.0,727.0,706.9520263671875,708.0,708.0,1147265,yahoo
2024-10-31,702.0,709.0,697.0,706.0,706.0,1390814,yahoo
2024-11-01,709.0,710.5,702.0,706.0,706.0,966804,yahoo
2024-11-04,704.5,710.5,699.0,710.0,710.0,1193671,yahoo
2024-11-05,718.5,777.4450073242188,715.5,770.5,770.5,2559380,yahoo
2024-11-06,796.0,833.5,786.5,800.0,800.0,2340638,yahoo
2024-11-07,813.5,835.0,804.0,820.0,820.0,1686667,yahoo
2024-11-08,810.0,823.5,807.219970703125,821.0,821.0,1590983,yahoo
2024-11-11,822.5,848.5,822.0,842.5,842.5,1590354,yahoo
2024-11-12,833.0,848.1749877929688,819.5,841.0,841.0,2314156,yahoo
2024-11-13,841.0,853.0,824.5,836.0,836.0,1608950,yahoo
2024-11-14,833.5,851.5,831.0,841.0,841.0,911254,yahoo
2024-11-15,830.5,846.0,829.5,837.0,837.0,1052895,yahoo
2024-11-18,832.0,843.5,828.5,840.0,840.0,1230743,yahoo
2024-11-19,840.0,846.0,821.5,836.5,836.5,834673,yahoo
2024-11-20,835.5,846.5,834.0,843.5,843.5,1790293,yahoo
2024-11-21,842.0,868.5,840.5,867.5,867.5,1354606,yahoo
2024-11-22,870.5,878.6950073242188,862.5,871.0,871.0,1253862,yahoo
2024-11-25,875.0,886.0,872.5,880.0,880.0,6676644,yahoo
2024-11-26,866.5,875.5,859.5,872.5,872.5,1766220,yahoo
2024-11-27,870.0,877.0,862.5,873.0,873.0,2787127,yahoo
2024-11-28,873.0,884.0,871.4749755859375,881.0,881.0,661139,yahoo
2024-11-29,876.0,884.5,871.0,882.0,882.0,1268583,yahoo
2024-12-02,883.5,901.5,876.0,900.0,900.0,1372169,yahoo
2024-12-03,891.5,906.8350219726562,891.5,901.0,901.0,1171171,yahoo
2024-12-04,901.0,908.5,896.5,900.5,900.5,1518706,yahoo
2024-12-05,900.5,923.0,899.5,920.0,920.0,1544197,yahoo
2024-12-06,920.0,937.7249755859375,916.5,929.5,929.5,2343850,yahoo
2024-12-09,930.0,942.5,919.5,936.0,936.0,4676485,yahoo
2024-12-10,930.5,936.5,926.0,927.0,927.0,890994,yahoo
2024-12-11,922.5,945.5,921.0,941.0,941.0,2005940,yahoo
2024-12-12,942.0,946.0,928.5,938.0,938.0,1221723,yahoo
2024-12-13,937.0,946.5,936.0,937.0,937.0,1252010,yahoo
2024-12-16,931.5,942.0,912.0,941.5,941.5,1707508,yahoo
2024-12-17,940.0,998.5,933.5,991.0,991.0,3588631,yahoo
2024-12-18,1011.0,1052.0,1006.0,1030.0,1030.0,3466130,yahoo
2024-12-19,1010.0,1038.0,1010.0,1031.0,1031.0,1522631,yahoo
2024-12-20,1021.0,1041.0,1013.0,1037.0,1037.0,3318556,yahoo
2024-12-23,1035.0,1052.0,1031.0,1045.0,1045.0,1545792,yahoo
2024-12-24,1049.0,1065.0,1036.0,1064.0,1064.0,352414,yahoo
2024-12-27,1064.0,1064.0,1043.0,1050.0,1050.0,838362,yahoo
2024-12-30,1049.0,1059.0,1034.0,1044.0,1044.0,985245,yahoo
2024-12-31,1027.0,1066.0,1023.0,1066.0,1066.0,513823,yahoo
2025-01-02,1063.0,1077.0,1048.0,1066.0,1066.0,1121874,yahoo
2025-01-03,1067.0,1111.0,1043.0,1096.0,1096.0,1510842,yahoo
2025-01-06,1102.0,1140.0,1100.0,1122.0,1122.0,1759035,yahoo
2025-01-07,1133.0,1135.0,1112.0,1119.0,1119.0,1298449,yahoo
2025-01-08,1115.0,1126.0,1089.0,1111.0,1111.0,1046828,yahoo
2025-01-09,1100.0,1123.0,1085.0,1117.0,1117.0,930871,yahoo
2025-01-10,1119.0,1132.0,1082.0,1084.0,1084.0,1813764,yahoo
2025-01-13,1080.0,1089.0,1042.0,1043.0,1043.0,2305816,yahoo
2025-01-14,1043.0,1066.0,1030.0,1043.0,1043.0,3222347,yahoo
2025-01-15,1042.0,1063.0,1022.0,1055.0,1055.0,1912475,yahoo
2025-01-16,984.0,1044.0,955.0,1044.0,1044.0,2329798,yahoo
2025-01-17,1048.0,1050.0,1021.0,1027.0,1027.0,1501249,yahoo
2025-01-20,1023.0,1027.0,1003.0,1025.0,1025.0,1407451,yahoo
2025-01-21,1028.0,1042.0,1018.0,1040.0,1040.0,1664303,yahoo
2025-01-22,1041.0,1076.0,1037.0,1064.0,1064.0,1496930,yahoo
2025-01-23,1048.0,1086.0,1048.0,1083.0,1083.0,1576684,yahoo
2025-01-24,1084.0,1126.0,1082.0,1097.0,1097.0,1557332,yahoo
2025-01-27,1081.0,1093.0,1057.0,1080.0,1080.0,1301564,yahoo
2025-01-28,1081.0,1108.0,1078.0,1094.0,1094.0,1033935,yahoo
2025-01-29,1100.0,1110.0,1098.0,1103.0,1103.0,801958,yahoo
2025-01-30,1098.0,1123.0,1098.0,1115.0,1115.0,744358,yahoo
2025-01-31,1109.0,1125.0,1094.0,1114.0,1114.0,1740926,yahoo
2025-02-03,1089.0,1109.0,1057.0,1104.0,1104.0,1799413,yahoo
2025-02-04,1105.0,1118.0,1102.0,1110.0,1110.0,1449012,yahoo
2025-02-05,1104.0,1125.0,1096.0,1125.0,1125.0,1994211,yahoo
2025-02-06,1125.0,1135.0,1111.0040283203125,1131.0,1131.0,1217156,yahoo
2025-02-07,1124.0,1129.0,1083.0,1088.0,1088.0,3483672,yahoo
2025-02-10,1092.56103515625,1099.0,1080.0,1085.0,1085.0,1129492,yahoo
2025-02-11,1083.0,1088.0,1062.0,1072.0,1072.0,1217049,yahoo
2025-02-12,1066.0,1080.0,1020.3280029296875,1067.0,1067.0,1111898,yahoo
2025-02-13,1069.0,1078.0,1058.0,1070.0,1070.0,1265476,yahoo
2025-02-14,1064.0,1072.0,1056.0,1060.0,1060.0,2537246,yahoo
2025-02-17,1059.0,1095.0,1056.0,1091.0,1091.0,807909,yahoo
2025-02-18,1097.0,1106.0,1076.0,1088.0,1088.0,913397,yahoo
2025-02-19,1085.0,1110.0,1077.0,1092.0,1092.0,1109197,yahoo
2025-02-20,1079.0,1098.0,1063.0,1075.0,1075.0,881394,yahoo
2025-02-21,1076.0,1082.0,1004.0,1018.0,1018.0,2658140,yahoo
2025-02-24,1012.0,1022.0,988.5,1004.0,1004.0,1423429,yahoo
2025-02-25,999.0,1013.0,977.5,984.0,984.0,1161206,yahoo
2025-02-26,989.0,1007.0,987.0,1002.0,1002.0,1445415,yahoo
2025-02-27,1000.0,1009.0,973.5,990.0,990.0,1678364,yahoo
2025-02-28,977.0,999.0,966.5,992.5,992.5,2612864,yahoo
2025-03-03,994.0,1001.2000122070312,972.9140014648438,987.0,987.0,2202856,yahoo
2025-03-04,978.5,985.5,946.0,950.0,950.0,1655611,yahoo
2025-03-05,970.0,977.0,949.0,963.0,963.0,1006760,yahoo
2025-03-06,967.0,972.0,942.5,948.5,948.5,1283214,yahoo
2025-03-07,938.0,949.0,918.5,934.0,934.0,872893,yahoo
2025-03-10,942.0,942.0,894.5,906.0,906.0,1410377,yahoo
2025-03-11,904.5,910.0,888.0,888.5,888.5,943969,yahoo
2025-03-12,893.0,919.5,891.0,919.5,919.5,1414390,yahoo
2025-03-13,913.5,917.0,902.5,912.5,912.5,1545714,yahoo
2025-03-14,900.5,918.5,891.5,906.0,906.0,1263802,yahoo
2025-03-17,915.0,918.5,904.5,915.5,915.5,2052427,yahoo
2025-03-18,921.0,926.5,910.5,926.5,926.5,3520734,yahoo
2025-03-19,924.5,948.5,919.5,946.0,946.0,1083910,yahoo
2025-03-20,947.5,957.5,937.5,957.5,957.5,1323372,yahoo
2025-03-21,954.0,956.5,941.0,953.5,953.5,1894100,yahoo
2025-03-24,960.0,969.0,957.0,964.0,964.0,1743551,yahoo
2025-03-25,964.0,971.0,953.5,962.0,962.0,807580,yahoo
2025-03-26,966.5,989.0,945.0,964.5,964.5,2215285,yahoo
2025-03-27,954.5,967.0,946.0,961.0,961.0,2031354,yahoo
2025-03-28,955.5,963.5,944.0,950.0,950.0,958439,yahoo
2025-03-31,949.0,979.0,940.5,945.0,945.0,1722865,yahoo
2025-04-01,951.5,996.5,950.0,974.0,974.0,2930090,yahoo
2025-04-02,971.5,989.5,961.5,984.0,984.0,1519333,yahoo
2025-04-03,999.0,1046.0,930.5,935.5,935.5,2460606,yahoo
2025-04-04,918.0,922.5,876.0,890.0,890.0,4034271,yahoo
2025-04-07,853.5,919.7000122070312,830.5,872.5,872.5,2732148,yahoo
2025-04-08,887.5,928.0,883.5,914.0,914.0,1714576,yahoo
2025-04-09,888.5,912.5,875.5,896.5,896.5,2257224,yahoo
2025-04-10,951.5,981.0,929.5,935.0,935.0,1485430,yahoo
2025-04-11,928.5,939.0,902.0,913.5,913.5,1316046,yahoo
2025-04-14,919.0,959.0,906.0,955.0,955.0,2581975,yahoo
2025-04-15,943.0,971.0,936.0,971.0,971.0,1815152,yahoo
2025-04-16,961.5,969.5,948.5,968.0,968.0,992097,yahoo
2025-04-17,961.0,989.22998046875,950.0,962.5,962.5,1006191,yahoo
2025-04-22,927.5,960.0,927.5,958.0,958.0,924896,yahoo
2025-04-23,964.5,982.0,952.5,967.0,967.0,2856542,yahoo
2025-04-24,962.5,969.0,941.0,969.0,969.0,1814611,yahoo
2025-04-25,966.0,989.4949951171875,956.5,968.5,968.5,2588209,yahoo
2025-04-28,962.0,976.0,947.5,967.5,967.5,797270,yahoo
2025-04-29,961.5,989.0,960.0,988.0,988.0,1158410,yahoo
2025-04-30,982.5,993.0,964.5,978.5,978.5,1690120,yahoo
2025-05-01,970.0,995.0,966.0,995.0,995.0,862597,yahoo
2025-05-02,996.5,1034.0,986.5,1029.0,1029.0,1245534,yahoo
2025-05-06,1037.0,1055.0,1012.0,1030.0,1030.0,1792118,yahoo
2025-05-07,1021.0,1043.0,1008.0,1021.0,1021.0,1015503,yahoo
2025-05-08,1032.0,1046.0,1024.0,1034.0,1034.0,1226254,yahoo
2025-05-09,1039.0,1046.0,1034.0,1039.0,1039.0,911957,yahoo
2025-05-12,1037.0,1053.0,1018.0,1039.0,1039.0,1143842,yahoo
2025-05-13,1035.0,1057.0,1029.0,1054.0,1054.0,1028119,yahoo
2025-05-14,1056.0,1064.0,1037.0,1055.0,1055.0,1771312,yahoo
2025-05-15,1055.0,1095.0,1051.0,1079.0,1079.0,2987700,yahoo
2025-05-16,1085.0,1090.0,1072.0,1076.0,1076.0,1232372,yahoo
2025-05-19,1071.0,1099.0,1069.0,1099.0,1099.0,2209279,yahoo
2025-05-20,1102.0,1132.0,1092.0,1100.0,1100.0,1263219,yahoo
2025-05-21,1093.0,1104.0,1080.0,1097.0,1097.0,904539,yahoo
2025-05-22,1092.0,1100.0,1074.0,1098.0,1098.0,1147133,yahoo
2025-05-23,1100.0,1101.0,1069.0,1088.0,1088.0,1623217,yahoo
2025-05-27,1098.0,1134.0,1078.0,1117.0,1117.0,2944040,yahoo
2025-05-28,1114.0,1124.0,1084.0,1084.0,1084.0,3719969,yahoo
2025-05-29,1100.0,1100.2149658203125,1085.0,1091.0,1091.0,1955155,yahoo
2025-05-30,1088.0,1110.0,1084.0,1099.0,1099.0,2890564,yahoo
2025-06-02,1091.0,1100.0,1070.0,1091.0,1091.0,1251897,yahoo
2025-06-03,1095.0,1105.0,1070.0,1076.0,1076.0,1058655,yahoo
2025-06-04,1080.0,1095.0,1067.0,1083.0,1083.0,1236544,yahoo
2025-06-05,1100.0,1225.0,1090.0,1160.0,1160.0,5549415,yahoo
2025-06-06,1150.0,1160.0,1132.0,1141.0,1141.0,2591730,yahoo
2025-06-09,1136.0,1140.0,1094.0,1114.0,1114.0,1306190,yahoo
2025-06-10,1108.0,1119.0,1078.0,1080.0,1080.0,1415678,yahoo
2025-06-11,1080.0,1096.0,1065.0,1065.0,1065.0,1714601,yahoo
2025-06-12,1054.0,1067.0,1045.0,1050.0,1050.0,2594488,yahoo
2025-06-13,1032.0,1047.0,1024.0,1027.0,1027.0,1623010,yahoo
2025-06-16,1030.0,1035.0,1021.0,1030.0,1030.0,1210588,yahoo
2025-06-17,1020.0,1056.0,1020.0,1051.0,1051.0,1805856,yahoo
2025-06-18,1060.0,1088.0,1044.0,1066.0,1066.0,1365562,yahoo
2025-06-19,1063.0,1072.0,1048.0,1059.0,1059.0,1562601,yahoo
2025-06-20,1064.0,1070.0,1020.0,1041.0,1041.0,5769187,yahoo
2025-06-23,1041.0,1056.0,1032.0,1048.0,1048.0,1071616,yahoo
2025-06-24,1050.0,1075.0,1048.0,1072.0,1072.0,1265738,yahoo
2025-06-25,1073.0,1083.0,1066.0,1078.0,1078.0,1712747,yahoo
2025-06-26,1081.0,1094.0,1066.0,1068.0,1068.0,1127991,yahoo
2025-06-27,1071.0,1077.0,1030.0,1035.0,1035.0,2179116,yahoo
2025-06-30,1044.0,1058.0,1036.0,1040.0,1040.0,1228581,yahoo
2025-07-01,1032.0,1054.0,1010.0,1037.0,1037.0,2258982,yahoo
2025-07-02,1040.0,1066.0849609375,1031.0,1066.0,1066.0,1587752,yahoo
2025-07-03,1072.0,1085.0,1045.0,1053.0,1053.0,755550,yahoo
2025-07-04,1050.0,1056.0,1032.0,1033.0,1033.0,451864,yahoo
2025-07-07,1031.0,1062.0,1026.0,1054.0,1054.0,570396,yahoo
2025-07-08,1059.0,1097.0,1047.0,1097.0,1097.0,1165393,yahoo
2025-07-09,1100.0,1118.0,1085.0,1098.0,1098.0,1387520,yahoo
2025-07-10,1106.0,1119.0,1075.0,1080.0,1080.0,1450044,yahoo
2025-07-11,1080.0,1087.0,1070.0,1086.0,1086.0,856236,yahoo
2025-07-14,1080.0,1090.0,1066.0,1087.0,1087.0,484113,yahoo
2025-07-15,1092.0,1143.0,1082.0,1133.0,1133.0,2798369,yahoo
2025-07-16,1132.0,1153.0,1125.0,1132.0,1132.0,1090133,yahoo
2025-07-17,1106.0,1125.0,1001.0,1067.0,1067.0,6624841,yahoo
2025-07-18,1051.0,1067.0,1032.0,1038.0,1038.0,4051121,yahoo
2025-07-21,1021.0,1043.0,1015.0,1033.0,1033.0,2862038,yahoo
2025-07-22,1034.0,1041.0,1006.0,1011.0,1011.0,1957268,yahoo
2025-07-23,1018.0,1028.0,1006.0,1009.0,1009.0,1418580,yahoo
2025-07-24,1010.0,1045.0,1002.0,1045.0,1045.0,2673842,yahoo
2025-07-25,1041.0,1042.0,1011.0,1023.0,1023.0,779798,yahoo
2025-07-28,1029.0,1042.0,1014.0,1030.0,1030.0,861266,yahoo
2025-07-29,1036.0,1049.0,1011.0,1011.0,1011.0,1219601,yahoo
2025-07-30,1012.0,1026.051025390625,1002.0,1026.0,1026.0,1053960,yahoo
2025-07-31,1027.0,1038.0,1015.0,1015.0,1015.0,1412977,yahoo
2025-08-01,1010.0,1021.0,1000.0,1018.0,1018.0,1074628,yahoo
2025-08-04,1025.0,1039.0,1018.0,1033.0,1033.0,4066626,yahoo
2025-08-05,1039.0,1045.0,1029.0,1031.0,1031.0,519305,yahoo
2025-08-06,1037.0,1043.0,1025.0,1035.0,1035.0,627435,yahoo
2025-08-07,1043.0,1065.0,1040.0,1059.0,1059.0,851088,yahoo
2025-08-08,1057.0,1065.0,1013.0,1020.0,1020.0,731272,yahoo
2025-08-11,1027.0,1030.0,1012.0,1019.0,1019.0,646971,yahoo
2025-08-12,1020.0,1024.0,1002.0,1020.0,1020.0,1334324,yahoo
2025-08-13,1026.0,1066.0,1023.0,1057.0,1057.0,1484379,yahoo
2025-08-14,1060.0,1062.0,1035.0,1055.0,1055.0,1014422,yahoo
2025-08-15,1058.0,1063.0,1044.0,1052.0,1052.0,545255,yahoo
2025-08-18,1059.0,1085.0,1057.0,1069.0,1069.0,737013,yahoo
2025-08-19,1070.0,1078.0,1062.0,1069.0,1069.0,1007559,yahoo
2025-08-20,1069.0,1090.0,1061.0,1075.0,1075.0,707931,yahoo
2025-08-21,1076.0,1078.0,1060.0,1070.0,1070.0,892002,yahoo
2025-08-22,1069.0,1085.0,1055.0,1085.0,1085.0,691762,yahoo
2025-08-26,1073.0,1093.0,1063.0,1073.0,1073.0,2188545,yahoo
2025-08-27,1074.0,1077.0,1054.0,1057.0,1057.0,604534,yahoo
2025-08-28,1061.0,1064.0,1039.0,1057.0,1057.0,694950,yahoo
2025-08-29,1054.0,1065.0,1049.0,1054.0,1054.0,687449,yahoo
2025-09-01,1063.0,1075.0,1057.0,1070.0,1070.0,419630,yahoo
2025-09-02,1078.0,1120.0,1070.0,1100.0,1100.0,3126277,yahoo
2025-09-03,1102.0,1132.0,1101.0,1125.0,1125.0,939133,yahoo
2025-09-04,1114.0,1141.0,1109.0,1132.0,1132.0,1348024,yahoo
2025-09-05,1139.0,1144.0,1123.0,1142.0,1142.0,933559,yahoo
2025-09-08,1146.0,1149.0,1134.0,1147.0,1147.0,682339,yahoo
2025-09-09,1150.0,1151.0,1135.9859619140625,1151.0,1151.0,733069,yahoo
2025-09-10,1157.0,1164.0,1131.0,1134.0,1134.0,713708,yahoo
2025-09-11,1138.0,1138.0,1107.0,1110.0,1110.0,1104460,yahoo
2025-09-12,1117.0,1125.0,1104.0,1123.0,1123.0,794096,yahoo
2025-09-15,1125.0,1137.0,1122.0,1129.0,1129.0,502426,yahoo
2025-09-16,1132.0,1133.530029296875,1099.0,1101.0,1101.0,1443607,yahoo
2025-09-17,1108.0,1111.0,1090.0,1095.0,1095.0,1064657,yahoo
2025-09-18,1103.0,1104.0,1084.0,1088.0,1088.0,1058987,yahoo
2025-09-19,1086.0,1092.0,1064.0,1078.0,1078.0,4581798,yahoo
2025-09-22,1082.0,1091.0,1062.0,1067.0,1067.0,741022,yahoo
2025-09-23,1070.0,1103.0,1065.0,1085.0,1085.0,1326367,yahoo
2025-09-24,1082.0,1100.0,1072.0,1093.0,1093.0,1048692,yahoo
2025-09-25,1089.0,1090.0,1064.0,1071.0,1071.0,754282,yahoo
2025-09-26,1067.0,1072.5,1054.0,1069.0,1069.0,599393,yahoo
2025-09-29,1067.0,1079.0,1058.0,1079.0,1079.0,1125166,yahoo
2025-09-30,1080.0,1084.0,1035.0,1035.0,1035.0,2846032,yahoo
2025-10-01,1031.0,1036.0,1007.0,1007.0,1007.0,2412560,yahoo
2025-10-02,1010.0,1020.0,1000.0,1006.0,1006.0,5256645,yahoo
2025-10-03,1009.0,1018.0,984.0,984.0,984.0,1727381,yahoo
2025-10-06,986.5,1005.0,983.0,993.0,993.0,1881289,yahoo
2025-10-07,993.0,1015.0,989.6500244140625,1004.0,1004.0,1518564,yahoo
2025-10-08,1008.0,1013.0,997.5,1004.0,1004.0,3143432,yahoo
2025-10-09,1005.0,1022.0,994.0,994.0,994.0,1784414,yahoo
2025-10-10,997.5,1003.0,979.75,980.0,980.0,4083682,yahoo
2025-10-13,982.0,988.0,970.0,983.5,983.5,1042945,yahoo
2025-10-14,975.0,990.0,972.5,984.5,984.5,2926138,yahoo
2025-10-15,985.5,989.0,979.0,980.5,980.5,2011731,yahoo
2025-10-16,980.0,981.5,960.0,968.5,968.5,1740370,yahoo
2025-10-17,958.5,966.0,937.5,951.0,951.0,1622694,yahoo
2025-10-20,967.0,968.0,949.0,957.0,957.0,1220702,yahoo
2025-10-21,959.5,985.0,959.0,985.0,985.0,1132259,yahoo
2025-10-22,987.0,1007.0,982.0,997.5,997.5,1142745,yahoo
2025-10-23,999.5,999.5,981.0,993.5,993.5,1415304,yahoo
2025-10-24,997.0,1001.0,991.0,999.0,999.0,760123,yahoo
2025-10-27,1000.0,1009.0,989.0,1006.0,1006.0,851396,yahoo
2025-10-28,1006.0,1006.0,988.5,991.0,991.0,1656123,yahoo
2025-10-29,985.0,1003.0,981.5,984.5,984.5,957677,yahoo
2025-10-30,985.0,998.5,982.0,987.5,987.5,888214,yahoo
2025-10-31,988.0,990.0,956.0,966.5,966.5,1315057,yahoo
2025-11-03,967.0,976.094970703125,950.0,950.0,950.0,1148517,yahoo
2025-11-04,944.5,971.0,933.5,963.0,963.0,1401331,yahoo
2025-11-05,957.5,960.0,942.0,950.5,950.5,1489361,yahoo
2025-11-06,939.0,956.5,854.0,910.0,910.0,5647647,yahoo
2025-11-07,913.5,934.0,905.5,908.0,908.0,4813225,yahoo
2025-11-10,911.5,929.5,910.0,925.0,925.0,1497854,yahoo
2025-11-11,929.0,952.0,927.5,945.5,945.5,1407505,yahoo
2025-11-12,947.0,962.5,945.5,957.5,957.5,2479363,yahoo
2025-11-13,955.0,968.5,927.0,927.0,927.0,1518285,yahoo
2025-11-14,920.5,925.5,905.0,917.5,917.5,1812494,yahoo
2025-11-17,919.5,923.0,905.5,912.0,912.0,992862,yahoo
2025-11-18,910.5,912.0,893.0,895.0,895.0,1171379,yahoo
2025-11-19,900.0,907.5,895.5,896.0,896.0,1085057,yahoo
2025-11-20,906.5,912.0,884.5,889.0,889.0,943623,yahoo
2025-11-21,888.0,888.5,868.0,874.0,874.0,1770421,yahoo
2025-11-24,880.0,883.5,864.0,871.0,871.0,1774450,yahoo
2025-11-25,874.5,888.0,860.0,879.0,879.0,1986647,yahoo
2025-11-26,885.0,887.0,866.0,867.0,867.0,2033430,yahoo
2025-11-27,871.5,883.5,865.0,870.0,870.0,2530361,yahoo
2025-11-28,872.0,883.0,868.0,883.0,883.0,2765786,yahoo
2025-12-01,880.0,883.0,867.0,876.5,876.5,1051215,yahoo
2025-12-02,884.0,894.5,873.0,877.0,877.0,1102514,yahoo
2025-12-03,880.0,884.0,837.0,850.5,850.5,1536558,yahoo
2025-12-04,857.5,865.5,847.0,849.5,849.5,1418052,yahoo
2025-12-05,861.5,873.5,860.0,863.5,863.5,2064607,yahoo
2025-12-08,864.0,870.0,853.0,861.0,861.0,1130459,yahoo
2025-12-09,870.5,887.0,860.0,873.0,873.0,2086342,yahoo
2025-12-10,872.0,873.0,842.5,848.5,848.5,1736509,yahoo
2025-12-11,854.5,863.5,850.5,862.0,862.0,6933217,yahoo
2025-12-12,867.5,876.0,863.0,863.0,863.0,2036107,yahoo
2025-12-15,866.5,893.5,861.0,891.5,891.5,1872142,yahoo
2025-12-16,886.5,902.5,884.0,891.0,891.0,2199559,yahoo
2025-12-17,898.0,903.5,884.0,884.0,884.0,2670215,yahoo
2025-12-18,882.5,894.5,876.0,894.5,894.5,4074514,yahoo
2025-12-19,894.5,904.0,890.5,900.0,900.0,4244750,yahoo
2025-12-22,895.5,900.0,877.18798828125,892.0,892.0,1759036,yahoo
2025-12-23,890.0,904.5,890.0,891.0,891.0,1224395,yahoo
2025-12-24,892.5,895.5,889.0,893.5,893.5,373780,yahoo
2025-12-29,893.5,901.0,884.0,894.0,894.0,1069889,yahoo
2025-12-30,894.0,901.5,889.0,894.5,894.5,772503,yahoo
2025-12-31,892.0,896.5,889.0,891.0,891.0,624511,yahoo
2026-01-02,892.0,901.5,871.0,871.5,871.5,1097546,yahoo
2026-01-05,881.5,893.5,842.5,864.5,864.5,1965639,yahoo
2026-01-06,878.5,884.0,856.5,867.5,867.5,1270717,yahoo
2026-01-07,869.0,874.0,844.5,844.5,844.5,4377216,yahoo
2026-01-08,847.0,871.5,847.0,862.5,862.5,2635410,yahoo
2026-01-09,865.0,870.0,848.0,858.5,858.5,2358316,yahoo
2026-01-12,858.5,867.0,837.0,837.5,837.5,1725622,yahoo
2026-01-13,842.5,843.5,816.9010009765625,821.5,821.5,1864135,yahoo
2026-01-14,824.0,836.5,803.0,812.0,812.0,1889788,yahoo
2026-01-15,813.0,823.0,806.0,810.0,810.0,2405630,yahoo
2026-01-16,804.0,832.5,793.0,832.5,832.5,3093490,yahoo
2026-01-19,820.0,849.5,820.0,834.0,834.0,1954535,yahoo
2026-01-20,920.0,983.25,903.5,967.5,967.5,7513155,yahoo
2026-01-21,961.0,991.5,958.0,980.5,980.5,2976564,yahoo
2026-01-22,985.0,992.5,960.0,974.5,974.5,1663833,yahoo
2026-01-23,976.0,989.0,967.5,975.0,975.0,1505590,yahoo
2026-01-26,975.5,980.0,943.0,951.0,951.0,2223388,yahoo
2026-01-27,958.0,972.5,951.0,951.0,951.0,2049064,yahoo
2026-01-28,952.0,954.5,940.0,952.0,952.0,3429944,yahoo
2026-01-29,958.5,962.0,940.5,945.5,945.5,1502231,yahoo
2026-01-30,947.0,953.9749755859375,941.0,943.0,943.0,1593859,yahoo
2026-02-02,943.0,958.0,937.0,950.5,950.5,2272758,yahoo
2026-02-03,953.0,955.5,895.5,897.5,897.5,2902234,yahoo
2026-02-04,888.0,925.301025390625,877.5,915.5,915.5,1947674,yahoo
2026-02-05,927.0,935.0,891.0,896.5,896.5,1857413,yahoo
2026-02-06,895.5,903.5,876.5,899.0,899.0,1414692,yahoo
2026-02-09,903.0,907.0,890.5,899.5,899.5,1631664,yahoo
2026-02-10,901.0,912.0,893.5,897.0,897.0,1567745,yahoo
2026-02-11,901.5,910.0,886.5,893.5,893.5,3616363,yahoo
2026-02-12,886.5,895.5,861.0,879.0,879.0,2719960,yahoo
2026-02-13,885.0,888.0,861.5,861.5,861.5,1973990,yahoo
2026-02-16,869.5,870.0,841.5,841.5,841.5,1319536,yahoo
2026-02-17,840.0,881.0,840.0,878.0,878.0,1658705,yahoo
2026-02-18,879.0,883.0,857.0,863.0,863.0,1931700,yahoo
2026-02-19,865.0,876.5,854.0,856.5,856.5,2353662,yahoo
2026-02-20,866.0,872.0,857.0,862.5,862.5,1272337,yahoo
2026-02-23,864.0,868.0,827.0,831.5,831.5,1477097,yahoo
2026-02-24,832.5,852.0,828.5,833.0,833.0,1427670,yahoo
2026-02-25,840.0,848.0,825.0,835.0,835.0,3003830,yahoo
2026-02-26,835.5,854.0,824.4979858398438,849.0,849.0,3191823,yahoo
2026-02-27,850.0,860.5,844.5,860.5,860.5,3808650,yahoo
2026-03-02,848.5,877.0,850.5819702148438,869.0,869.0,1670686,yahoo
2026-03-03,869.0,873.0,856.0,872.5,872.5,1923209,yahoo
2026-03-04,880.0,900.0,876.3070068359375,898.0,898.0,1514191,yahoo
2026-03-05,900.0,901.0,873.0,885.5,885.5,3281978,yahoo
2026-03-06,898.0,905.5,880.0,888.5,888.5,1829015,yahoo
2026-03-09,875.5,899.5,869.0,893.0,893.0,1545387,yahoo
2026-03-10,900.0,920.0,889.5,897.5,897.5,1150869,yahoo
2026-03-11,897.0,909.0,889.0,902.0,902.0,884298,yahoo
2026-03-12,897.0,933.0,884.0,885.5,885.5,2615489,yahoo
2026-03-13,896.5,897.5,881.0,885.5,885.5,1164897,yahoo
2026-03-16,884.0,885.5,851.5,884.0,884.0,918258,yahoo
2026-03-17,886.0,904.5,876.802001953125,900.5,900.5,775348,yahoo
2026-03-18,904.5,908.0,886.0,890.5,890.5,949811,yahoo
2026-03-19,890.0,896.5,872.0,874.0,874.0,965478,yahoo
2026-03-20,880.0,884.0,861.5,861.5,861.5,2266609,yahoo
2026-03-23,839.5,889.0,832.0,883.0,883.0,1484729,yahoo
2026-03-24,890.0,894.5,873.8870239257812,875.0,875.0,827365,yahoo
2026-03-25,882.0,919.5,882.0,902.0,902.0,3745696,yahoo
2026-03-26,896.5,902.5,878.5,893.0,893.0,1874216,yahoo
2026-03-27,897.5,908.5,885.0,901.5,901.5,1942624,yahoo
2026-03-30,910.5,916.0,888.0,907.5,907.5,2338077,yahoo
2026-03-31,907.5,919.5,903.0,903.0,903.0,2323540,yahoo
2026-04-01,913.0,925.0,900.5,918.0,918.0,1428863,yahoo
2026-04-02,910.0,933.5,898.0,933.5,933.5,1077026,yahoo
2026-04-07,944.2000122070312,964.0,933.5999755859375,933.5999755859375,933.5999755859375,1427410,yahoo
2026-04-08,948.2000122070312,974.5999755859375,945.5999755859375,969.2000122070312,969.2000122070312,1888984,yahoo
2026-04-09,966.0,985.7999877929688,959.0,964.7999877929688,964.7999877929688,1711329,yahoo
2026-04-10,966.7999877929688,980.4000244140625,963.7999877929688,972.0,972.0,1210512,yahoo
2026-04-13,972.0,1054.5,970.2000122070312,1035.0,1035.0,4706468,yahoo
2026-04-14,1054.5,1054.5,1026.5,1044.5,1044.5,2280337,yahoo
2026-04-15,1049.0,1084.0,1045.0,1083.5,1083.5,1985665,yahoo
2026-04-16,1070.0,1097.5,1058.0,1086.0,1086.0,1937603,yahoo
2026-04-17,1090.0,1099.5,1079.5,1090.5,1090.5,1144866,yahoo
2026-04-20,1084.0,1094.5,1077.5,1082.5,1082.5,954415,yahoo
2026-04-21,1084.0,1101.5,1081.06201171875,1090.0,1090.0,3401153,yahoo
2026-04-22,1081.0,1086.0,1065.5,1082.0,1082.0,1659673,yahoo
2026-04-23,1075.0,1078.5,1047.0,1053.5,1053.5,1102527,yahoo
2026-04-24,1045.0,1055.5,1034.5,1055.5,1055.5,1141370,yahoo
2026-04-27,1056.0,1056.5,1038.5,1054.0,1054.0,1053359,yahoo
2026-04-28,1052.0,1070.0,1048.5,1055.5,1055.5,1534704,yahoo
2026-04-29,1055.0,1055.0,1034.0,1038.0,1038.0,954220,yahoo
2026-04-30,1033.5,1051.5,1029.5,1051.5,1051.5,1094173,yahoo
2026-05-01,1044.0,1083.0,1038.0,1083.0,1083.0,6592896,yahoo
2026-05-05,1083.0,1091.0,1067.0,1077.5,1077.5,1777624,yahoo
2026-05-06,1078.5,1080.0,1043.5,1055.0,1055.0,1121873,yahoo
2026-05-07,1068.5,1075.0,1056.5,1058.0,1058.0,1355229,yahoo
2026-05-08,1054.0,1068.5,1042.8800048828125,1060.0,1060.0,4492828,yahoo
2026-05-11,1100.0,1100.0,1046.199951171875,1081.4000244140625,1081.4000244140625,1475280,yahoo
2026-05-12,1096.5999755859375,1098.5999755859375,1011.0,1040.0,1040.0,3302776,yahoo
2026-05-13,1053.199951171875,1059.199951171875,974.9000244140625,1010.0,1010.0,2347085,yahoo
2026-05-14,1012.0,1018.7849731445312,987.5,1001.0,1001.0,1109454,yahoo
2026-05-15,984.9000244140625,992.5999755859375,933.0999755859375,938.7999877929688,938.7999877929688,1669963,yahoo
2026-05-18,938.0,946.0,920.0,928.0,928.0,1214473,yahoo
2026-05-19,944.0,960.0,912.0,912.0,912.0,1844790,yahoo
2026-05-20,926.0,928.0,900.0,920.0,920.0,929932,yahoo
2026-05-21,924.0,1055.0,908.0,914.0,914.0,1000003,yahoo
2026-05-22,920.0,942.0,914.0,924.0,924.0,1635698,yahoo
2026-05-26,934.0,1005.0,922.0,944.0,944.0,852277,yahoo
2026-05-27,952.0,1025.0,928.0,936.0,936.0,834348,yahoo
2026-05-28,940.0,952.0,900.0,918.0,918.0,2041770,yahoo
2026-05-29,918.0,966.0,916.0,934.0,934.0,8395183,yahoo
2026-06-01,920.0,930.0,754.0,858.0,858.0,7143607,yahoo
2026-06-02,866.0,888.0,844.0,868.0,868.0,2355123,yahoo
2026-06-03,858.0,858.0,796.0,810.0,810.0,3795800,yahoo
2026-06-04,806.0,848.0,794.0,826.0,826.0,2860829,yahoo
2026-06-05,822.0,850.0,806.0,826.0,826.0,1649161,yahoo
2026-06-08,820.0,834.0,810.0,828.0,828.0,1192583,yahoo
2026-06-09,812.0,850.0,763.7999877929688,782.0,782.0,4795466,yahoo
2026-06-10,786.0,796.0,776.0,792.0,792.0,1671666,yahoo
2026-06-11,788.0,802.0,784.0,786.0,786.0,1759701,yahoo
2026-06-12,794.0,806.0,784.0,804.0,804.0,1991574,yahoo
2026-06-15,812.0,836.0,812.0,826.0,826.0,2530451,yahoo
2026-06-16,826.0,852.0,822.0,842.0,842.0,1316834,yahoo
2026-06-17,846.0,908.0,832.0,840.0,840.0,1492794,yahoo
2026-06-18,836.0,906.0,816.0,820.0,820.0,1454540,yahoo
2026-06-19,818.0,826.0,814.0,818.0,818.0,2839164,yahoo
2026-06-22,818.0,838.0,816.0,824.0,824.0,1266542,yahoo
2026-06-23,812.0,834.0,802.0,824.0,824.0,1554101,yahoo
2026-06-24,826.0,849.2000122070312,811.0,838.7999877929688,838.7999877929688,1009491,yahoo
2026-06-25,836.2000122070312,843.7999877929688,810.4000244140625,830.0,830.0,1160146,yahoo
2026-06-26,844.5999755859375,912.0,844.5999755859375,910.0,910.0,3308518,yahoo
2026-06-29,907.5999755859375,928.4000244140625,902.4000244140625,910.4000244140625,910.4000244140625,1723846,yahoo
2026-06-30,920.0,934.4000244140625,904.2000122070312,904.2000122070312,904.2000122070312,2377122,yahoo
2026-07-01,894.2000122070312,932.2000122070312,880.0,927.5999755859375,927.5999755859375,4295301,yahoo
2026-07-02,928.5999755859375,972.5999755859375,924.5999755859375,960.5999755859375,960.5999755859375,1718948,yahoo
2026-07-03,974.7999877929688,982.7999877929688,956.6500244140625,963.0,963.0,1079828,yahoo
2026-07-06,967.2000122070312,988.2000122070312,961.4000244140625,970.0,970.0,1694724,yahoo
2026-07-07,976.4000244140625,987.7999877929688,969.0,970.0,970.0,2340828,yahoo
2026-07-08,959.4000244140625,979.0,942.7999877929688,957.4000244140625,957.4000244140625,1278923,yahoo
2026-07-09,956.2000122070312,972.5999755859375,939.2999877929688,947.0,947.0,1468097,yahoo
2026-07-10,930.2000122070312,962.7999877929688,928.9429931640625,952.0,952.0,1286449,yahoo
2026-07-13,937.0,963.5999755859375,937.0,955.0,955.0,5458854,yahoo
2026-07-14,951.4000244140625,966.4000244140625,929.2000122070312,945.7999877929688,945.7999877929688,1703330,yahoo
2026-07-15,944.7999877929688,964.2000122070312,936.7999877929688,960.2000122070312,960.2000122070312,2696721,yahoo
2026-07-16,960.0,960.0,942.5999755859375,948.7999877929688,948.7999877929688,2800449,yahoo
2026-07-17,947.0,1091.0,895.4000244140625,917.0,917.0,2417492,yahoo
2026-07-20,924.0,943.7999877929688,901.7999877929688,917.2000122070312,917.2000122070312,1449759,yahoo
2026-07-21,917.7999877929688,936.5999755859375,905.5999755859375,928.2000122070312,928.2000122070312,1231232,yahoo
2026-07-22,934.2000122070312,942.4000244140625,922.5999755859375,925.5999755859375,925.5999755859375,928690,yahoo
2026-07-23,923.0,925.7999877929688,902.2000122070312,905.4000244140625,905.4000244140625,787170,yahoo
2026-07-24,874.4000244140625,885.5999755859375,806.2000122070312,861.0,861.0,2953740,yahoo
2026-07-27,862.2000122070312,889.7999877929688,849.0,889.5999755859375,889.5999755859375,1382559,yahoo
2026-07-28,895.5999755859375,906.2000122070312,885.0,894.5999755859375,894.5999755859375,3199516,yahoo
2026-07-29,904.0,907.5999755859375,886.2000122070312,893.7999877929688,893.7999877929688,840823,yahoo
2026-07-30,891.0,901.4000244140625,887.5999755859375,894.2000122070312,894.2000122070312,891323,yahoo
2026-07-31,896.7999877929688,911.0,885.5999755859375,885.5999755859375,885.5999755859375,1522858,yahoo
2026-08-03,885.5999755859375,911.0,884.7999877929688,904.2000122070312,904.2000122070312,983012,yahoo
2026-08-04,900.0,918.5999755859375,898.7999877929688,905.5999755859375,905.5999755859375,2867349,yahoo
2026-08-05,908.0,914.7999877929688,895.2000122070312,901.7999877929688,901.7999877929688,4220832,yahoo
2026-08-06,899.5999755859375,925.0,896.5999755859375,915.7999877929688,915.7999877929688,4916864,yahoo
2026-08-07,915.7999877929688,933.5999755859375,913.7999877929688,915.7999877929688,915.7999877929688,783085,yahoo
2026-08-10,916.7999877929688,934.2000122070312,909.5999755859375,928.0,928.0,771314,yahoo
2026-08-11,930.0,952.7999877929688,915.7999877929688,947.0,947.0,1037606,yahoo
2026-08-12,947.0,947.0,906.0,906.7999877929688,906.7999877929688,1161737,yahoo
2026-08-13,911.5999755859375,943.7999877929688,910.7999877929688,939.0,939.0,1801363,yahoo
2026-08-14,945.0,969.0,911.5999755859375,963.0,963.0,1176266,yahoo
2026-08-17,961.4000244140625,979.4000244140625,954.0,955.0,955.0,824331,yahoo
2026-08-18,950.0,959.5999755859375,941.7999877929688,942.2000122070312,942.2000122070312,931218,yahoo
2026-08-19,936.4000244140625,941.4000244140625,917.7470092773438,933.0,933.0,2440375,yahoo
2026-08-20,934.7999877929688,934.7999877929688,913.4000244140625,919.4000244140625,919.4000244140625,619398,yahoo
2026-08-21,922.4000244140625,946.7999877929688,910.2000122070312,946.7999877929688,946.7999877929688,961652,yahoo
2026-08-24,950.0,963.5999755859375,945.7999877929688,959.5999755859375,959.5999755859375,854379,yahoo
2026-08-25,954.0,970.5999755859375,949.3599853515625,961.5999755859375,961.5999755859375,1063019,yahoo
2026-08-26,950.0,978.2000122070312,940.7999877929688,970.0,970.0,1926428,yahoo
2026-08-27,977.0,1005.0,970.0,980.2000122070312,980.2000122070312,990068,yahoo
2026-08-28,979.5999755859375,984.4000244140625,950.4000244140625,971.4000244140625,971.4000244140625,3290885,yahoo
2026-09-01,943.2000122070312,964.7999877929688,938.0,960.0,960.0,1487010,yahoo
2026-09-02,954.0,981.4000244140625,949.7999877929688,973.2000122070312,973.2000122070312,1272306,yahoo
2026-09-03,970.5999755859375,995.2000122070312,962.2000122070312,971.7999877929688,971.7999877929688,834392,yahoo
2026-09-04,977.0,980.0,943.4000244140625,943.4000244140625,943.4000244140625,1090286,yahoo
2026-09-07,940.0,945.0,924.7999877929688,930.7999877929688,930.7999877929688,694718,yahoo
2026-09-08,925.5999755859375,939.0,919.5999755859375,925.2000122070312,925.2000122070312,1401885,yahoo
2026-09-09,912.4000244140625,934.4000244140625,906.0,915.2000122070312,915.2000122070312,1827670,yahoo
2026-09-10,913.0,913.5999755859375,883.2000122070312,886.2000122070312,886.2000122070312,1302310,yahoo
2026-09-11,884.2000122070312,891.7999877929688,872.0,890.0,890.0,925340,yahoo
2026-09-14,890.4000244140625,906.7999877929688,887.0,889.7999877929688,889.7999877929688,1012939,yahoo
2026-09-15,881.2000122070312,885.0,864.2000122070312,866.7999877929688,866.7999877929688,796756,yahoo
2026-09-16,862.4000244140625,876.7999877929688,851.0,864.0,864.0,1777383,yahoo
2026-09-17,870.0,887.72998046875,861.0,877.0,877.0,1692009,yahoo
2026-09-18,875.0,879.4000244140625,858.9140014648438,859.0,859.0,2979587,yahoo
2026-09-21,850.0,862.7999877929688,846.0,856.4000244140625,856.4000244140625,1353556,yahoo
2026-09-22,863.7999877929688,883.7999877929688,857.75,867.0,867.0,868564,yahoo
2026-09-23,868.5999755859375,871.5999755859375,851.4000244140625,858.7999877929688,858.7999877929688,724762,yahoo
2026-09-24,858.4000244140625,864.4000244140625,845.5999755859375,845.5999755859375,845.5999755859375,983990,yahoo
2026-09-25,850.2000122070312,870.3800048828125,841.7999877929688,867.4000244140625,867.4000244140625,1641931,yahoo
2026-09-28,865.0,868.2000122070312,853.2000122070312,858.7999877929688,858.7999877929688,1397149,yahoo
2026-09-29,864.0,876.7999877929688,849.0,849.0,849.0,1392330,yahoo
2026-09-30,856.0,868.0,853.0,864.4000244140625,864.4000244140625,1345869,yahoo
2026-10-01,855.0,866.4000244140625,839.7529907226562,845.0,845.0,1978328,yahoo
2026-10-02,857.5999755859375,874.2000122070312,845.0,854.7999877929688,854.7999877929688,1586351,yahoo
2026-10-05,863.7999877929688,878.0,849.0,874.0,874.0,1742361,yahoo
